/**
 * Lume sudoku pack — generated, do not hand-edit.
 * Regenerate from the xphone-os directory with:
 *   python3 tools/lume-games/gen_sudoku_pack.py --out src/games/pack/SudokuPack.h --easy 128 --medium 256 --hard 128 --seed 20260819
 * Seed 20260819. The emitted bytes depend on nothing else.
 *
 * Every entry was verified to have exactly ONE solution and was kept only
 * if the techniques a human needs match its tier:
 *   kEasy    naked singles + hidden singles, nothing else
 *   kMedium  also locked candidates (pointing/claiming) and/or naked pairs
 *   kHard    unique, but beyond those techniques
 *
 *   tier     puzzles  givens min/avg/max
 *   kEasy        128  34/38.0/42
 *   kMedium      256  28/29.2/34
 *   kHard        128  22/24.4/28
 */
#pragma once

#include <cstdint>

namespace sudoku_pack {

constexpr int kBytes = 41;  // 81 cells, one nibble each, EVEN cell in the HIGH nibble, 0 = empty

constexpr uint8_t kEasy[][kBytes] = {
    {0x00, 0x79, 0x02, 0x01, 0x80, 0x10, 0x00, 0x00, 0x40, 0x02, 0x01, 0x40, 0x70, 0x90, 0x52, 0x30,
     0x49, 0x87, 0x40, 0x90, 0x80, 0x30, 0x00, 0x00, 0x71, 0x90, 0x20, 0x03, 0x00, 0x00, 0x89, 0x02,
     0x00, 0x60, 0x71, 0x50, 0x50, 0x00, 0x00, 0x00, 0x30},  // #0 37 givens
    {0x00, 0x60, 0x00, 0x80, 0x10, 0x50, 0x00, 0x17, 0x46, 0x07, 0x20, 0x60, 0x53, 0x00, 0x20, 0x08,
     0x00, 0x07, 0x78, 0x00, 0x06, 0x21, 0x56, 0x40, 0x50, 0x20, 0x03, 0x20, 0x89, 0x17, 0x05, 0x00,
     0x04, 0x60, 0x00, 0x08, 0x51, 0x00, 0x04, 0x60, 0x20},  // #1 41 givens
    {0x50, 0x40, 0x32, 0x60, 0x12, 0x80, 0x90, 0x70, 0x50, 0x73, 0x00, 0x15, 0x00, 0x99, 0x53, 0x60,
     0x40, 0x27, 0x60, 0x70, 0x00, 0x80, 0x40, 0x00, 0x20, 0x00, 0x65, 0x00, 0x00, 0x00, 0x70, 0x08,
     0x05, 0x09, 0x63, 0x12, 0x00, 0x03, 0x40, 0x00, 0x00},  // #2 40 givens
    {0x00, 0x00, 0x50, 0x00, 0x80, 0x06, 0x24, 0x05, 0x09, 0x97, 0x53, 0x00, 0x02, 0x00, 0x50, 0x98,
     0x07, 0x00, 0x80, 0x04, 0x05, 0x21, 0x00, 0x34, 0x60, 0x70, 0x00, 0x00, 0x80, 0x90, 0x04, 0x77,
     0x00, 0x00, 0x00, 0x80, 0x00, 0x30, 0x04, 0x00, 0x20},  // #3 34 givens
    {0x04, 0x07, 0x10, 0x00, 0x56, 0x91, 0x00, 0x80, 0x00, 0x05, 0x00, 0x40, 0x01, 0x20, 0x13, 0x06,
     0x50, 0x80, 0x70, 0x40, 0x80, 0x00, 0x38, 0x00, 0x09, 0x06, 0x41, 0x07, 0x08, 0x39, 0x10, 0x01,
     0x00, 0x60, 0x07, 0x08, 0x50, 0x62, 0x70, 0x40, 0x00},  // #4 40 givens
    {0x29, 0x86, 0x00, 0x54, 0x06, 0x54, 0x08, 0x71, 0x00, 0x70, 0x04, 0x00, 0x06, 0x00, 0x49, 0x00,
     0x02, 0x80, 0x02, 0x60, 0x01, 0x07, 0x30, 0x75, 0x02, 0x00, 0x16, 0x00, 0x09, 0x04, 0x02, 0x19,
     0x02, 0x07, 0x80, 0x00, 0x40, 0x10, 0x00, 0x00, 0x80},  // #5 40 givens
    {0x38, 0x59, 0x60, 0x74, 0x10, 0x07, 0x05, 0x00, 0x09, 0x02, 0x10, 0x70, 0x00, 0x02, 0x16, 0x00,
     0x03, 0x08, 0x70, 0x32, 0x00, 0x00, 0x00, 0x90, 0x50, 0x16, 0x00, 0x03, 0x00, 0x20, 0x10, 0x70,
     0x00, 0x00, 0x94, 0x06, 0x06, 0x08, 0x07, 0x59, 0x00},  // #6 38 givens
    {0x00, 0x00, 0x58, 0x27, 0x10, 0x00, 0x43, 0x00, 0x60, 0x08, 0x50, 0x72, 0x40, 0x95, 0x42, 0x00,
     0x06, 0x07, 0x03, 0x00, 0x84, 0x00, 0x20, 0x19, 0x26, 0x03, 0x45, 0x00, 0x30, 0x90, 0x00, 0x40,
     0x00, 0x70, 0x50, 0x00, 0x07, 0x83, 0x01, 0x90, 0x00},  // #7 40 givens
    {0x00, 0x03, 0x00, 0x91, 0x00, 0x30, 0x05, 0x14, 0x80, 0x00, 0x40, 0x00, 0x05, 0x34, 0x07, 0x69,
     0x01, 0x08, 0x01, 0x84, 0x00, 0x00, 0x00, 0x05, 0x01, 0x02, 0x49, 0x04, 0x00, 0x80, 0x00, 0x70,
     0x56, 0x07, 0x00, 0x01, 0x09, 0x15, 0x20, 0x80, 0x00},  // #8 37 givens
    {0x00, 0x08, 0x97, 0x00, 0x15, 0x09, 0x00, 0x47, 0x80, 0x68, 0x03, 0x00, 0x29, 0x02, 0x96, 0x00,
     0x30, 0x00, 0x17, 0x84, 0x06, 0x02, 0x90, 0x00, 0x00, 0x06, 0x08, 0x05, 0x09, 0x02, 0x00, 0x07,
     0x60, 0x50, 0x00, 0x02, 0x94, 0x07, 0x00, 0x85, 0x60},  // #9 40 givens
    {0x30, 0x00, 0x07, 0x29, 0x85, 0x00, 0x62, 0x07, 0x04, 0x70, 0x80, 0x93, 0x06, 0x52, 0x06, 0x04,
     0x05, 0x01, 0x00, 0x70, 0x00, 0x00, 0x01, 0x09, 0x80, 0x06, 0x00, 0x00, 0x00, 0x00, 0x00, 0x78,
     0x10, 0x75, 0x00, 0x06, 0x90, 0x00, 0x00, 0x41, 0x30},  // #10 36 givens
    {0x07, 0x25, 0x36, 0x00, 0x46, 0x00, 0x12, 0x40, 0x83, 0x00, 0x00, 0x07, 0x05, 0x29, 0x20, 0x00,
     0x05, 0x60, 0x00, 0x50, 0x09, 0x00, 0x11, 0x00, 0x26, 0x50, 0x40, 0x70, 0x13, 0x00, 0x00, 0x65,
     0x03, 0x64, 0x00, 0x00, 0x20, 0x60, 0x71, 0x43, 0x50},  // #11 42 givens
    {0x00, 0x86, 0x07, 0x00, 0x30, 0x00, 0x80, 0x00, 0x50, 0x10, 0x00, 0x34, 0x00, 0x00, 0x19, 0x00,
     0x32, 0x60, 0x30, 0x02, 0x00, 0x40, 0x00, 0x00, 0x40, 0x03, 0x70, 0x50, 0x17, 0x89, 0x63, 0x48,
     0x07, 0x00, 0x00, 0x90, 0x00, 0x00, 0x40, 0x78, 0x20},  // #12 35 givens
    {0x07, 0x00, 0x60, 0x40, 0x13, 0x00, 0x02, 0x10, 0x80, 0x00, 0x08, 0x00, 0x00, 0x07, 0x08, 0x00,
     0x00, 0x15, 0x29, 0x10, 0x00, 0x07, 0x05, 0x03, 0x10, 0x09, 0x00, 0x08, 0x00, 0x14, 0x26, 0x30,
     0x02, 0x79, 0x38, 0x00, 0x40, 0x50, 0x80, 0x00, 0x70},  // #13 36 givens
    {0x30, 0x50, 0x46, 0x00, 0x22, 0x08, 0x35, 0x70, 0x00, 0x04, 0x00, 0x90, 0x35, 0x10, 0x80, 0x00,
     0x06, 0x00, 0x90, 0x00, 0x00, 0x51, 0x40, 0x37, 0x56, 0x02, 0x98, 0x60, 0x09, 0x00, 0x00, 0x08,
     0x09, 0x67, 0x40, 0x00, 0x10, 0x42, 0x00, 0x90, 0x00},  // #14 39 givens
    {0x30, 0x00, 0x00, 0x20, 0x05, 0x00, 0x06, 0x00, 0x07, 0x71, 0x05, 0x20, 0x06, 0x08, 0x07, 0x69,
     0x25, 0x10, 0x96, 0x07, 0x00, 0x02, 0x02, 0x50, 0x30, 0x00, 0x06, 0x00, 0x02, 0x39, 0x60, 0x00,
     0x09, 0x85, 0x04, 0x32, 0x00, 0x24, 0x01, 0x90, 0x50},  // #15 40 givens
    {0x20, 0x94, 0x00, 0x16, 0x04, 0x30, 0x00, 0x10, 0x90, 0x06, 0x02, 0x00, 0x00, 0x00, 0x00, 0x74,
     0x39, 0x50, 0x00, 0x00, 0x00, 0x84, 0x00, 0x94, 0x58, 0x27, 0x06, 0x30, 0x00, 0x00, 0x50, 0x00,
     0x07, 0x05, 0x06, 0x20, 0x00, 0x29, 0x78, 0x41, 0x00},  // #16 37 givens
    {0x71, 0x80, 0x03, 0x00, 0x24, 0x93, 0x16, 0x20, 0x00, 0x00, 0x00, 0x70, 0x00, 0x18, 0x00, 0x70,
     0x00, 0x05, 0x20, 0x18, 0x59, 0x30, 0x45, 0x30, 0x00, 0x60, 0x00, 0x04, 0x00, 0x80, 0x50, 0x00,
     0x50, 0x60, 0x14, 0x90, 0x00, 0x20, 0x45, 0x10, 0x60},  // #17 39 givens
    {0x08, 0x00, 0x10, 0x72, 0x50, 0x06, 0x00, 0x74, 0x00, 0x00, 0x25, 0x00, 0x03, 0x90, 0x00, 0x07,
     0x38, 0x90, 0x04, 0x08, 0x02, 0x57, 0x60, 0x70, 0x40, 0x50, 0x10, 0x05, 0x47, 0x00, 0x00, 0x20,
     0x37, 0x60, 0x10, 0x58, 0x00, 0x00, 0x58, 0x34, 0x70},  // #18 41 givens
    {0x00, 0x06, 0x21, 0x70, 0x80, 0x09, 0x30, 0x06, 0x01, 0x60, 0x00, 0x05, 0x00, 0x01, 0x08, 0x06,
     0x29, 0x07, 0x70, 0x50, 0x49, 0x02, 0x30, 0x02, 0x08, 0x30, 0x60, 0x80, 0x02, 0x50, 0x00, 0x90,
     0x96, 0x40, 0x73, 0x82, 0x00, 0x70, 0x38, 0x00, 0x00},  // #19 41 givens
    {0x00, 0x07, 0x01, 0x04, 0x50, 0x54, 0x60, 0x00, 0x00, 0x00, 0x00, 0x00, 0x60, 0x95, 0x60, 0x02,
     0x79, 0x10, 0x00, 0x00, 0x30, 0x00, 0x62, 0x41, 0x06, 0x07, 0x00, 0x49, 0x03, 0x70, 0x00, 0x83,
     0x00, 0x05, 0x04, 0x02, 0x00, 0x50, 0x10, 0x30, 0x70},  // #20 35 givens
    {0x07, 0x42, 0x51, 0x03, 0x09, 0x00, 0x00, 0x30, 0x58, 0x00, 0x00, 0x08, 0x01, 0x20, 0x05, 0x82,
     0x00, 0x70, 0x00, 0x00, 0x70, 0x00, 0x30, 0x00, 0x01, 0x90, 0x05, 0x03, 0x00, 0x07, 0x69, 0x00,
     0x90, 0x13, 0x05, 0x80, 0x51, 0x06, 0x90, 0x00, 0x70},  // #21 36 givens
    {0x00, 0x00, 0x90, 0x08, 0x20, 0x00, 0x32, 0x01, 0x06, 0x04, 0x60, 0x78, 0x03, 0x06, 0x02, 0x00,
     0x93, 0x58, 0x00, 0x50, 0x63, 0x01, 0x40, 0x10, 0x00, 0x27, 0x69, 0x00, 0x40, 0x80, 0x59, 0x10,
     0x50, 0x94, 0x06, 0x00, 0x12, 0x05, 0x36, 0x00, 0x00},  // #22 42 givens
    {0x81, 0x49, 0x65, 0x03, 0x20, 0x09, 0x30, 0x05, 0x01, 0x00, 0x01, 0x00, 0x00, 0x00, 0x05, 0x71,
     0x03, 0x00, 0x00, 0x05, 0x40, 0x10, 0x71, 0x07, 0x80, 0x24, 0x50, 0x07, 0x60, 0x50, 0x01, 0x05,
     0x08, 0x03, 0x10, 0x74, 0x04, 0x00, 0x08, 0x90, 0x50},  // #23 41 givens
    {0x02, 0x80, 0x30, 0x10, 0x90, 0x01, 0x20, 0x70, 0x00, 0x04, 0x61, 0x98, 0x00, 0x50, 0x37, 0x91,
     0x26, 0x00, 0x60, 0x28, 0x00, 0x00, 0x39, 0x00, 0x36, 0x00, 0x80, 0x00, 0x00, 0x81, 0x00, 0x22,
     0x85, 0x04, 0x37, 0x01, 0x00, 0x00, 0x09, 0x80, 0x00},  // #24 40 givens
    {0x00, 0x63, 0x09, 0x24, 0x10, 0x02, 0x00, 0x05, 0x00, 0x05, 0x01, 0x00, 0x70, 0x00, 0x87, 0x00,
     0x31, 0x60, 0x93, 0x02, 0x10, 0x00, 0x86, 0x01, 0x80, 0x00, 0x20, 0x00, 0x00, 0x80, 0x00, 0x05,
     0x28, 0x63, 0x00, 0x14, 0x06, 0x05, 0x92, 0x80, 0x00},  // #25 38 givens
    {0x02, 0x87, 0x00, 0x09, 0x09, 0x00, 0x24, 0x08, 0x00, 0x30, 0x01, 0x90, 0x00, 0x08, 0x59, 0x00,
     0x00, 0x00, 0x16, 0x48, 0x30, 0x20, 0x07, 0x30, 0x40, 0x16, 0x00, 0x40, 0x00, 0x16, 0x00, 0x80,
     0x80, 0x00, 0x45, 0x60, 0x69, 0x35, 0x00, 0x41, 0x00},  // #26 39 givens
    {0x60, 0x00, 0x84, 0x02, 0x09, 0x13, 0x20, 0x58, 0x04, 0x24, 0x86, 0x01, 0x00, 0x50, 0x01, 0x00,
     0x00, 0x00, 0x00, 0x03, 0x08, 0x10, 0x95, 0x00, 0x01, 0x60, 0x02, 0x48, 0x01, 0x50, 0x07, 0x03,
     0x56, 0x00, 0x00, 0x18, 0x19, 0x78, 0x00, 0x04, 0x30},  // #27 42 givens
    {0x65, 0x00, 0x00, 0x00, 0x03, 0x01, 0x00, 0x05, 0x74, 0x08, 0x20, 0x45, 0x00, 0x95, 0x60, 0x03,
     0x09, 0x48, 0x00, 0x38, 0x00, 0x15, 0x70, 0x00, 0x00, 0x43, 0x62, 0x10, 0x00, 0x87, 0x40, 0x08,
     0x40, 0x01, 0x07, 0x06, 0x07, 0x00, 0x03, 0x80, 0x10},  // #28 40 givens
    {0x00, 0x09, 0x00, 0x00, 0x27, 0x00, 0x06, 0x50, 0x08, 0x04, 0x10, 0x82, 0x00, 0x06, 0x00, 0x42,
     0x08, 0x50, 0x40, 0x01, 0x00, 0x29, 0x02, 0x90, 0x05, 0x70, 0x00, 0x06, 0x00, 0x00, 0x02, 0x01,
     0x82, 0x50, 0x06, 0x70, 0x03, 0x00, 0x40, 0x18, 0x50},  // #29 36 givens
    {0x20, 0x47, 0x50, 0x00, 0x30, 0x70, 0x00, 0x00, 0x84, 0x80, 0x00, 0x49, 0x75, 0x04, 0x20, 0x50,
     0x31, 0x00, 0x50, 0x64, 0x10, 0x03, 0x70, 0x00, 0x60, 0x04, 0x05, 0x70, 0x00, 0x00, 0x54, 0x06,
     0x00, 0x00, 0x53, 0x78, 0x10, 0x00, 0x00, 0x00, 0x00},  // #30 36 givens
    {0x20, 0x85, 0x70, 0x40, 0x10, 0x03, 0x00, 0x06, 0x00, 0x01, 0x74, 0x30, 0x00, 0x84, 0x09, 0x20,
     0x50, 0x07, 0x07, 0x08, 0x14, 0x05, 0x60, 0x50, 0x70, 0x38, 0x00, 0x00, 0x10, 0x07, 0x04, 0x07,
     0x05, 0x30, 0x00, 0x09, 0x03, 0x00, 0x21, 0x00, 0x00},  // #31 38 givens
    {0x00, 0x10, 0x00, 0x30, 0x00, 0x06, 0x00, 0x04, 0x02, 0x90, 0x26, 0x01, 0x08, 0x01, 0x04, 0x09,
     0x20, 0x03, 0x82, 0x03, 0x06, 0x05, 0x05, 0x39, 0x17, 0x00, 0x20, 0x00, 0x00, 0x60, 0x04, 0x16,
     0x70, 0x01, 0x09, 0x05, 0x40, 0x37, 0x50, 0x20, 0x00},  // #32 39 givens
    {0x10, 0x52, 0x09, 0x00, 0x80, 0x20, 0x00, 0x73, 0x01, 0x78, 0x31, 0x00, 0x00, 0x08, 0x00, 0x90,
     0x25, 0x74, 0x00, 0x14, 0x60, 0x90, 0x00, 0x09, 0x75, 0x81, 0x36, 0x40, 0x80, 0x00, 0x00, 0x00,
     0x00, 0x80, 0x14, 0x93, 0x09, 0x26, 0x00, 0x81, 0x00},  // #33 42 givens
    {0x05, 0x02, 0x10, 0x90, 0x00, 0x40, 0x03, 0x02, 0x00, 0x27, 0x90, 0x40, 0x10, 0x08, 0x20, 0x00,
     0x00, 0x09, 0x40, 0x30, 0x00, 0x75, 0x15, 0x97, 0x00, 0x43, 0x28, 0x08, 0x03, 0x21, 0x60, 0x00,
     0x00, 0x50, 0x60, 0x02, 0x01, 0x00, 0x08, 0x09, 0x00},  // #34 38 givens
    {0x82, 0x09, 0x40, 0x00, 0x00, 0x96, 0x00, 0x84, 0x51, 0x70, 0x50, 0x01, 0x00, 0x20, 0x03, 0x10,
     0x00, 0x40, 0x00, 0x00, 0x34, 0x91, 0x00, 0x17, 0x89, 0x62, 0x35, 0x60, 0x04, 0x00, 0x08, 0x90,
     0x00, 0x00, 0x00, 0x00, 0x58, 0x07, 0x19, 0x00, 0x60},  // #35 39 givens
    {0x00, 0x02, 0x51, 0x79, 0x02, 0x00, 0x00, 0x90, 0x60, 0x10, 0x50, 0x60, 0x30, 0x00, 0x00, 0x84,
     0x09, 0x16, 0x41, 0x69, 0x70, 0x00, 0x00, 0x80, 0x00, 0x00, 0x00, 0x62, 0x00, 0x00, 0x04, 0x90,
     0x08, 0x19, 0x70, 0x32, 0x00, 0x10, 0x06, 0x80, 0x70},  // #36 37 givens
    {0x50, 0x86, 0x70, 0x02, 0x00, 0x71, 0x00, 0x40, 0x00, 0x04, 0x00, 0x29, 0x00, 0x00, 0x37, 0x94,
     0x60, 0x50, 0x00, 0x40, 0x00, 0x07, 0x09, 0x50, 0x08, 0x76, 0x04, 0x46, 0x02, 0x00, 0x51, 0x77,
     0x05, 0x46, 0x02, 0x00, 0x00, 0x07, 0x15, 0x04, 0x60},  // #37 41 givens
    {0x09, 0x76, 0x04, 0x30, 0x10, 0x00, 0x02, 0x89, 0x05, 0x02, 0x07, 0x00, 0x68, 0x00, 0x00, 0x40,
     0x90, 0x00, 0x00, 0x00, 0x06, 0x09, 0x09, 0x46, 0x00, 0x21, 0x57, 0x60, 0x90, 0x40, 0x01, 0x01,
     0x05, 0x06, 0x02, 0x43, 0x00, 0x43, 0x00, 0x06, 0x90},  // #38 39 givens
    {0x57, 0x01, 0x90, 0x64, 0x02, 0x46, 0x00, 0x05, 0x91, 0x31, 0x90, 0x00, 0x07, 0x21, 0x30, 0x46,
     0x00, 0x00, 0x60, 0x40, 0x87, 0x00, 0x50, 0x85, 0x01, 0x03, 0x60, 0x40, 0x07, 0x08, 0x03, 0x00,
     0x20, 0x00, 0x00, 0x50, 0x00, 0x00, 0x54, 0x21, 0x70},  // #39 42 givens
    {0x17, 0x00, 0x36, 0x05, 0x00, 0x00, 0x70, 0x10, 0x69, 0x06, 0x00, 0x80, 0x00, 0x70, 0x00, 0x00,
     0x00, 0x15, 0x09, 0x00, 0x03, 0x00, 0x60, 0x02, 0x96, 0x04, 0x83, 0x98, 0x00, 0x00, 0x30, 0x00,
     0x40, 0x87, 0x00, 0x01, 0x70, 0x00, 0x05, 0x64, 0x00},  // #40 34 givens
    {0x00, 0x14, 0x00, 0x03, 0x80, 0x39, 0x07, 0x64, 0x00, 0x00, 0x60, 0x00, 0x20, 0x00, 0x40, 0x00,
     0x05, 0x03, 0x09, 0x00, 0x02, 0x80, 0x06, 0x03, 0x90, 0x01, 0x00, 0x01, 0x00, 0x00, 0x98, 0x50,
     0x00, 0x30, 0x07, 0x02, 0x07, 0x05, 0x21, 0x30, 0x60},  // #41 34 givens
    {0x00, 0x90, 0x80, 0x00, 0x00, 0x07, 0x09, 0x58, 0x00, 0x82, 0x07, 0x06, 0x40, 0x07, 0x10, 0x00,
     0x20, 0x00, 0x40, 0x01, 0x60, 0x50, 0x00, 0x90, 0x07, 0x03, 0x16, 0x07, 0x03, 0x58, 0x64, 0x06,
     0x30, 0x02, 0x71, 0x00, 0x20, 0x80, 0x00, 0x00, 0x30},  // #42 37 givens
    {0x00, 0x90, 0x23, 0x80, 0x50, 0x05, 0x40, 0x07, 0x60, 0x78, 0x00, 0x09, 0x10, 0x08, 0x10, 0x90,
     0x50, 0x73, 0x60, 0x71, 0x00, 0x00, 0x00, 0x03, 0x00, 0x09, 0x00, 0x03, 0x10, 0x00, 0x05, 0x80,
     0x56, 0x09, 0x40, 0x07, 0x00, 0x00, 0x01, 0x00, 0x00},  // #43 34 givens
    {0x81, 0x74, 0x03, 0x25, 0x09, 0x02, 0x60, 0x00, 0x01, 0x04, 0x08, 0x20, 0x00, 0x00, 0x08, 0x07,
     0x90, 0x00, 0x45, 0x02, 0x86, 0x00, 0x00, 0x20, 0x34, 0x00, 0x09, 0x20, 0x37, 0x10, 0x60, 0x01,
     0x00, 0x53, 0x00, 0x00, 0x50, 0x09, 0x60, 0x03, 0x20},  // #44 39 givens
    {0x70, 0x10, 0x50, 0x00, 0x03, 0x00, 0x10, 0x04, 0x62, 0x24, 0x00, 0x00, 0x05, 0x00, 0x08, 0x00,
     0x72, 0x10, 0x40, 0x00, 0x00, 0x70, 0x66, 0x72, 0x03, 0x00, 0x49, 0x00, 0x60, 0x40, 0x30, 0x10,
     0x07, 0x90, 0x80, 0x00, 0x19, 0x46, 0x23, 0x07, 0x50},  // #45 39 givens
    {0x00, 0x95, 0x80, 0x10, 0x00, 0x00, 0x91, 0x07, 0x03, 0x20, 0x50, 0x30, 0x09, 0x80, 0x30, 0x80,
     0x12, 0x49, 0x10, 0x23, 0x09, 0x00, 0x50, 0x00, 0x02, 0x00, 0x60, 0x60, 0x00, 0x03, 0x50, 0x04,
     0x58, 0x00, 0x76, 0x30, 0x72, 0x36, 0x00, 0x00, 0x00},  // #46 39 givens
    {0x20, 0x30, 0x06, 0x04, 0x06, 0x74, 0x20, 0x91, 0x03, 0x00, 0x00, 0x50, 0x70, 0x20, 0x42, 0x71,
     0x50, 0x09, 0x98, 0x03, 0x60, 0x07, 0x57, 0x60, 0x00, 0x23, 0x10, 0x03, 0x60, 0x40, 0x52, 0x04,
     0x97, 0x00, 0x00, 0x00, 0x50, 0x00, 0x00, 0x00, 0x10},  // #47 41 givens
    {0x08, 0x04, 0x62, 0x09, 0x32, 0x63, 0x00, 0x00, 0x40, 0x49, 0x50, 0x00, 0x20, 0x05, 0x72, 0x08,
     0x09, 0x00, 0x14, 0x07, 0x00, 0x03, 0x66, 0x00, 0x00, 0x00, 0x00, 0x82, 0x01, 0x00, 0x00, 0x00,
     0x00, 0x04, 0x00, 0x00, 0x00, 0x60, 0x98, 0x07, 0x10},  // #48 34 givens
    {0x40, 0x00, 0x00, 0x30, 0x03, 0x00, 0x51, 0x20, 0x00, 0x06, 0x20, 0x34, 0x09, 0x50, 0x00, 0x05,
     0x04, 0x00, 0x00, 0x17, 0x48, 0x00, 0x09, 0x80, 0x62, 0x30, 0x17, 0x81, 0x04, 0x07, 0x05, 0x90,
     0x25, 0x09, 0x00, 0x74, 0x70, 0x90, 0x00, 0x00, 0x00},  // #49 38 givens
    {0x60, 0x00, 0x95, 0x20, 0x80, 0x90, 0x10, 0x00, 0x00, 0x82, 0x03, 0x70, 0x10, 0x03, 0x60, 0x00,
     0x19, 0x75, 0x04, 0x00, 0x50, 0x00, 0x30, 0x00, 0x60, 0x70, 0x20, 0x00, 0x07, 0x08, 0x35, 0x97,
     0x09, 0x00, 0x40, 0x00, 0x50, 0x60, 0x03, 0x00, 0x00},  // #50 35 givens
    {0x30, 0x00, 0x08, 0x05, 0x70, 0x00, 0x06, 0x00, 0x00, 0x60, 0x00, 0x05, 0x30, 0x07, 0x89, 0x52,
     0x00, 0x00, 0x05, 0x40, 0x01, 0x97, 0x61, 0x60, 0x00, 0x00, 0x08, 0x51, 0x06, 0x90, 0x80, 0x20,
     0x30, 0x00, 0x00, 0x40, 0x09, 0x27, 0x80, 0x00, 0x00},  // #51 34 givens
    {0x70, 0x09, 0x62, 0x00, 0x50, 0x00, 0x03, 0x57, 0x28, 0x00, 0x00, 0x04, 0x60, 0x06, 0x05, 0x00,
     0x30, 0x04, 0x00, 0x00, 0x80, 0x53, 0x03, 0x00, 0x45, 0x70, 0x60, 0x15, 0x00, 0x26, 0x00, 0x00,
     0x03, 0x04, 0x01, 0x50, 0x00, 0x70, 0x19, 0x34, 0x00},  // #52 37 givens
    {0x00, 0x09, 0x48, 0x07, 0x09, 0x71, 0x60, 0x20, 0x04, 0x06, 0x00, 0x01, 0x52, 0x00, 0x90, 0x50,
     0x01, 0x40, 0x08, 0x70, 0x10, 0x95, 0x00, 0x03, 0x80, 0x42, 0x00, 0x00, 0x01, 0x29, 0x08, 0x00,
     0x40, 0x08, 0x00, 0x10, 0x15, 0x84, 0x67, 0x00, 0x00},  // #53 40 givens
    {0x40, 0x00, 0x28, 0x09, 0x00, 0x80, 0x30, 0x14, 0x02, 0x20, 0x09, 0x06, 0x00, 0x03, 0x10, 0x40,
     0x08, 0x69, 0x00, 0x08, 0x62, 0x01, 0x08, 0x00, 0x00, 0x02, 0x00, 0x90, 0x30, 0x14, 0x50, 0x81,
     0x76, 0x20, 0x50, 0x04, 0x54, 0x80, 0x30, 0x10, 0x60},  // #54 42 givens
    {0x00, 0x90, 0x00, 0x74, 0x00, 0x00, 0x00, 0x00, 0x36, 0x71, 0x04, 0x00, 0x85, 0x29, 0x57, 0x03,
     0x61, 0x04, 0x10, 0x00, 0x00, 0x56, 0x08, 0x00, 0x25, 0x00, 0x00, 0x09, 0x40, 0x75, 0x00, 0x02,
     0x05, 0x04, 0x06, 0x00, 0x30, 0x10, 0x08, 0x09, 0x50},  // #55 37 givens
    {0x06, 0x03, 0x28, 0x00, 0x91, 0x00, 0x00, 0x00, 0x60, 0x00, 0x95, 0x10, 0x00, 0x05, 0x00, 0x06,
     0x02, 0x07, 0x79, 0x00, 0x30, 0x41, 0x60, 0x10, 0x70, 0x43, 0x00, 0x90, 0x60, 0x40, 0x00, 0x08,
     0x00, 0x05, 0x39, 0x20, 0x05, 0x08, 0x90, 0x07, 0x10},  // #56 37 givens
    {0x00, 0x26, 0x07, 0x19, 0x50, 0x00, 0x40, 0x06, 0x70, 0x00, 0x08, 0x51, 0x40, 0x01, 0x00, 0x70,
     0x05, 0x36, 0x00, 0x60, 0x03, 0x70, 0x20, 0x73, 0x26, 0x50, 0x81, 0x00, 0x00, 0x40, 0x31, 0x03,
     0x05, 0x00, 0x80, 0x00, 0x00, 0x43, 0x10, 0x05, 0x90},  // #57 40 givens
    {0x00, 0x01, 0x43, 0x02, 0x04, 0x79, 0x00, 0x03, 0x10, 0x10, 0x00, 0x05, 0x00, 0x00, 0x40, 0x06,
     0x80, 0x00, 0x50, 0x80, 0x97, 0x10, 0x00, 0x97, 0x45, 0x02, 0x30, 0x06, 0x08, 0x24, 0x79, 0x00,
     0x00, 0x70, 0x00, 0x50, 0x70, 0x20, 0x00, 0x40, 0x30},  // #58 37 givens
    {0x03, 0x07, 0x00, 0x20, 0x90, 0x07, 0x02, 0x00, 0x08, 0x02, 0x08, 0x03, 0x74, 0x17, 0x00, 0x00,
     0x00, 0x10, 0x00, 0x30, 0x50, 0x92, 0x02, 0x06, 0x03, 0x45, 0x87, 0x00, 0x09, 0x00, 0x00, 0x00,
     0x70, 0x48, 0x01, 0x36, 0x40, 0x10, 0x72, 0x00, 0x00},  // #59 37 givens
    {0x69, 0x05, 0x70, 0x10, 0x00, 0x50, 0x06, 0x10, 0x90, 0x70, 0x00, 0x20, 0x06, 0x00, 0x69, 0x01,
     0x28, 0x00, 0x28, 0x06, 0x40, 0x00, 0x70, 0x70, 0x38, 0x04, 0x26, 0x10, 0x60, 0x30, 0x08, 0x00,
     0x00, 0x25, 0x80, 0x00, 0x00, 0x50, 0x00, 0x00, 0x40},  // #60 37 givens
    {0x00, 0x15, 0x90, 0x30, 0x03, 0x54, 0x00, 0x20, 0x61, 0x60, 0x04, 0x03, 0x02, 0x70, 0x60, 0x00,
     0x07, 0x00, 0x54, 0x08, 0x00, 0x01, 0x00, 0x90, 0x05, 0x04, 0x80, 0x00, 0x09, 0x00, 0x03, 0x00,
     0x38, 0x00, 0x10, 0x00, 0x00, 0x03, 0x00, 0x19, 0x20},  // #61 34 givens
    {0x61, 0x09, 0x04, 0x05, 0x00, 0x00, 0x00, 0x70, 0x00, 0x27, 0x00, 0x00, 0x06, 0x15, 0x02, 0x09,
     0x10, 0x08, 0x70, 0x90, 0x00, 0x00, 0x60, 0x60, 0x78, 0x32, 0x05, 0x32, 0x84, 0x00, 0x07, 0x09,
     0x06, 0x80, 0x23, 0x04, 0x04, 0x00, 0x59, 0x00, 0x00},  // #62 38 givens
    {0x47, 0x00, 0x58, 0x60, 0x00, 0x00, 0x60, 0x20, 0x49, 0x00, 0x60, 0x49, 0x00, 0x50, 0x50, 0x00,
     0x31, 0x60, 0x68, 0x10, 0x00, 0x00, 0x00, 0x00, 0x56, 0x04, 0x78, 0x50, 0x30, 0x04, 0x08, 0x72,
     0x10, 0x83, 0x69, 0x50, 0x00, 0x82, 0x05, 0x00, 0x00},  // #63 40 givens
    {0x40, 0x00, 0x18, 0x70, 0x00, 0x87, 0x36, 0x40, 0x09, 0x00, 0x17, 0x29, 0x40, 0x60, 0x00, 0x09,
     0x00, 0x70, 0x00, 0x00, 0x00, 0x50, 0x03, 0x78, 0x20, 0x09, 0x00, 0x64, 0x00, 0x03, 0x80, 0x57,
     0x10, 0x08, 0x52, 0x43, 0x80, 0x30, 0x42, 0x01, 0x70},  // #64 42 givens
    {0x00, 0x20, 0x00, 0x01, 0x00, 0x90, 0x20, 0x08, 0x00, 0x45, 0x80, 0x90, 0x06, 0x23, 0x27, 0x00,
     0x40, 0x08, 0x00, 0x50, 0x20, 0x07, 0x09, 0x60, 0x00, 0x70, 0x50, 0x81, 0x05, 0x00, 0x03, 0x42,
     0x00, 0x01, 0x95, 0x87, 0x50, 0x00, 0x48, 0x02, 0x00},  // #65 38 givens
    {0x00, 0x70, 0x02, 0x48, 0x00, 0x39, 0x08, 0x40, 0x60, 0x40, 0x63, 0x70, 0x00, 0x00, 0x60, 0x01,
     0x00, 0x00, 0x00, 0x00, 0x00, 0x80, 0x08, 0x70, 0x00, 0x61, 0x00, 0x01, 0x58, 0x07, 0x03, 0x40,
     0x90, 0x40, 0x10, 0x52, 0x02, 0x00, 0x50, 0x61, 0x00},  // #66 35 givens
    {0x05, 0x09, 0x80, 0x70, 0x09, 0x70, 0x01, 0x30, 0x62, 0x80, 0x04, 0x27, 0x00, 0x50, 0x09, 0x17,
     0x03, 0x00, 0x00, 0x06, 0x94, 0x01, 0x00, 0x01, 0x00, 0x04, 0x20, 0x60, 0x00, 0x30, 0x05, 0x04,
     0x07, 0x80, 0x02, 0x30, 0x01, 0x02, 0x40, 0x60, 0x00},  // #67 38 givens
    {0x00, 0x52, 0x10, 0x60, 0x01, 0x92, 0x08, 0x00, 0x43, 0x00, 0x00, 0x00, 0x80, 0x10, 0x00, 0x90,
     0x20, 0x00, 0x40, 0x73, 0x00, 0x00, 0x00, 0x08, 0x40, 0x10, 0x56, 0x00, 0x08, 0x45, 0x07, 0x22,
     0x00, 0x00, 0x04, 0x65, 0x05, 0x00, 0x00, 0x93, 0x00},  // #68 34 givens
    {0x06, 0x53, 0x70, 0x00, 0x00, 0x30, 0x00, 0x00, 0x08, 0x00, 0x10, 0x80, 0x40, 0x01, 0x00, 0x70,
     0x20, 0x54, 0x04, 0x70, 0x00, 0x32, 0x00, 0x02, 0x40, 0x58, 0x17, 0x00, 0x00, 0x27, 0x10, 0x30,
     0x06, 0x94, 0x00, 0x02, 0x00, 0x01, 0x00, 0x90, 0x00},  // #69 34 givens
    {0x80, 0x09, 0x04, 0x00, 0x12, 0x00, 0x83, 0x60, 0x70, 0x05, 0x00, 0x17, 0x00, 0x34, 0x07, 0x69,
     0x00, 0x12, 0x50, 0x00, 0x01, 0x30, 0x60, 0x06, 0x08, 0x37, 0x90, 0x00, 0x00, 0x70, 0x00, 0x47,
     0x01, 0x54, 0x90, 0x38, 0x00, 0x03, 0x08, 0x10, 0x70},  // #70 41 givens
    {0x04, 0x29, 0x05, 0x03, 0x00, 0x03, 0x60, 0x80, 0x29, 0x65, 0x02, 0x00, 0x78, 0x40, 0x00, 0x19,
     0x23, 0x00, 0x30, 0x70, 0x00, 0x00, 0x60, 0x90, 0x06, 0x00, 0x02, 0x00, 0x00, 0x10, 0x06, 0x05,
     0x00, 0x70, 0x69, 0x18, 0x20, 0x00, 0x89, 0x07, 0x00},  // #71 38 givens
    {0x02, 0x00, 0x05, 0x70, 0x40, 0x00, 0x90, 0x03, 0x08, 0x60, 0x50, 0x07, 0x01, 0x05, 0x13, 0x00,
     0x20, 0x80, 0x00, 0x60, 0x14, 0x90, 0x39, 0x40, 0x06, 0x00, 0x01, 0x49, 0x80, 0x00, 0x00, 0x50,
     0x00, 0x64, 0x08, 0x97, 0x06, 0x70, 0x00, 0x14, 0x00},  // #72 38 givens
    {0x08, 0x60, 0x72, 0x40, 0x59, 0x74, 0x80, 0x00, 0x00, 0x02, 0x30, 0x69, 0x70, 0x00, 0x39, 0x05,
     0x00, 0x20, 0x00, 0x00, 0x00, 0x60, 0x34, 0x00, 0x03, 0x00, 0x00, 0x20, 0x06, 0x00, 0x50, 0x03,
     0x58, 0x90, 0x10, 0x70, 0x00, 0x10, 0x27, 0x00, 0x00},  // #73 35 givens
    {0x08, 0x19, 0x00, 0x76, 0x04, 0x03, 0x80, 0x01, 0x00, 0x69, 0x70, 0x10, 0x03, 0x40, 0x02, 0x00,
     0x10, 0x70, 0x00, 0x06, 0x70, 0x40, 0x00, 0x64, 0x09, 0x30, 0x08, 0x30, 0x00, 0x08, 0x25, 0x90,
     0x00, 0x30, 0x90, 0x40, 0x94, 0x00, 0x20, 0x00, 0x10},  // #74 38 givens
    {0x06, 0x02, 0x45, 0x10, 0x00, 0x00, 0x80, 0x94, 0x00, 0x45, 0x16, 0x00, 0x29, 0x80, 0x97, 0x02,
     0x00, 0x00, 0x68, 0x54, 0x90, 0x30, 0x73, 0x00, 0x75, 0x00, 0x00, 0x01, 0x65, 0x07, 0x00, 0x95,
     0x08, 0x90, 0x20, 0x00, 0x00, 0x00, 0x00, 0x65, 0x20},  // #75 40 givens
    {0x30, 0x68, 0x90, 0x04, 0x00, 0x47, 0x01, 0x20, 0x03, 0x00, 0x00, 0x04, 0x52, 0x66, 0x30, 0x02,
     0x04, 0x07, 0x70, 0x00, 0x03, 0x00, 0x02, 0x04, 0x00, 0x61, 0x35, 0x90, 0x24, 0x37, 0x65, 0x00,
     0x63, 0x00, 0x00, 0x04, 0x47, 0x50, 0x00, 0x30, 0x20},  // #76 42 givens
    {0x82, 0x63, 0x00, 0x00, 0x95, 0x00, 0x02, 0x70, 0x00, 0x90, 0x10, 0x68, 0x00, 0x30, 0x07, 0x00,
     0x01, 0x60, 0x00, 0x20, 0x00, 0x93, 0x00, 0x05, 0x13, 0x00, 0x70, 0x05, 0x00, 0x70, 0x01, 0x00,
     0x40, 0x05, 0x08, 0x90, 0x10, 0x02, 0x94, 0x00, 0x70},  // #77 35 givens
    {0x20, 0x00, 0x01, 0x38, 0x07, 0x00, 0x04, 0x02, 0x00, 0x30, 0x69, 0x80, 0x00, 0x16, 0x20, 0x10,
     0x80, 0x35, 0x10, 0x00, 0x74, 0x00, 0x04, 0x08, 0x00, 0x00, 0x00, 0x01, 0x00, 0x50, 0x60, 0x30,
     0x62, 0x31, 0x00, 0x47, 0x50, 0x30, 0x06, 0x00, 0x90},  // #78 37 givens
    {0x00, 0x80, 0x01, 0x96, 0x56, 0x39, 0x04, 0x87, 0x20, 0x00, 0x00, 0x02, 0x80, 0x00, 0x00, 0x00,
     0x71, 0x04, 0x09, 0x74, 0x00, 0x00, 0x20, 0x00, 0x18, 0x03, 0x79, 0x00, 0x46, 0x09, 0x20, 0x80,
     0x80, 0x00, 0x40, 0x00, 0x02, 0x08, 0x00, 0x00, 0x60},  // #79 36 givens
    {0x05, 0x28, 0x90, 0x07, 0x60, 0x10, 0x06, 0x03, 0x84, 0x00, 0x00, 0x00, 0x20, 0x98, 0x30, 0x05,
     0x00, 0x40, 0x00, 0x00, 0x40, 0x86, 0x00, 0x06, 0x78, 0x00, 0x00, 0x00, 0x35, 0x00, 0x00, 0x10,
     0x24, 0x01, 0x70, 0x38, 0x16, 0x90, 0x00, 0x70, 0x50},  // #80 37 givens
    {0x00, 0x32, 0x00, 0x60, 0x70, 0x75, 0x13, 0x69, 0x04, 0x91, 0x00, 0x07, 0x52, 0x30, 0x00, 0x61,
     0x20, 0x00, 0x89, 0x10, 0x73, 0x00, 0x00, 0x00, 0x00, 0x00, 0x40, 0x02, 0x00, 0x01, 0x03, 0x86,
     0x09, 0x00, 0x41, 0x00, 0x00, 0x83, 0x00, 0x79, 0x00},  // #81 38 givens
    {0x70, 0x00, 0x20, 0x45, 0x30, 0x51, 0x30, 0x00, 0x00, 0x09, 0x00, 0x75, 0x08, 0x00, 0x79, 0x03,
     0x80, 0x60, 0x62, 0x80, 0x50, 0x00, 0x00, 0x04, 0x00, 0x07, 0x90, 0x81, 0x52, 0x00, 0x03, 0x60,
     0x42, 0x09, 0x00, 0x00, 0x96, 0x70, 0x03, 0x80, 0x00},  // #82 38 givens
    {0x09, 0x06, 0x07, 0x10, 0x07, 0x48, 0x09, 0x56, 0x00, 0x06, 0x50, 0x40, 0x98, 0x70, 0x07, 0x00,
     0x83, 0x01, 0x80, 0x00, 0x70, 0x00, 0x96, 0x39, 0x01, 0x45, 0x70, 0x00, 0x00, 0x20, 0x09, 0x00,
     0x86, 0x00, 0x00, 0x13, 0x07, 0x00, 0x00, 0x40, 0x00},  // #83 38 givens
    {0x24, 0x05, 0x00, 0x68, 0x03, 0x00, 0x00, 0x90, 0x02, 0x06, 0x02, 0x40, 0x00, 0x51, 0x84, 0x00,
     0x75, 0x06, 0x97, 0x20, 0x60, 0x13, 0x40, 0x30, 0x02, 0x18, 0x07, 0x40, 0x09, 0x02, 0x06, 0x06,
     0x90, 0x18, 0x40, 0x03, 0x80, 0x50, 0x00, 0x00, 0x00},  // #84 42 givens
    {0x70, 0x00, 0x00, 0x08, 0x02, 0x10, 0x00, 0x85, 0x00, 0x06, 0x00, 0x35, 0x10, 0x41, 0x50, 0x48,
     0x07, 0x09, 0x48, 0x00, 0x00, 0x60, 0x00, 0x02, 0x01, 0x60, 0x30, 0x09, 0x03, 0x04, 0x86, 0x03,
     0x28, 0x65, 0x00, 0x41, 0x64, 0x00, 0x91, 0x00, 0x20},  // #85 41 givens
    {0x52, 0x90, 0x01, 0x08, 0x08, 0x00, 0x40, 0x00, 0x60, 0x04, 0x05, 0x09, 0x00, 0x30, 0x70, 0x04,
     0x00, 0x00, 0x00, 0x59, 0x00, 0x00, 0x70, 0x13, 0x00, 0x26, 0x98, 0x06, 0x80, 0x04, 0x90, 0x01,
     0x00, 0x60, 0x50, 0x32, 0x30, 0x70, 0x90, 0x10, 0x60},  // #86 37 givens
    {0x10, 0x03, 0x00, 0x06, 0x00, 0x09, 0x87, 0x03, 0x50, 0x00, 0x74, 0x05, 0x90, 0x03, 0x00, 0x06,
     0x07, 0x90, 0x00, 0x01, 0x00, 0x00, 0x00, 0x06, 0x09, 0x81, 0x40, 0x86, 0x07, 0x40, 0x00, 0x94,
     0x02, 0x90, 0x00, 0x38, 0x01, 0x06, 0x03, 0x00, 0x40},  // #87 36 givens
    {0x61, 0x40, 0x02, 0x00, 0x02, 0x38, 0x01, 0x00, 0x50, 0x97, 0x04, 0x08, 0x20, 0x10, 0x42, 0x16,
     0x00, 0x30, 0x00, 0x30, 0x84, 0x00, 0x00, 0x00, 0x07, 0x58, 0x40, 0x02, 0x10, 0x03, 0x09, 0x80,
     0x87, 0x95, 0x00, 0x20, 0x06, 0x90, 0x00, 0x30, 0x00},  // #88 40 givens
    {0x35, 0x08, 0x01, 0x00, 0x60, 0x60, 0x02, 0x00, 0x18, 0x00, 0x80, 0x00, 0x23, 0x71, 0x06, 0x95,
     0x30, 0x00, 0x50, 0x00, 0x00, 0x00, 0x10, 0x00, 0x00, 0x09, 0x00, 0x00, 0x00, 0x30, 0x82, 0x49,
     0x00, 0x20, 0x71, 0x03, 0x20, 0x05, 0x48, 0x00, 0x00},  // #89 34 givens
    {0x70, 0x90, 0x00, 0x08, 0x40, 0x60, 0x90, 0x80, 0x00, 0x00, 0x07, 0x41, 0x06, 0x56, 0x00, 0x50,
     0x00, 0x43, 0x00, 0x58, 0x34, 0x00, 0x03, 0x00, 0x60, 0x25, 0x00, 0x00, 0x03, 0x27, 0x89, 0x10,
     0x38, 0x09, 0x04, 0x07, 0x90, 0x04, 0x05, 0x20, 0x60},  // #90 40 givens
    {0x86, 0x00, 0x09, 0x13, 0x50, 0x05, 0x86, 0x49, 0x20, 0x00, 0x93, 0x50, 0x00, 0x44, 0x00, 0x08,
     0x06, 0x01, 0x08, 0x14, 0x90, 0x57, 0x00, 0x50, 0x00, 0x73, 0x40, 0x04, 0x00, 0x36, 0x00, 0x95,
     0x90, 0x27, 0x80, 0x00, 0x31, 0x00, 0x05, 0x00, 0x00},  // #91 42 givens
    {0x07, 0x06, 0x00, 0x80, 0x08, 0x09, 0x50, 0x00, 0x60, 0x36, 0x07, 0x00, 0x02, 0x01, 0x04, 0x26,
     0x90, 0x00, 0x20, 0x01, 0x08, 0x00, 0x00, 0x00, 0x04, 0x00, 0x09, 0x00, 0x09, 0x30, 0x05, 0x24,
     0x30, 0x05, 0x00, 0x91, 0x92, 0x04, 0x00, 0x30, 0x00},  // #92 34 givens
    {0x00, 0x61, 0x00, 0x50, 0x01, 0x43, 0x60, 0x02, 0x90, 0x20, 0x00, 0x43, 0x71, 0x65, 0x00, 0x80,
     0x60, 0x20, 0x00, 0x07, 0x90, 0x06, 0x04, 0x60, 0x05, 0x09, 0x03, 0x09, 0x00, 0x00, 0x00, 0x17,
     0x01, 0x00, 0x80, 0x00, 0x05, 0x00, 0x00, 0x60, 0x00},  // #93 34 givens
    {0x04, 0x08, 0x59, 0x01, 0x00, 0x02, 0x34, 0x00, 0x97, 0x00, 0x07, 0x00, 0x68, 0x43, 0x50, 0x00,
     0x04, 0x02, 0x20, 0x01, 0x34, 0x00, 0x00, 0x09, 0x27, 0x50, 0x38, 0x00, 0x00, 0x07, 0x06, 0x99,
     0x80, 0x01, 0x00, 0x05, 0x03, 0x56, 0x92, 0x00, 0x10},  // #94 41 givens
    {0x00, 0x00, 0x90, 0x07, 0x02, 0x89, 0x37, 0x14, 0x60, 0x00, 0x00, 0x04, 0x92, 0x00, 0x40, 0x05,
     0x00, 0x00, 0x02, 0x09, 0x00, 0x30, 0x03, 0x96, 0x00, 0x05, 0x40, 0x90, 0x06, 0x00, 0x80, 0x45,
     0x30, 0x40, 0x06, 0x00, 0x40, 0x80, 0x00, 0x20, 0x90},  // #95 35 givens
    {0x17, 0x20, 0x00, 0x04, 0x00, 0x04, 0x00, 0x00, 0x05, 0x90, 0x63, 0x00, 0x07, 0x87, 0x00, 0x05,
     0x08, 0x32, 0x09, 0x00, 0x20, 0x00, 0x06, 0x00, 0x10, 0x45, 0x00, 0x00, 0x06, 0x05, 0x90, 0x10,
     0x17, 0x29, 0x30, 0x86, 0x20, 0x90, 0x81, 0x00, 0x30},  // #96 38 givens
    {0x05, 0x06, 0x00, 0x00, 0x80, 0x00, 0x00, 0x00, 0x04, 0x18, 0x60, 0x40, 0x20, 0x55, 0x20, 0x89,
     0x00, 0x40, 0x00, 0x80, 0x73, 0x50, 0x06, 0x03, 0x25, 0x00, 0x09, 0x00, 0x20, 0x00, 0x09, 0x00,
     0x00, 0x98, 0x40, 0x50, 0x40, 0x57, 0x62, 0x03, 0x10},  // #97 37 givens
    {0x02, 0x06, 0x00, 0x00, 0x07, 0x30, 0x00, 0x01, 0x60, 0x96, 0x00, 0x00, 0x50, 0x86, 0x95, 0x00,
     0x80, 0x00, 0x00, 0x05, 0x03, 0x49, 0x10, 0x10, 0x92, 0x00, 0x00, 0x08, 0x73, 0x59, 0x61, 0x00,
     0x06, 0x28, 0x00, 0x79, 0x00, 0x07, 0x16, 0x00, 0x00},  // #98 37 givens
    {0x63, 0x00, 0x04, 0x09, 0x09, 0x08, 0x30, 0x04, 0x70, 0x07, 0x08, 0x00, 0x06, 0x05, 0x10, 0x62,
     0x00, 0x00, 0x00, 0x00, 0x07, 0x23, 0x90, 0x90, 0x00, 0x05, 0x06, 0x30, 0x90, 0x02, 0x68, 0x07,
     0x60, 0x10, 0x39, 0x54, 0x80, 0x10, 0x46, 0x70, 0x30},  // #99 41 givens
    {0x06, 0x07, 0x94, 0x23, 0x02, 0x00, 0x00, 0x39, 0x06, 0x83, 0x00, 0x00, 0x07, 0x04, 0x26, 0x00,
     0x01, 0x50, 0x75, 0x36, 0x00, 0x00, 0x90, 0x10, 0x40, 0x50, 0x23, 0x30, 0x00, 0x00, 0x46, 0x00,
     0x70, 0x00, 0x00, 0x95, 0x09, 0x00, 0x02, 0x08, 0x00},  // #100 37 givens
    {0x09, 0x28, 0x00, 0x04, 0x00, 0x00, 0x04, 0x50, 0x00, 0x00, 0x49, 0x02, 0x60, 0x80, 0x10, 0x60,
     0x30, 0x27, 0x37, 0x04, 0x00, 0x05, 0x02, 0x09, 0x00, 0x04, 0x60, 0x04, 0x32, 0x80, 0x07, 0x00,
     0x01, 0x00, 0x42, 0x30, 0x02, 0x00, 0x69, 0x00, 0x00},  // #101 36 givens
    {0x00, 0x90, 0x50, 0x08, 0x10, 0x00, 0x00, 0x05, 0x30, 0x37, 0x08, 0x04, 0x09, 0x69, 0x06, 0x10,
     0x30, 0x05, 0x00, 0x72, 0x60, 0x00, 0x02, 0x03, 0x40, 0x50, 0x09, 0x56, 0x00, 0x08, 0x01, 0x20,
     0x90, 0x60, 0x20, 0x08, 0x03, 0x00, 0x00, 0x60, 0x00},  // #102 36 givens
    {0x70, 0x60, 0x41, 0x09, 0x00, 0x80, 0x63, 0x01, 0x72, 0x01, 0x95, 0x00, 0x04, 0x06, 0x00, 0x00,
     0x24, 0x00, 0x90, 0x23, 0x84, 0x70, 0x00, 0x07, 0x00, 0x02, 0x03, 0x00, 0x82, 0x90, 0x50, 0x00,
     0x05, 0x40, 0x80, 0x30, 0x40, 0x01, 0x00, 0x02, 0x70},  // #103 39 givens
    {0x50, 0x13, 0x24, 0x76, 0x00, 0x00, 0x00, 0x70, 0x58, 0x90, 0x46, 0x08, 0x00, 0x01, 0x50, 0x07,
     0x00, 0x30, 0x60, 0x00, 0x00, 0x21, 0x77, 0x03, 0x81, 0x65, 0x90, 0x40, 0x05, 0x80, 0x07, 0x08,
     0x00, 0x20, 0x90, 0x05, 0x20, 0x07, 0x03, 0x60, 0x10},  // #104 42 givens
    {0x20, 0x04, 0x00, 0x71, 0x00, 0x00, 0x07, 0x06, 0x24, 0x40, 0x70, 0x06, 0x90, 0x50, 0x00, 0x08,
     0x00, 0x00, 0x01, 0x40, 0x20, 0x85, 0x08, 0x09, 0x06, 0x72, 0x00, 0x06, 0x30, 0x05, 0x48, 0x05,
     0x48, 0x60, 0x01, 0x07, 0x00, 0x00, 0x00, 0x06, 0x00},  // #105 36 givens
    {0x45, 0x08, 0x00, 0x00, 0x31, 0x98, 0x70, 0x20, 0x45, 0x30, 0x04, 0x00, 0x98, 0x00, 0x07, 0x50,
     0x00, 0x00, 0x53, 0x40, 0x01, 0x00, 0x06, 0x00, 0x00, 0x04, 0x00, 0x90, 0x00, 0x27, 0x10, 0x80,
     0x01, 0x00, 0x00, 0x00, 0x02, 0x31, 0x65, 0x09, 0x40},  // #106 36 givens
    {0x00, 0x02, 0x00, 0x03, 0x83, 0x67, 0x00, 0x80, 0x02, 0x00, 0x00, 0x96, 0x70, 0x11, 0x05, 0x80,
     0x00, 0x70, 0x07, 0x09, 0x00, 0x02, 0x30, 0x89, 0x60, 0x04, 0x00, 0x05, 0x10, 0x04, 0x00, 0x00,
     0x40, 0x18, 0x90, 0x00, 0x00, 0x25, 0x60, 0x00, 0x40},  // #107 35 givens
    {0x26, 0x04, 0x30, 0x90, 0x00, 0x00, 0x90, 0x24, 0x80, 0x80, 0x05, 0x17, 0x00, 0x00, 0x50, 0x00,
     0x67, 0x00, 0x08, 0x60, 0x70, 0x23, 0x01, 0x73, 0x20, 0x06, 0x05, 0x00, 0x00, 0x20, 0x54, 0x30,
     0x07, 0x65, 0x00, 0x00, 0x02, 0x08, 0x03, 0x00, 0x00},  // #108 37 givens
    {0x30, 0x00, 0x84, 0x00, 0x60, 0x60, 0x00, 0x38, 0x54, 0x08, 0x90, 0x00, 0x70, 0x39, 0x70, 0x04,
     0x00, 0x00, 0x00, 0x00, 0x57, 0x10, 0x05, 0x10, 0x09, 0x00, 0x67, 0x03, 0x76, 0x00, 0x40, 0x50,
     0x08, 0x57, 0x10, 0x02, 0x29, 0x50, 0x08, 0x67, 0x10},  // #109 41 givens
    {0x04, 0x09, 0x00, 0x02, 0x00, 0x60, 0x05, 0x28, 0x43, 0x00, 0x58, 0x03, 0x60, 0x19, 0x12, 0x50,
     0x07, 0x00, 0x67, 0x00, 0x94, 0x05, 0x80, 0x04, 0x13, 0x00, 0x60, 0x09, 0x10, 0x00, 0x00, 0x02,
     0x30, 0x08, 0x90, 0x05, 0x58, 0x04, 0x20, 0x00, 0x00},  // #110 40 givens
    {0x06, 0x02, 0x70, 0x39, 0x51, 0x90, 0x60, 0x50, 0x04, 0x07, 0x00, 0x40, 0x00, 0x62, 0x00, 0x09,
     0x00, 0x40, 0x05, 0x10, 0x20, 0x00, 0x09, 0x06, 0x40, 0x82, 0x00, 0x50, 0x09, 0x00, 0x63, 0x00,
     0x10, 0x30, 0x24, 0x08, 0x02, 0x05, 0x80, 0x07, 0x10},  // #111 39 givens
    {0x40, 0x10, 0x30, 0x00, 0x63, 0x70, 0x16, 0x90, 0x00, 0x00, 0x00, 0x84, 0x00, 0x90, 0x09, 0x61,
     0x20, 0x00, 0x05, 0x00, 0x08, 0x00, 0x70, 0x04, 0x09, 0x00, 0x31, 0x08, 0x04, 0x70, 0x15, 0x02,
     0x07, 0x95, 0x04, 0x00, 0x04, 0x00, 0x01, 0x70, 0x00},  // #112 36 givens
    {0x00, 0x50, 0x97, 0x01, 0x87, 0x90, 0x80, 0x35, 0x24, 0x18, 0x00, 0x00, 0x69, 0x70, 0x00, 0x06,
     0x07, 0x41, 0x00, 0x43, 0x81, 0x20, 0x00, 0x00, 0x74, 0x58, 0x00, 0x02, 0x14, 0x30, 0x00, 0x60,
     0x30, 0x05, 0x01, 0x00, 0x06, 0x01, 0x00, 0x00, 0x50},  // #113 41 givens
    {0x31, 0x75, 0x00, 0x26, 0x48, 0x90, 0x43, 0x25, 0x00, 0x00, 0x40, 0x00, 0x39, 0x00, 0x00, 0x80,
     0x00, 0x30, 0x78, 0x00, 0x60, 0x90, 0x00, 0x00, 0x00, 0x50, 0x17, 0x00, 0x53, 0x80, 0x12, 0x09,
     0x08, 0x72, 0x10, 0x00, 0x03, 0x00, 0x00, 0x00, 0x00},  // #114 36 givens
    {0x40, 0x09, 0x00, 0x03, 0x09, 0x83, 0x42, 0x71, 0x56, 0x07, 0x50, 0x01, 0x09, 0x80, 0x54, 0x07,
     0x08, 0x23, 0x00, 0x70, 0x03, 0x00, 0x50, 0x01, 0x00, 0x60, 0x04, 0x10, 0x27, 0x64, 0x00, 0x00,
     0x40, 0x81, 0x00, 0x00, 0x00, 0x03, 0x95, 0x00, 0x00},  // #115 40 givens
    {0x00, 0x08, 0x40, 0x71, 0x00, 0x49, 0x00, 0x13, 0x50, 0x00, 0x03, 0x00, 0x00, 0x09, 0x50, 0x08,
     0x32, 0x00, 0x20, 0x00, 0x60, 0x87, 0x00, 0x00, 0x10, 0x24, 0x00, 0x83, 0x60, 0x07, 0x02, 0x45,
     0x00, 0x03, 0x90, 0x80, 0x49, 0x10, 0x20, 0x53, 0x00},  // #116 38 givens
    {0x70, 0x08, 0x03, 0x01, 0x02, 0x00, 0x40, 0x00, 0x00, 0x18, 0x00, 0x00, 0x00, 0x36, 0x40, 0x70,
     0x05, 0x20, 0x07, 0x30, 0x06, 0x49, 0x08, 0x00, 0x59, 0x06, 0x07, 0x06, 0x00, 0x07, 0x80, 0x90,
     0x00, 0x30, 0x20, 0x00, 0x40, 0x70, 0x89, 0x00, 0x00},  // #117 34 givens
    {0x70, 0x04, 0x06, 0x50, 0x28, 0x00, 0x32, 0x50, 0x91, 0x00, 0x01, 0x09, 0x84, 0x00, 0x70, 0x23,
     0x09, 0x80, 0x40, 0x00, 0x50, 0x20, 0x05, 0x00, 0x09, 0x73, 0x10, 0x03, 0x70, 0x00, 0x40, 0x90,
     0x40, 0x01, 0x20, 0x03, 0x20, 0x09, 0x00, 0x00, 0x00},  // #118 38 givens
    {0x00, 0x20, 0x08, 0x07, 0x57, 0x00, 0x10, 0x93, 0x06, 0x03, 0x60, 0x75, 0x00, 0x10, 0x90, 0x08,
     0x40, 0x30, 0x65, 0x00, 0x00, 0x80, 0x20, 0x00, 0x00, 0x65, 0x49, 0x00, 0x09, 0x00, 0x00, 0x00,
     0x27, 0x86, 0x00, 0x00, 0x06, 0x07, 0x00, 0x10, 0x80},  // #119 35 givens
    {0x08, 0x00, 0x39, 0x00, 0x00, 0x00, 0x86, 0x01, 0x43, 0x00, 0x00, 0x00, 0x05, 0x01, 0x09, 0x08,
     0x06, 0x05, 0x52, 0x00, 0x16, 0x07, 0x00, 0x06, 0x00, 0x03, 0x01, 0x30, 0x00, 0x28, 0x50, 0x40,
     0x90, 0x40, 0x00, 0x30, 0x05, 0x00, 0x00, 0x81, 0x20},  // #120 34 givens
    {0x73, 0x40, 0x20, 0x10, 0x02, 0x58, 0x60, 0x00, 0x70, 0x91, 0x07, 0x34, 0x50, 0x03, 0x45, 0x00,
     0x92, 0x60, 0x60, 0x00, 0x70, 0x31, 0x00, 0x02, 0x06, 0x00, 0x58, 0x00, 0x32, 0x50, 0x00, 0x05,
     0x60, 0x00, 0x87, 0x00, 0x40, 0x79, 0x06, 0x00, 0x00},  // #121 41 givens
    {0x90, 0x40, 0x00, 0x80, 0x00, 0x78, 0x02, 0x60, 0x00, 0x06, 0x38, 0x04, 0x00, 0x20, 0x81, 0x07,
     0x30, 0x50, 0x79, 0x50, 0x00, 0x10, 0x00, 0x00, 0x15, 0x00, 0x07, 0x30, 0x00, 0x67, 0x04, 0x00,
     0x09, 0x30, 0x12, 0x75, 0x00, 0x00, 0x90, 0x30, 0x10},  // #122 37 givens
    {0x90, 0x40, 0x85, 0x60, 0x00, 0x00, 0x00, 0x00, 0x90, 0x50, 0x61, 0x93, 0x04, 0x88, 0x65, 0x70,
     0x00, 0x30, 0x39, 0x20, 0x40, 0x70, 0x01, 0x40, 0x30, 0x05, 0x20, 0x62, 0x30, 0x50, 0x01, 0x70,
     0x09, 0x00, 0x00, 0x60, 0x40, 0x80, 0x00, 0x00, 0x20},  // #123 39 givens
    {0x65, 0x09, 0x08, 0x00, 0x30, 0x00, 0x02, 0x00, 0x10, 0x20, 0x76, 0x01, 0x08, 0x90, 0x00, 0x00,
     0x00, 0x02, 0x50, 0x00, 0x10, 0x70, 0x80, 0x94, 0x08, 0x05, 0x00, 0x02, 0x00, 0x74, 0x10, 0x61,
     0x00, 0x00, 0x00, 0x50, 0x00, 0x61, 0x05, 0x30, 0x70},  // #124 34 givens
    {0x70, 0x00, 0x00, 0x06, 0x09, 0x41, 0x83, 0x65, 0x70, 0x00, 0x20, 0x50, 0x04, 0x34, 0x80, 0x02,
     0x97, 0x00, 0x30, 0x96, 0x75, 0x40, 0x10, 0x00, 0x38, 0x40, 0x06, 0x60, 0x00, 0x03, 0x00, 0x92,
     0x00, 0x91, 0x00, 0x50, 0x59, 0x80, 0x00, 0x01, 0x40},  // #125 42 givens
    {0x50, 0x20, 0x17, 0x03, 0x96, 0x38, 0x00, 0x95, 0x00, 0x70, 0x00, 0x85, 0x46, 0x08, 0x03, 0x02,
     0x00, 0x91, 0x00, 0x60, 0x01, 0x78, 0x00, 0x10, 0x06, 0x03, 0x05, 0x07, 0x90, 0x00, 0x00, 0x31,
     0x60, 0x09, 0x30, 0x00, 0x38, 0x41, 0x00, 0x00, 0x60},  // #126 41 givens
    {0x00, 0x30, 0x00, 0x00, 0x66, 0x71, 0x35, 0x40, 0x89, 0x50, 0x00, 0x06, 0x03, 0x48, 0x00, 0x00,
     0x10, 0x62, 0x90, 0x56, 0x20, 0x00, 0x00, 0x16, 0x04, 0x03, 0x58, 0x70, 0x00, 0x00, 0x80, 0x33,
     0x00, 0x00, 0x20, 0x00, 0x00, 0x94, 0x00, 0x67, 0x00},  // #127 37 givens
};

constexpr uint8_t kMedium[][kBytes] = {
    {0x07, 0x00, 0x00, 0x40, 0x00, 0x00, 0x00, 0x90, 0x07, 0x09, 0x08, 0x00, 0x65, 0x04, 0x05, 0x01,
     0x79, 0x00, 0x00, 0x00, 0x00, 0x74, 0x07, 0x00, 0x40, 0x35, 0x00, 0x10, 0x00, 0x30, 0x06, 0x09,
     0x00, 0x62, 0x00, 0x00, 0x05, 0x30, 0x04, 0x00, 0x00},  // #0 28 givens
    {0x00, 0x00, 0x09, 0x00, 0x28, 0x00, 0x20, 0x51, 0x06, 0x60, 0x00, 0x00, 0x00, 0x00, 0x00, 0x00,
     0x60, 0x90, 0x00, 0x30, 0x70, 0x06, 0x00, 0x46, 0x39, 0x80, 0x70, 0x06, 0x80, 0x40, 0x30, 0x03,
     0x04, 0x00, 0x00, 0x00, 0x00, 0x90, 0x10, 0x05, 0x00},  // #1 28 givens
    {0x50, 0x00, 0x03, 0x96, 0x00, 0x07, 0x00, 0x20, 0x00, 0x10, 0x90, 0x00, 0x82, 0x36, 0x91, 0x00,
     0x03, 0x00, 0x00, 0x00, 0x00, 0x00, 0x00, 0x00, 0x10, 0x80, 0x05, 0x08, 0x00, 0x20, 0x53, 0x60,
     0x03, 0x00, 0x00, 0x01, 0x00, 0x03, 0x00, 0x48, 0x00},  // #2 28 givens
    {0x07, 0x09, 0x60, 0x00, 0x00, 0x95, 0x42, 0x00, 0x07, 0x80, 0x07, 0x03, 0x01, 0x00, 0x00, 0x04,
     0x91, 0x75, 0x05, 0x00, 0x02, 0x03, 0x00, 0x00, 0x03, 0x60, 0x02, 0x03, 0x76, 0x05, 0x00, 0x05,
     0x80, 0x01, 0x00, 0x04, 0x00, 0x60, 0x04, 0x05, 0x00},  // #3 34 givens
    {0x07, 0x00, 0x00, 0x60, 0x06, 0x00, 0x04, 0x00, 0x57, 0x00, 0x90, 0x00, 0x40, 0x00, 0x00, 0x01,
     0x60, 0x00, 0x09, 0x00, 0x00, 0x00, 0x00, 0x00, 0x83, 0x00, 0x02, 0x00, 0x05, 0x03, 0x71, 0x60,
     0x65, 0x40, 0x00, 0x23, 0x10, 0x70, 0x92, 0x50, 0x00},  // #4 29 givens
    {0x03, 0x00, 0x00, 0x25, 0x01, 0x00, 0x30, 0x80, 0x09, 0x95, 0x60, 0x00, 0x80, 0x00, 0x00, 0x80,
     0x20, 0x91, 0x00, 0x00, 0x00, 0x07, 0x40, 0x05, 0x90, 0x00, 0x00, 0x06, 0x00, 0x03, 0x90, 0x03,
     0x08, 0x04, 0x50, 0x00, 0x50, 0x00, 0x09, 0x00, 0x00},  // #5 28 givens
    {0x00, 0x03, 0x00, 0x00, 0x10, 0x09, 0x20, 0x00, 0x00, 0x03, 0x50, 0x01, 0x60, 0x20, 0x50, 0x00,
     0x00, 0x00, 0x00, 0x00, 0x10, 0x07, 0x83, 0x00, 0x47, 0x80, 0x05, 0x02, 0x00, 0x03, 0x15, 0x60,
     0x90, 0x02, 0x00, 0x00, 0x08, 0x00, 0x40, 0x02, 0x00},  // #6 28 givens
    {0x06, 0x20, 0x30, 0x00, 0x10, 0x00, 0x00, 0x42, 0x00, 0x08, 0x90, 0x10, 0x00, 0x30, 0x00, 0x05,
     0x80, 0x60, 0x00, 0x00, 0x42, 0x30, 0x00, 0x00, 0x30, 0x61, 0x02, 0x52, 0x00, 0x00, 0x00, 0x60,
     0x03, 0x00, 0x05, 0x00, 0x00, 0x15, 0x03, 0x90, 0x00},  // #7 29 givens
    {0x69, 0x10, 0x40, 0x00, 0x00, 0x00, 0x00, 0x00, 0x00, 0x04, 0x00, 0x70, 0x09, 0x51, 0x02, 0x40,
     0x60, 0x70, 0x50, 0x60, 0x20, 0x01, 0x00, 0x70, 0x00, 0x00, 0x00, 0x00, 0x05, 0x00, 0x00, 0x20,
     0x00, 0x00, 0x01, 0x37, 0x70, 0x48, 0x10, 0x05, 0x00},  // #8 28 givens
    {0x00, 0x89, 0x40, 0x20, 0x00, 0x30, 0x00, 0x21, 0x00, 0x00, 0x07, 0x00, 0x08, 0x09, 0x40, 0x00,
     0x70, 0x61, 0x50, 0x01, 0x09, 0x84, 0x00, 0x00, 0x05, 0x07, 0x00, 0x06, 0x05, 0x91, 0x40, 0x08,
     0x00, 0x07, 0x09, 0x00, 0x19, 0x04, 0x00, 0x00, 0x60},  // #9 33 givens
    {0x80, 0x05, 0x43, 0x00, 0x00, 0x00, 0x10, 0x00, 0x58, 0x00, 0x92, 0x06, 0x70, 0x04, 0x01, 0x00,
     0x70, 0x00, 0x00, 0x08, 0x04, 0x60, 0x07, 0x00, 0x90, 0x13, 0x00, 0x30, 0x00, 0x00, 0x00, 0x00,
     0x56, 0x00, 0x00, 0x79, 0x20, 0x70, 0x10, 0x00, 0x00},  // #10 29 givens
    {0x73, 0x50, 0x80, 0x29, 0x00, 0x80, 0x00, 0x60, 0x00, 0x64, 0x09, 0x02, 0x00, 0x00, 0x00, 0x00,
     0x00, 0x00, 0x00, 0x30, 0x08, 0x10, 0x40, 0x90, 0x06, 0x00, 0x07, 0x15, 0x00, 0x40, 0x00, 0x30,
     0x07, 0x03, 0x08, 0x00, 0x30, 0x00, 0x00, 0x05, 0x00},  // #11 28 givens
    {0x80, 0x39, 0x00, 0x00, 0x40, 0x65, 0x30, 0x00, 0x70, 0x70, 0x06, 0x50, 0x00, 0x00, 0x87, 0x00,
     0x00, 0x30, 0x00, 0x00, 0x40, 0x90, 0x00, 0x02, 0x50, 0x70, 0x06, 0x00, 0x04, 0x06, 0x09, 0x09,
     0x00, 0x72, 0x00, 0x15, 0x07, 0x00, 0x90, 0x00, 0x00},  // #12 30 givens
    {0x80, 0x40, 0x70, 0x90, 0x00, 0x70, 0x08, 0x40, 0x06, 0x01, 0x06, 0x00, 0x80, 0x74, 0x00, 0x00,
     0x00, 0x00, 0x03, 0x00, 0x40, 0x00, 0x90, 0x02, 0x16, 0x34, 0x05, 0x05, 0x07, 0x10, 0x00, 0x00,
     0x28, 0x40, 0x67, 0x50, 0x00, 0x00, 0x02, 0x60, 0x00},  // #13 33 givens
    {0x50, 0x00, 0x90, 0x60, 0x03, 0x00, 0x10, 0x00, 0x02, 0x09, 0x03, 0x00, 0x04, 0x00, 0x00, 0x00,
     0x03, 0x26, 0x75, 0x28, 0x00, 0x00, 0x00, 0x00, 0x02, 0x48, 0x00, 0x00, 0x10, 0x00, 0x05, 0x70,
     0x00, 0x65, 0x04, 0x83, 0x03, 0x50, 0x00, 0x00, 0x90},  // #14 30 givens
    {0x02, 0x00, 0x00, 0x50, 0x00, 0x05, 0x20, 0x00, 0x00, 0x43, 0x80, 0x71, 0x06, 0x02, 0x03, 0x10,
     0x09, 0x06, 0x50, 0x04, 0x09, 0x80, 0x09, 0x00, 0x60, 0x70, 0x00, 0x30, 0x27, 0x60, 0x00, 0x58,
     0x10, 0x00, 0x00, 0x02, 0x00, 0x00, 0x00, 0x00, 0x70},  // #15 31 givens
    {0x00, 0x00, 0x00, 0x42, 0x04, 0x01, 0x39, 0x00, 0x00, 0x05, 0x00, 0x00, 0x00, 0x00, 0x49, 0x07,
     0x10, 0x00, 0x00, 0x06, 0x00, 0x07, 0x00, 0x70, 0x80, 0x90, 0x00, 0x13, 0x00, 0x00, 0x24, 0x59,
     0x00, 0x51, 0x76, 0x00, 0x50, 0x00, 0x00, 0x10, 0x00},  // #16 28 givens
    {0x00, 0x00, 0x00, 0x30, 0x00, 0x00, 0x09, 0x00, 0x00, 0x01, 0x00, 0x53, 0x97, 0x05, 0x00, 0x02,
     0x00, 0x00, 0x00, 0x00, 0x04, 0x80, 0x54, 0x20, 0x70, 0x01, 0x09, 0x09, 0x00, 0x70, 0x00, 0x30,
     0x03, 0x20, 0x86, 0x01, 0x10, 0x25, 0x00, 0x40, 0x00},  // #17 29 givens
    {0x00, 0x40, 0x02, 0x08, 0x78, 0x07, 0x00, 0x04, 0x00, 0x60, 0x94, 0x00, 0x00, 0x00, 0x90, 0x10,
     0x07, 0x00, 0x00, 0x08, 0x29, 0x00, 0x50, 0x03, 0x05, 0x00, 0x00, 0x00, 0x60, 0x00, 0x00, 0x41,
     0x05, 0x00, 0x39, 0x20, 0x43, 0x00, 0x01, 0x00, 0x00},  // #18 29 givens
    {0x00, 0x01, 0x50, 0x00, 0x00, 0x73, 0x08, 0x00, 0x00, 0x00, 0x57, 0x03, 0x68, 0x00, 0x07, 0x00,
     0x00, 0x34, 0x40, 0x00, 0x00, 0x10, 0x05, 0x60, 0x40, 0x00, 0x27, 0x70, 0x00, 0x00, 0x00, 0x81,
     0x00, 0x30, 0x05, 0x00, 0x00, 0x46, 0x00, 0x09, 0x00},  // #19 28 givens
    {0x00, 0x08, 0x00, 0x00, 0x50, 0x58, 0x40, 0x17, 0x00, 0x90, 0x10, 0x50, 0x00, 0x03, 0x00, 0x00,
     0x00, 0x40, 0x00, 0x20, 0x10, 0x07, 0x00, 0x07, 0x02, 0x40, 0x00, 0x00, 0x09, 0x82, 0x60, 0x02,
     0x06, 0x04, 0x01, 0x90, 0x00, 0x00, 0x00, 0x80, 0x20},  // #20 29 givens
    {0x74, 0x05, 0x00, 0x92, 0x80, 0x50, 0x07, 0x00, 0x14, 0x20, 0x98, 0x40, 0x70, 0x00, 0x00, 0x70,
     0x00, 0x09, 0x97, 0x00, 0x00, 0x50, 0x00, 0x60, 0x30, 0x00, 0x00, 0x00, 0x49, 0x60, 0x08, 0x70,
     0x07, 0x00, 0x20, 0x60, 0x10, 0x00, 0x00, 0x00, 0x00},  // #21 31 givens
    {0x00, 0x07, 0x00, 0x00, 0x00, 0x07, 0x38, 0x02, 0x01, 0x02, 0x00, 0x90, 0x80, 0x00, 0x73, 0x01,
     0x00, 0x90, 0x29, 0x04, 0x00, 0x60, 0x00, 0x15, 0x93, 0x00, 0x20, 0x00, 0x00, 0x00, 0x10, 0x00,
     0x80, 0x00, 0x50, 0x79, 0x50, 0x00, 0x00, 0x06, 0x00},  // #22 29 givens
    {0x30, 0x00, 0x01, 0x07, 0x40, 0x00, 0x09, 0x85, 0x00, 0x00, 0x00, 0x00, 0x01, 0x00, 0x30, 0x00,
     0x20, 0x07, 0x02, 0x00, 0x39, 0x00, 0x80, 0x98, 0x00, 0x00, 0x42, 0x00, 0x25, 0x00, 0x40, 0x00,
     0x84, 0x90, 0x00, 0x00, 0x90, 0x30, 0x07, 0x00, 0x00},  // #23 28 givens
    {0x00, 0x06, 0x43, 0x15, 0x03, 0x04, 0x10, 0x08, 0x00, 0x00, 0x57, 0x20, 0x00, 0x00, 0x00, 0x20,
     0x00, 0x00, 0x60, 0x30, 0x90, 0x04, 0x20, 0x29, 0x00, 0x06, 0x00, 0x00, 0x60, 0x10, 0x00, 0x08,
     0x07, 0x03, 0x00, 0x01, 0x50, 0x14, 0x00, 0x30, 0x00},  // #24 31 givens
    {0x02, 0x00, 0x00, 0x60, 0x00, 0x60, 0x10, 0x90, 0x80, 0x00, 0x04, 0x00, 0x05, 0x39, 0x30, 0x02,
     0x00, 0x01, 0x04, 0x60, 0x01, 0x07, 0x80, 0x00, 0x00, 0x09, 0x30, 0x00, 0x20, 0x03, 0x06, 0x90,
     0x00, 0x90, 0x08, 0x00, 0x08, 0x00, 0x50, 0x00, 0x00},  // #25 28 givens
    {0x00, 0x40, 0x70, 0x30, 0x20, 0x80, 0x30, 0x01, 0x40, 0x90, 0x00, 0x14, 0x65, 0x00, 0x09, 0x02,
     0x00, 0x70, 0x00, 0x09, 0x07, 0x01, 0x00, 0x07, 0x00, 0x04, 0x00, 0x00, 0x00, 0x60, 0x00, 0x03,
     0x01, 0x00, 0x80, 0x60, 0x02, 0x05, 0x40, 0x00, 0x00},  // #26 29 givens
    {0x40, 0x02, 0x00, 0x00, 0x00, 0x92, 0x04, 0x36, 0x07, 0x00, 0x69, 0x00, 0x05, 0x20, 0x60, 0x09,
     0x20, 0x00, 0x20, 0x06, 0x80, 0x90, 0x00, 0x00, 0x40, 0x00, 0x70, 0x30, 0x00, 0x00, 0x50, 0x16,
     0x05, 0x12, 0x00, 0x00, 0x00, 0x40, 0x00, 0x76, 0x00},  // #27 31 givens
    {0x00, 0x00, 0x23, 0x80, 0x04, 0x00, 0x00, 0x00, 0x50, 0x80, 0x00, 0x90, 0x03, 0x09, 0x03, 0x65,
     0x00, 0x00, 0x04, 0x80, 0x02, 0x06, 0x00, 0x60, 0x00, 0x10, 0x04, 0x00, 0x01, 0x07, 0x00, 0x01,
     0x70, 0x30, 0x00, 0x08, 0x60, 0x00, 0x09, 0x01, 0x00},  // #28 28 givens
    {0x02, 0x00, 0x00, 0x00, 0x04, 0x00, 0x00, 0x01, 0x80, 0x00, 0x00, 0x06, 0x73, 0x40, 0x00, 0x00,
     0x80, 0x03, 0x30, 0x60, 0x90, 0x80, 0x19, 0x00, 0x10, 0x46, 0x00, 0x00, 0x00, 0x60, 0x00, 0x05,
     0x00, 0x90, 0x02, 0x06, 0x00, 0x40, 0x03, 0x05, 0x80},  // #29 28 givens
    {0x00, 0x00, 0x80, 0x00, 0x99, 0x00, 0x20, 0x00, 0x87, 0x04, 0x09, 0x07, 0x03, 0x23, 0x14, 0x09,
     0x00, 0x00, 0x08, 0x00, 0x02, 0x00, 0x02, 0x00, 0x60, 0x00, 0x00, 0x80, 0x00, 0x00, 0x30, 0x55,
     0x90, 0x06, 0x32, 0x01, 0x03, 0x00, 0x10, 0x00, 0x00},  // #30 30 givens
    {0x06, 0x40, 0x80, 0x00, 0x09, 0x00, 0x40, 0x73, 0x25, 0x20, 0x00, 0x00, 0x06, 0x00, 0x00, 0x59,
     0x00, 0x03, 0x54, 0x20, 0x00, 0x00, 0x08, 0x00, 0x00, 0x10, 0x00, 0x70, 0x00, 0x00, 0x68, 0x01,
     0x00, 0x00, 0x00, 0x00, 0x42, 0x08, 0x70, 0x15, 0x00},  // #31 29 givens
    {0x00, 0x00, 0x46, 0x02, 0x00, 0x00, 0x00, 0x06, 0x03, 0x00, 0x07, 0x30, 0x05, 0x00, 0x02, 0x00,
     0x83, 0x00, 0x00, 0x03, 0x75, 0x08, 0x10, 0x31, 0x90, 0x00, 0x60, 0x00, 0x00, 0x03, 0x00, 0x20,
     0x46, 0x00, 0x17, 0x30, 0x05, 0x00, 0x00, 0x00, 0x00},  // #32 28 givens
    {0x00, 0x47, 0x00, 0x50, 0x07, 0x30, 0x10, 0x00, 0x00, 0x00, 0x09, 0x00, 0x01, 0x24, 0x00, 0x50,
     0x60, 0x00, 0x00, 0x64, 0x00, 0x00, 0x75, 0x70, 0x00, 0x96, 0x01, 0x00, 0x72, 0x00, 0x96, 0x50,
     0x00, 0x00, 0x00, 0x00, 0x98, 0x00, 0x00, 0x00, 0x40},  // #33 28 givens
    {0x80, 0x00, 0x00, 0x90, 0x07, 0x94, 0x00, 0x00, 0x10, 0x53, 0x00, 0x00, 0x00, 0x70, 0x81, 0x94,
     0x50, 0x06, 0x02, 0x00, 0x06, 0x00, 0x06, 0x00, 0x82, 0x10, 0x90, 0x90, 0x80, 0x00, 0x50, 0x00,
     0x53, 0x00, 0x08, 0x00, 0x00, 0x04, 0x08, 0x00, 0x00},  // #34 30 givens
    {0x00, 0x00, 0x06, 0x00, 0x01, 0x00, 0x45, 0x09, 0x06, 0x05, 0x00, 0x91, 0x00, 0x00, 0x00, 0x00,
     0x70, 0x40, 0x08, 0x70, 0x00, 0x09, 0x10, 0x01, 0x00, 0x90, 0x08, 0x26, 0x51, 0x00, 0x00, 0x00,
     0x10, 0x04, 0x00, 0x00, 0x80, 0x00, 0x30, 0x12, 0x00},  // #35 28 givens
    {0x00, 0x67, 0x80, 0x30, 0x00, 0x00, 0x00, 0x17, 0x00, 0x00, 0x79, 0x03, 0x61, 0x00, 0x00, 0x00,
     0x00, 0x50, 0x00, 0x08, 0x05, 0x00, 0x30, 0x00, 0x03, 0x09, 0x02, 0x42, 0x00, 0x79, 0x80, 0x08,
     0x03, 0x00, 0x00, 0x40, 0x70, 0x10, 0x00, 0x00, 0x90},  // #36 29 givens
    {0x00, 0x00, 0x00, 0x04, 0x00, 0x60, 0x75, 0x00, 0x93, 0x07, 0x00, 0x30, 0x80, 0x50, 0x00, 0x62,
     0x94, 0x00, 0x00, 0x71, 0x45, 0x30, 0x06, 0x00, 0x07, 0x00, 0x00, 0x05, 0x03, 0x92, 0x00, 0x07,
     0x00, 0x06, 0x00, 0x09, 0x30, 0x45, 0x07, 0x00, 0x60},  // #37 33 givens
    {0x60, 0x00, 0x08, 0x00, 0x00, 0x00, 0x01, 0x00, 0x09, 0x00, 0x79, 0x40, 0x60, 0x00, 0x50, 0x00,
     0x04, 0x90, 0x01, 0x05, 0x00, 0x06, 0x30, 0x60, 0x00, 0x40, 0x10, 0x29, 0x07, 0x00, 0x10, 0x00,
     0x00, 0x05, 0x90, 0x30, 0x00, 0x50, 0x01, 0x00, 0x60},  // #38 28 givens
    {0x96, 0x00, 0x00, 0x07, 0x80, 0x15, 0x60, 0x80, 0x00, 0x08, 0x03, 0x00, 0x21, 0x00, 0x20, 0x70,
     0x00, 0x00, 0x00, 0x71, 0x50, 0x00, 0x00, 0x00, 0x83, 0x20, 0x90, 0x60, 0x00, 0x00, 0x02, 0x00,
     0x90, 0x08, 0x06, 0x05, 0x07, 0x00, 0x00, 0x40, 0x00},  // #39 29 givens
    {0x05, 0x00, 0x00, 0x00, 0x00, 0x80, 0x61, 0x02, 0x05, 0x20, 0x00, 0x00, 0x03, 0x10, 0x00, 0x16,
     0x40, 0x02, 0x40, 0x03, 0x00, 0x10, 0x61, 0x02, 0x07, 0x00, 0x90, 0x00, 0x02, 0x00, 0x61, 0x09,
     0x18, 0x00, 0x03, 0x00, 0x60, 0x70, 0x01, 0x00, 0x90},  // #40 32 givens
    {0x01, 0x56, 0x00, 0x70, 0x29, 0x00, 0x70, 0x24, 0x00, 0x00, 0x00, 0x00, 0x06, 0x81, 0x03, 0x00,
     0x60, 0x04, 0x00, 0x00, 0x50, 0x00, 0x00, 0x00, 0x00, 0x46, 0x00, 0x02, 0x00, 0x07, 0x10, 0x00,
     0x07, 0x28, 0x15, 0x06, 0x06, 0x00, 0x09, 0x00, 0x00},  // #41 29 givens
    {0x70, 0x00, 0x95, 0x00, 0x00, 0x91, 0x03, 0x00, 0x50, 0x20, 0x00, 0x00, 0x30, 0x01, 0x00, 0x50,
     0x70, 0x94, 0x02, 0x70, 0x09, 0x00, 0x00, 0x00, 0x00, 0x01, 0x00, 0x00, 0x60, 0x50, 0x42, 0x05,
     0x00, 0x40, 0x00, 0x10, 0x40, 0x00, 0x01, 0x50, 0x00},  // #42 28 givens
    {0x50, 0x16, 0x90, 0x40, 0x80, 0x40, 0x08, 0x71, 0x00, 0x00, 0x70, 0x50, 0x09, 0x09, 0x00, 0x50,
     0x00, 0x00, 0x00, 0x07, 0x30, 0x00, 0x07, 0x60, 0x00, 0x00, 0x50, 0x15, 0x09, 0x20, 0x00, 0x08,
     0x00, 0x00, 0x00, 0x06, 0x00, 0x08, 0x00, 0x30, 0x00},  // #43 28 givens
    {0x00, 0x09, 0x06, 0x04, 0x10, 0x40, 0x00, 0x03, 0x00, 0x06, 0x00, 0x38, 0x00, 0x56, 0x00, 0x00,
     0x41, 0x09, 0x00, 0x00, 0x00, 0x05, 0x00, 0x70, 0x35, 0x00, 0x80, 0x71, 0x20, 0x05, 0x00, 0x08,
     0x50, 0x00, 0x70, 0x00, 0x09, 0x01, 0x00, 0x50, 0x00},  // #44 29 givens
    {0x10, 0x00, 0x00, 0x03, 0x04, 0x87, 0x02, 0x00, 0x69, 0x00, 0x30, 0x00, 0x40, 0x80, 0x20, 0x80,
     0x00, 0x00, 0x00, 0x10, 0x00, 0x39, 0x00, 0x00, 0x06, 0x40, 0x00, 0x01, 0x07, 0x08, 0x90, 0x40,
     0x00, 0x10, 0x90, 0x00, 0x70, 0x00, 0x02, 0x01, 0x00},  // #45 28 givens
    {0x00, 0x01, 0x00, 0x05, 0x06, 0x50, 0x04, 0x20, 0x00, 0x00, 0x00, 0x58, 0x07, 0x90, 0x60, 0x20,
     0x09, 0x00, 0x02, 0x00, 0x00, 0x70, 0x10, 0x04, 0x00, 0x90, 0x00, 0x10, 0x60, 0x00, 0x80, 0x78,
     0x00, 0x02, 0x00, 0x13, 0x20, 0x70, 0x00, 0x09, 0x00},  // #46 29 givens
    {0x05, 0x00, 0x00, 0x00, 0x60, 0x00, 0x01, 0x00, 0x59, 0x19, 0x00, 0x00, 0x08, 0x00, 0x05, 0x30,
     0x10, 0x00, 0x00, 0x12, 0x05, 0x60, 0x07, 0x08, 0x09, 0x60, 0x00, 0x00, 0x69, 0x20, 0x00, 0x05,
     0x03, 0x00, 0x09, 0x20, 0x01, 0x00, 0x08, 0x00, 0x30},  // #47 29 givens
    {0x00, 0x00, 0x00, 0x00, 0x10, 0x40, 0x09, 0x06, 0x00, 0x02, 0x03, 0x00, 0x40, 0x00, 0x00, 0x26,
     0x08, 0x90, 0x70, 0x00, 0x00, 0x00, 0x68, 0x03, 0x05, 0x90, 0x00, 0x03, 0x05, 0x10, 0x00, 0x06,
     0x54, 0x90, 0x02, 0x10, 0x07, 0x90, 0x08, 0x03, 0x00},  // #48 30 givens
    {0x00, 0x50, 0x80, 0x00, 0x00, 0x00, 0x30, 0x90, 0x00, 0x80, 0x10, 0x60, 0x39, 0x50, 0x00, 0x02,
     0x60, 0x03, 0x00, 0x00, 0x00, 0x00, 0x82, 0x04, 0x07, 0x36, 0x09, 0x48, 0x06, 0x02, 0x03, 0x00,
     0x20, 0x00, 0x19, 0x00, 0x00, 0x00, 0x00, 0x20, 0x70},  // #49 30 givens
    {0x00, 0x01, 0x05, 0x90, 0x01, 0x00, 0x07, 0x20, 0x03, 0x00, 0x00, 0x00, 0x10, 0x09, 0x00, 0x00,
     0x80, 0x00, 0x40, 0x50, 0x00, 0x08, 0x00, 0x80, 0x09, 0x02, 0x45, 0x01, 0x00, 0x30, 0x00, 0x00,
     0x23, 0x01, 0x00, 0x68, 0x69, 0x00, 0x50, 0x03, 0x00},  // #50 29 givens
    {0x30, 0x00, 0x00, 0x20, 0x90, 0x40, 0x03, 0x08, 0x00, 0x78, 0x00, 0x00, 0x06, 0x30, 0x00, 0x01,
     0x05, 0x00, 0x90, 0x07, 0x04, 0x00, 0x80, 0x23, 0x00, 0x00, 0x06, 0x00, 0x21, 0x05, 0x00, 0x01,
     0x30, 0x00, 0x60, 0x02, 0x00, 0x49, 0x23, 0x00, 0x10},  // #51 31 givens
    {0x28, 0x04, 0x30, 0x00, 0x00, 0x07, 0x00, 0x98, 0x43, 0x09, 0x08, 0x05, 0x00, 0x27, 0x00, 0x00,
     0x02, 0x05, 0x02, 0x00, 0x08, 0x90, 0x10, 0x00, 0x50, 0x70, 0x00, 0x07, 0x06, 0x00, 0x02, 0x04,
     0x00, 0x00, 0x05, 0x06, 0x00, 0x00, 0x02, 0x00, 0x00},  // #52 29 givens
    {0x00, 0x90, 0x20, 0x07, 0x03, 0x00, 0x90, 0x00, 0x06, 0x00, 0x00, 0x46, 0x30, 0x00, 0x75, 0x00,
     0x00, 0x00, 0x90, 0x60, 0x10, 0x00, 0x20, 0x24, 0x03, 0x00, 0x00, 0x60, 0x00, 0x02, 0x85, 0x70,
     0x00, 0x07, 0x10, 0x00, 0x00, 0x08, 0x60, 0x00, 0x30},  // #53 28 givens
    {0x00, 0x00, 0x09, 0x08, 0x00, 0x07, 0x56, 0x84, 0x20, 0x00, 0x90, 0x00, 0x00, 0x09, 0x02, 0x00,
     0x40, 0x50, 0x00, 0x02, 0x00, 0x00, 0x40, 0x34, 0x00, 0x08, 0x70, 0x20, 0x03, 0x40, 0x00, 0x04,
     0x03, 0x10, 0x00, 0x90, 0x50, 0x00, 0x02, 0x30, 0x70},  // #54 30 givens
    {0x00, 0x01, 0x09, 0x20, 0x00, 0x00, 0x06, 0x34, 0x00, 0x09, 0x00, 0x50, 0x63, 0x00, 0x09, 0x00,
     0x50, 0x00, 0x68, 0x40, 0x07, 0x90, 0x00, 0x17, 0x60, 0x03, 0x00, 0x00, 0x05, 0x00, 0x80, 0x41,
     0x00, 0x00, 0x05, 0x23, 0x00, 0x30, 0x00, 0x70, 0x00},  // #55 30 givens
    {0x00, 0x00, 0x07, 0x20, 0x80, 0x00, 0x00, 0x26, 0x15, 0x01, 0x00, 0x06, 0x00, 0x01, 0x09, 0x00,
     0x00, 0x30, 0x00, 0x72, 0x40, 0x05, 0x05, 0x00, 0x00, 0x10, 0x00, 0x60, 0x00, 0x00, 0x09, 0x00,
     0x00, 0x00, 0x00, 0x23, 0x02, 0x18, 0x00, 0x46, 0x70},  // #56 28 givens
    {0x90, 0x00, 0x00, 0x30, 0x00, 0x43, 0x90, 0x00, 0x06, 0x70, 0x00, 0x00, 0x92, 0x44, 0x79, 0x02,
     0x06, 0x00, 0x50, 0x80, 0x00, 0x03, 0x00, 0x00, 0x07, 0x04, 0x00, 0x60, 0x00, 0x89, 0x00, 0x00,
     0x30, 0x50, 0x00, 0x80, 0x00, 0x04, 0x30, 0x00, 0x10},  // #57 29 givens
    {0x01, 0x07, 0x00, 0x03, 0x50, 0x59, 0x30, 0x00, 0x40, 0x00, 0x00, 0x01, 0x00, 0x75, 0x00, 0x00,
     0x09, 0x00, 0x30, 0x21, 0x40, 0x00, 0x06, 0x07, 0x90, 0x04, 0x03, 0x97, 0x50, 0x03, 0x16, 0x00,
     0x00, 0x00, 0x03, 0x04, 0x02, 0x00, 0x16, 0x00, 0x00},  // #58 32 givens
    {0x18, 0x00, 0x40, 0x30, 0x06, 0x03, 0x00, 0x20, 0x08, 0x90, 0x03, 0x08, 0x07, 0x00, 0x60, 0x40,
     0x00, 0x00, 0x00, 0x00, 0x23, 0x41, 0x70, 0x04, 0x00, 0x95, 0x60, 0x73, 0x60, 0x00, 0x00, 0x50,
     0x50, 0x80, 0x00, 0x00, 0x00, 0x00, 0x30, 0x00, 0x60},  // #59 31 givens
    {0x00, 0x00, 0x90, 0x04, 0x60, 0x03, 0x25, 0x00, 0x07, 0x00, 0x00, 0x07, 0x02, 0x03, 0x05, 0x00,
     0x07, 0x00, 0x00, 0x60, 0x00, 0x00, 0x12, 0x04, 0x07, 0x38, 0x00, 0x05, 0x00, 0x34, 0x08, 0x00,
     0x02, 0x00, 0x00, 0x05, 0x00, 0x80, 0x05, 0x40, 0x00},  // #60 28 givens
    {0x00, 0x05, 0x00, 0x06, 0x00, 0x50, 0x06, 0x20, 0x10, 0x20, 0x00, 0x03, 0x00, 0x00, 0x60, 0x02,
     0x90, 0x01, 0x00, 0x30, 0x00, 0x70, 0x21, 0x20, 0x80, 0x50, 0x06, 0x00, 0x09, 0x08, 0x00, 0x05,
     0x04, 0x00, 0x00, 0x70, 0x07, 0x00, 0x04, 0x00, 0x90},  // #61 28 givens
    {0x00, 0x10, 0x50, 0x90, 0x03, 0x02, 0x08, 0x00, 0x67, 0x07, 0x02, 0x06, 0x03, 0x00, 0x00, 0x02,
     0x90, 0x40, 0x80, 0x00, 0x04, 0x00, 0x50, 0x20, 0x00, 0x00, 0x80, 0x00, 0x69, 0x05, 0x00, 0x00,
     0x09, 0x00, 0x04, 0x00, 0x00, 0x00, 0x60, 0x01, 0x90},  // #62 28 givens
    {0x00, 0x00, 0x92, 0x75, 0x09, 0x02, 0x00, 0x50, 0x00, 0x00, 0x06, 0x00, 0x12, 0x00, 0x00, 0x70,
     0x14, 0x00, 0x52, 0x09, 0x08, 0x30, 0x70, 0x70, 0x00, 0x00, 0x02, 0x00, 0x04, 0x03, 0x20, 0x00,
     0x80, 0x00, 0x00, 0x40, 0x40, 0x60, 0x00, 0x00, 0x00},  // #63 28 givens
    {0x00, 0x01, 0x40, 0x09, 0x00, 0x00, 0x00, 0x98, 0x00, 0x00, 0x00, 0x00, 0x15, 0x00, 0x02, 0x31,
     0x00, 0x06, 0x03, 0x76, 0x04, 0x50, 0x06, 0x50, 0x00, 0x70, 0x10, 0x40, 0x00, 0x50, 0x00, 0x03,
     0x00, 0x08, 0x07, 0x41, 0x00, 0x00, 0x70, 0x60, 0x00},  // #64 29 givens
    {0x01, 0x00, 0x49, 0x00, 0x00, 0x04, 0x13, 0x80, 0x00, 0x30, 0x00, 0x00, 0x00, 0x48, 0x01, 0x00,
     0x20, 0x00, 0x20, 0x00, 0x00, 0x08, 0x00, 0x00, 0x70, 0x15, 0x03, 0x00, 0x80, 0x04, 0x20, 0x00,
     0x00, 0x07, 0x00, 0x49, 0x00, 0x98, 0x00, 0x36, 0x00},  // #65 28 givens
    {0x02, 0x05, 0x08, 0x00, 0x08, 0x06, 0x10, 0x30, 0x00, 0x30, 0x19, 0x02, 0x06, 0x70, 0x00, 0x00,
     0x90, 0x02, 0x00, 0x07, 0x05, 0x19, 0x00, 0x09, 0x03, 0x04, 0x00, 0x06, 0x00, 0x00, 0x00, 0x00,
     0x70, 0x00, 0x16, 0x85, 0x10, 0x00, 0x00, 0x70, 0x00},  // #66 30 givens
    {0x00, 0x10, 0x06, 0x00, 0x03, 0x07, 0x00, 0x49, 0x00, 0x06, 0x40, 0x80, 0x00, 0x00, 0x00, 0x00,
     0x05, 0x94, 0x09, 0x00, 0x00, 0x02, 0x70, 0x73, 0x00, 0x06, 0x00, 0x00, 0x00, 0x20, 0x43, 0x60,
     0x06, 0x04, 0x70, 0x59, 0x00, 0x05, 0x00, 0x00, 0x20},  // #67 29 givens
    {0x00, 0x00, 0x05, 0x00, 0x00, 0x00, 0x70, 0x00, 0x05, 0x10, 0x60, 0x00, 0x00, 0x30, 0x80, 0x40,
     0x10, 0x50, 0x62, 0x50, 0x90, 0x10, 0x00, 0x13, 0x02, 0x00, 0x08, 0x90, 0x03, 0x40, 0x00, 0x03,
     0x00, 0x05, 0x04, 0x00, 0x00, 0x20, 0x00, 0x03, 0x60},  // #68 28 givens
    {0x00, 0x01, 0x00, 0x00, 0x08, 0x20, 0x06, 0x00, 0x04, 0x07, 0x02, 0x80, 0x00, 0x00, 0x10, 0x04,
     0x09, 0x50, 0x00, 0x00, 0x00, 0x80, 0x15, 0x60, 0x01, 0x30, 0x07, 0x00, 0x45, 0x00, 0x70, 0x00,
     0x03, 0x00, 0x80, 0x00, 0x00, 0x76, 0x01, 0x00, 0x90},  // #69 28 givens
    {0x50, 0x30, 0x90, 0x08, 0x00, 0x20, 0x34, 0x05, 0x00, 0x00, 0x82, 0x10, 0x60, 0x40, 0x00, 0x90,
     0x00, 0x05, 0x90, 0x00, 0x07, 0x40, 0x00, 0x00, 0x03, 0x09, 0x00, 0x40, 0x00, 0x70, 0x06, 0x03,
     0x17, 0x60, 0x02, 0x00, 0x60, 0x01, 0x00, 0x00, 0x00},  // #70 30 givens
    {0x52, 0x17, 0x00, 0x04, 0x00, 0x03, 0x18, 0x60, 0x00, 0x09, 0x60, 0x00, 0x30, 0x10, 0x05, 0x06,
     0x00, 0x00, 0x00, 0x02, 0x70, 0x00, 0x07, 0x00, 0x00, 0x40, 0x80, 0x10, 0x06, 0x09, 0x03, 0x89,
     0x00, 0x50, 0x10, 0x00, 0x00, 0x40, 0x00, 0x00, 0x00},  // #71 29 givens
    {0x00, 0x06, 0x00, 0x00, 0x04, 0x03, 0x02, 0x00, 0x00, 0x92, 0x00, 0x00, 0x84, 0x00, 0x05, 0x30,
     0x86, 0x70, 0x00, 0x05, 0x00, 0x10, 0x00, 0x00, 0x00, 0x00, 0x00, 0x00, 0x84, 0x03, 0x00, 0x63,
     0x09, 0x28, 0x00, 0x07, 0x10, 0x27, 0x09, 0x08, 0x00},  // #72 29 givens
    {0x02, 0x00, 0x00, 0x00, 0x30, 0x00, 0x30, 0x01, 0x80, 0x30, 0x09, 0x00, 0x05, 0x20, 0x50, 0x04,
     0x00, 0x37, 0x00, 0x00, 0x09, 0x00, 0x04, 0x00, 0x72, 0x00, 0x00, 0x89, 0x04, 0x70, 0x20, 0x07,
     0x02, 0x10, 0x00, 0x60, 0x10, 0x00, 0x80, 0x00, 0x90},  // #73 29 givens
    {0x04, 0x60, 0x00, 0x50, 0x00, 0x00, 0x05, 0x36, 0x00, 0x20, 0x09, 0x00, 0x84, 0x00, 0x00, 0x02,
     0x04, 0x00, 0x00, 0x05, 0x09, 0x03, 0x60, 0x90, 0x03, 0x60, 0x80, 0x08, 0x30, 0x00, 0x05, 0x00,
     0x60, 0x07, 0x50, 0x10, 0x00, 0x10, 0x98, 0x00, 0x00},  // #74 30 givens
    {0x00, 0x00, 0x90, 0x06, 0x00, 0x20, 0x60, 0x10, 0x00, 0x60, 0x10, 0x30, 0x48, 0x00, 0x50, 0x00,
     0x00, 0x04, 0x00, 0x80, 0x00, 0x00, 0x02, 0x16, 0x04, 0x00, 0x30, 0x70, 0x90, 0x00, 0x32, 0x00,
     0x00, 0x26, 0x70, 0x50, 0x50, 0x20, 0x13, 0x64, 0x00},  // #75 32 givens
    {0x78, 0x02, 0x00, 0x10, 0x00, 0x90, 0x00, 0x80, 0x50, 0x05, 0x40, 0x10, 0x08, 0x00, 0x00, 0x00,
     0x53, 0x10, 0x00, 0x94, 0x00, 0x70, 0x04, 0x10, 0x82, 0x00, 0x00, 0x00, 0x00, 0x07, 0x00, 0x00,
     0x05, 0x08, 0x00, 0x01, 0x10, 0x00, 0x40, 0x06, 0x00},  // #76 28 givens
    {0x00, 0x00, 0x00, 0x00, 0x00, 0x08, 0x60, 0x05, 0x02, 0x40, 0x00, 0x17, 0x00, 0x00, 0x03, 0x90,
     0x00, 0x00, 0x00, 0x17, 0x00, 0x60, 0x00, 0x06, 0x15, 0x04, 0x39, 0x36, 0x00, 0x01, 0x75, 0x00,
     0x19, 0x00, 0x00, 0x00, 0x08, 0x03, 0x00, 0x01, 0x60},  // #77 29 givens
    {0x90, 0x00, 0x00, 0x08, 0x00, 0x07, 0x02, 0x00, 0x00, 0x08, 0x00, 0x40, 0x00, 0x30, 0x00, 0x00,
     0x72, 0x90, 0x02, 0x68, 0x01, 0x00, 0x00, 0x09, 0x00, 0x20, 0x40, 0x39, 0x00, 0x00, 0x82, 0x06,
     0x08, 0x25, 0x90, 0x70, 0x00, 0x00, 0x00, 0x05, 0x00},  // #78 28 givens
    {0x00, 0x00, 0x07, 0x20, 0x01, 0x90, 0x00, 0x00, 0x60, 0x07, 0x00, 0x20, 0x03, 0x00, 0x07, 0x10,
     0x90, 0x00, 0x00, 0x06, 0x00, 0x10, 0x04, 0x01, 0x05, 0x00, 0x80, 0x00, 0x94, 0x60, 0x50, 0x80,
     0x00, 0x07, 0x16, 0x00, 0x60, 0x00, 0x00, 0x47, 0x00},  // #79 28 givens
    {0x02, 0x01, 0x06, 0x93, 0x00, 0x00, 0x30, 0x50, 0x20, 0x18, 0x02, 0x40, 0x07, 0x50, 0x30, 0x90,
     0x00, 0x00, 0x91, 0x00, 0x03, 0x00, 0x04, 0x00, 0x00, 0x00, 0x00, 0x00, 0x00, 0x00, 0x20, 0x00,
     0x60, 0x40, 0x13, 0x07, 0x70, 0x40, 0x00, 0x01, 0x00},  // #80 29 givens
    {0x00, 0x40, 0x00, 0x30, 0x50, 0x00, 0x50, 0x70, 0x00, 0x05, 0x00, 0x00, 0x01, 0x07, 0x00, 0x05,
     0x01, 0x60, 0x20, 0x00, 0x70, 0x00, 0x35, 0x08, 0x00, 0x09, 0x20, 0x63, 0x00, 0x00, 0x40, 0x00,
     0x09, 0x01, 0x87, 0x50, 0x00, 0x50, 0x09, 0x00, 0x00},  // #81 28 givens
    {0x10, 0x04, 0x00, 0x03, 0x00, 0x90, 0x50, 0x08, 0x40, 0x04, 0x00, 0x07, 0x19, 0x53, 0x04, 0x00,
     0x90, 0x00, 0x96, 0x00, 0x00, 0x00, 0x00, 0x07, 0x84, 0x00, 0x00, 0x40, 0x60, 0x08, 0x05, 0x00,
     0x59, 0x70, 0x14, 0x20, 0x00, 0x00, 0x00, 0x78, 0x00},  // #82 32 givens
    {0x04, 0x90, 0x00, 0x03, 0x00, 0x05, 0x00, 0x20, 0x40, 0x23, 0x00, 0x04, 0x00, 0x00, 0x00, 0x04,
     0x10, 0x83, 0x00, 0x10, 0x60, 0x00, 0x50, 0x00, 0x08, 0x06, 0x10, 0x95, 0x00, 0x18, 0x06, 0x00,
     0x70, 0x05, 0x60, 0x90, 0x00, 0x87, 0x09, 0x05, 0x00},  // #83 32 givens
    {0x10, 0x04, 0x90, 0x00, 0x20, 0x59, 0x02, 0x00, 0x70, 0x00, 0x00, 0x06, 0x01, 0x00, 0x00, 0x00,
     0x54, 0x20, 0x00, 0x00, 0x00, 0x70, 0x05, 0x73, 0x04, 0x00, 0x00, 0x00, 0x00, 0x89, 0x00, 0x03,
     0x00, 0x20, 0x05, 0x00, 0x40, 0x05, 0x01, 0x03, 0x80},  // #84 28 givens
    {0x00, 0x05, 0x00, 0x00, 0x68, 0x50, 0x00, 0x10, 0x00, 0x00, 0x00, 0x02, 0x80, 0x00, 0x00, 0x64,
     0x09, 0x01, 0x30, 0x12, 0x07, 0x68, 0x00, 0x70, 0x00, 0x80, 0x30, 0x00, 0x00, 0x00, 0x40, 0x80,
     0x86, 0x01, 0x45, 0x00, 0x00, 0x30, 0x00, 0x00, 0x00},  // #85 28 givens
    {0x30, 0x00, 0x05, 0x01, 0x60, 0x00, 0x06, 0x03, 0x00, 0x60, 0x73, 0x01, 0x29, 0x01, 0x02, 0x80,
     0x00, 0x03, 0x00, 0x06, 0x00, 0x00, 0x10, 0x00, 0x41, 0x00, 0x00, 0x50, 0x02, 0x30, 0x06, 0x00,
     0x00, 0x04, 0x08, 0x30, 0x70, 0x01, 0x00, 0x00, 0x20},  // #86 30 givens
    {0x00, 0x00, 0x00, 0x90, 0x00, 0x58, 0x04, 0x07, 0x60, 0x93, 0x00, 0x00, 0x00, 0x01, 0x90, 0x00,
     0x06, 0x00, 0x00, 0x03, 0x70, 0x01, 0x04, 0x00, 0x06, 0x82, 0x30, 0x08, 0x04, 0x00, 0x09, 0x23,
     0x06, 0x80, 0x01, 0x07, 0x00, 0x00, 0x30, 0x00, 0x00},  // #87 29 givens
    {0x00, 0x00, 0x90, 0x70, 0x69, 0x00, 0x03, 0x00, 0x04, 0x00, 0x10, 0x45, 0x08, 0x04, 0x07, 0x90,
     0x01, 0x00, 0x09, 0x01, 0x67, 0x40, 0x00, 0x00, 0x02, 0x00, 0x50, 0x04, 0x00, 0x02, 0x00, 0x05,
     0x03, 0x40, 0x00, 0x00, 0x00, 0x90, 0x00, 0x00, 0x10},  // #88 28 givens
    {0x50, 0x00, 0x08, 0x00, 0x20, 0x20, 0x31, 0x08, 0x00, 0x00, 0x32, 0x70, 0x00, 0x40, 0x70, 0x02,
     0x91, 0x08, 0x00, 0x00, 0x00, 0x20, 0x70, 0x60, 0x18, 0x09, 0x40, 0x13, 0x00, 0x92, 0x40, 0x00,
     0x08, 0x04, 0x00, 0x00, 0x00, 0x20, 0x00, 0x00, 0x00},  // #89 31 givens
    {0x00, 0x00, 0x00, 0x07, 0x00, 0x47, 0x98, 0x20, 0x00, 0x00, 0x20, 0x30, 0x09, 0x00, 0x00, 0x60,
     0x39, 0x10, 0x03, 0x00, 0x09, 0x20, 0x52, 0x09, 0x00, 0x10, 0x06, 0x07, 0x00, 0x00, 0x30, 0x00,
     0x05, 0x01, 0x40, 0x00, 0x00, 0x30, 0x06, 0x00, 0x00},  // #90 28 givens
    {0x95, 0x00, 0x01, 0x00, 0x80, 0x07, 0x00, 0x03, 0x00, 0x01, 0x35, 0x02, 0x06, 0x00, 0x30, 0x00,
     0x00, 0x00, 0x00, 0x00, 0x70, 0x00, 0x00, 0x08, 0x05, 0x37, 0x02, 0x30, 0x10, 0x00, 0x60, 0x00,
     0x70, 0x36, 0x00, 0x20, 0x56, 0x04, 0x00, 0x00, 0x30},  // #91 29 givens
    {0x80, 0x00, 0x43, 0x00, 0x62, 0x14, 0x70, 0x00, 0x30, 0x00, 0x01, 0x00, 0x00, 0x01, 0x02, 0x00,
     0x97, 0x03, 0x03, 0x04, 0x07, 0x00, 0x00, 0x00, 0x50, 0x01, 0x69, 0x00, 0x10, 0x20, 0x00, 0x04,
     0x60, 0x80, 0x00, 0x00, 0x00, 0x03, 0x04, 0x00, 0x00},  // #92 29 givens
    {0x00, 0x00, 0x50, 0x00, 0x01, 0x00, 0x27, 0x00, 0x00, 0x65, 0x09, 0x30, 0x00, 0x00, 0x05, 0x60,
     0x91, 0x07, 0x00, 0x20, 0x00, 0x63, 0x04, 0x00, 0x00, 0x09, 0x00, 0x02, 0x10, 0x65, 0x00, 0x30,
     0x90, 0x01, 0x40, 0x50, 0x00, 0x43, 0x02, 0x70, 0x10},  // #93 32 givens
    {0x18, 0x07, 0x00, 0x03, 0x90, 0x30, 0x00, 0x10, 0x00, 0x67, 0x24, 0x93, 0x00, 0x00, 0x00, 0x30,
     0x20, 0x08, 0x05, 0x00, 0x60, 0x40, 0x00, 0x00, 0x51, 0x00, 0x90, 0x02, 0x50, 0x00, 0x04, 0x70,
     0x90, 0x00, 0x00, 0x00, 0x00, 0x00, 0x27, 0x90, 0x00},  // #94 30 givens
    {0x02, 0x00, 0x08, 0x00, 0x64, 0x00, 0x70, 0x62, 0x00, 0x67, 0x09, 0x23, 0x05, 0x00, 0x04, 0x09,
     0x00, 0x02, 0x20, 0x06, 0x00, 0x00, 0x00, 0x80, 0x05, 0x00, 0x07, 0x70, 0x00, 0x00, 0x96, 0x00,
     0x03, 0x26, 0x17, 0x00, 0x00, 0x00, 0x00, 0x02, 0x50},  // #95 31 givens
    {0x30, 0x00, 0x06, 0x00, 0x78, 0x50, 0x09, 0x00, 0x00, 0x01, 0x60, 0x70, 0x50, 0x00, 0x00, 0x00,
     0x00, 0x20, 0x00, 0x50, 0x40, 0x17, 0x60, 0x41, 0x00, 0x00, 0x00, 0x07, 0x09, 0x80, 0x00, 0x00,
     0x64, 0x02, 0x00, 0x01, 0x00, 0x30, 0x60, 0x05, 0x00},  // #96 28 givens
    {0x10, 0x00, 0x40, 0x00, 0x00, 0x60, 0x02, 0x31, 0x50, 0x05, 0x80, 0x60, 0x00, 0x07, 0x03, 0x00,
     0x00, 0x09, 0x50, 0x00, 0x80, 0x01, 0x00, 0x00, 0x20, 0x60, 0x00, 0x80, 0x90, 0x05, 0x30, 0x60,
     0x00, 0x00, 0x09, 0x05, 0x00, 0x08, 0x00, 0x07, 0x10},  // #97 28 givens
    {0x00, 0x00, 0x00, 0x06, 0x94, 0x20, 0x30, 0x00, 0x07, 0x76, 0x00, 0x05, 0x04, 0x88, 0x30, 0x20,
     0x04, 0x06, 0x00, 0x25, 0x04, 0x00, 0x00, 0x04, 0x00, 0x00, 0x02, 0x30, 0x04, 0x80, 0x00, 0x05,
     0x40, 0x90, 0x00, 0x03, 0x00, 0x00, 0x00, 0x17, 0x00},  // #98 30 givens
    {0x00, 0x00, 0x04, 0x20, 0x30, 0x30, 0x00, 0x14, 0x00, 0x04, 0x00, 0x70, 0x00, 0x02, 0x09, 0x00,
     0x00, 0x00, 0x30, 0x00, 0x02, 0x75, 0x60, 0x06, 0x00, 0x03, 0x00, 0x00, 0x80, 0x07, 0x03, 0x57,
     0x01, 0x80, 0x39, 0x20, 0x40, 0x00, 0x29, 0x00, 0x70},  // #99 31 givens
    {0x00, 0x73, 0x51, 0x00, 0x00, 0x00, 0x07, 0x00, 0x01, 0x00, 0x00, 0x06, 0x09, 0x00, 0x10, 0x40,
     0x00, 0x78, 0x48, 0x20, 0x90, 0x00, 0x60, 0x00, 0x00, 0x00, 0x04, 0x07, 0x09, 0x30, 0x10, 0x08,
     0x00, 0x60, 0x00, 0x29, 0x50, 0x10, 0x80, 0x00, 0x00},  // #100 29 givens
    {0x00, 0x32, 0x80, 0x40, 0x01, 0x40, 0x09, 0x30, 0x00, 0x09, 0x00, 0x00, 0x00, 0x00, 0x00, 0x00,
     0x00, 0x00, 0x90, 0x20, 0x78, 0x60, 0x30, 0x00, 0x60, 0x07, 0x02, 0x07, 0x00, 0x00, 0x34, 0x60,
     0x09, 0x00, 0x00, 0x28, 0x80, 0x00, 0x50, 0x07, 0x00},  // #101 28 givens
    {0x03, 0x45, 0x90, 0x60, 0x00, 0x09, 0x00, 0x85, 0x10, 0x70, 0x01, 0x20, 0x00, 0x40, 0x05, 0x07,
     0x00, 0x20, 0x24, 0x00, 0x00, 0x70, 0x00, 0x97, 0x00, 0x00, 0x06, 0x00, 0x20, 0x00, 0x30, 0x80,
     0x03, 0x00, 0x90, 0x00, 0x08, 0x60, 0x00, 0x00, 0x50},  // #102 30 givens
    {0x05, 0x40, 0x09, 0x72, 0x00, 0x09, 0x02, 0x00, 0x05, 0x62, 0x00, 0x04, 0x00, 0x10, 0x00, 0x00,
     0x05, 0x00, 0x80, 0x09, 0x35, 0x47, 0x05, 0x00, 0x00, 0x00, 0x00, 0x97, 0x05, 0x10, 0x03, 0x40,
     0x05, 0x00, 0x38, 0x10, 0x00, 0x80, 0x40, 0x00, 0x90},  // #103 33 givens
    {0x70, 0x00, 0x04, 0x02, 0x00, 0x00, 0x07, 0x00, 0x50, 0x00, 0x39, 0x00, 0x70, 0x12, 0x08, 0x00,
     0x70, 0x00, 0x04, 0x00, 0x01, 0x00, 0x00, 0x60, 0x00, 0x01, 0x90, 0x07, 0x03, 0x00, 0x60, 0x00,
     0x92, 0x10, 0x00, 0x07, 0x00, 0x67, 0x28, 0x50, 0x00},  // #104 29 givens
    {0x00, 0x03, 0x00, 0x00, 0x00, 0x00, 0x05, 0x01, 0x07, 0x06, 0x00, 0x00, 0x94, 0x01, 0x08, 0x09,
     0x54, 0x00, 0x00, 0x00, 0x00, 0x07, 0x90, 0x09, 0x43, 0x20, 0x10, 0x04, 0x02, 0x10, 0x00, 0x00,
     0x00, 0x00, 0x46, 0x20, 0x50, 0x20, 0x63, 0x00, 0x00},  // #105 29 givens
    {0x00, 0x40, 0x07, 0x02, 0x81, 0x00, 0x20, 0x40, 0x00, 0x70, 0x01, 0x00, 0x00, 0x08, 0x00, 0x00,
     0x30, 0x04, 0x07, 0x24, 0x00, 0x80, 0x03, 0x01, 0x05, 0x00, 0x69, 0x00, 0x00, 0x00, 0x40, 0x00,
     0x08, 0x00, 0x15, 0x02, 0x25, 0x00, 0x00, 0x90, 0x00},  // #106 29 givens
    {0x10, 0x98, 0x00, 0x06, 0x00, 0x40, 0x90, 0x01, 0x00, 0x06, 0x00, 0x00, 0x00, 0x00, 0x00, 0x00,
     0x58, 0x07, 0x51, 0x00, 0x08, 0x00, 0x96, 0x00, 0x03, 0x05, 0x40, 0x40, 0x00, 0x81, 0x00, 0x00,
     0x20, 0x00, 0x03, 0x80, 0x00, 0x07, 0x23, 0x00, 0x10},  // #107 29 givens
    {0x30, 0x05, 0x01, 0x00, 0x00, 0x92, 0x00, 0x40, 0x00, 0x04, 0x06, 0x00, 0x00, 0x00, 0x00, 0x01,
     0x00, 0x03, 0x00, 0x00, 0x50, 0x69, 0x09, 0x00, 0x40, 0x02, 0x58, 0x20, 0x97, 0x00, 0x50, 0x04,
     0x60, 0x10, 0x53, 0x70, 0x00, 0x00, 0x02, 0x00, 0x40},  // #108 30 givens
    {0x32, 0x70, 0x00, 0x10, 0x01, 0x00, 0x70, 0x02, 0x30, 0x80, 0x00, 0x00, 0x76, 0x00, 0x00, 0x80,
     0x00, 0x43, 0x90, 0x00, 0x45, 0x07, 0x00, 0x70, 0x00, 0x09, 0x00, 0x00, 0x04, 0x00, 0x00, 0x07,
     0x00, 0x30, 0x00, 0x50, 0x00, 0x10, 0x08, 0x49, 0x20},  // #109 29 givens
    {0x90, 0x00, 0x73, 0x08, 0x00, 0x00, 0x00, 0x10, 0x30, 0x10, 0x20, 0x00, 0x00, 0x70, 0x97, 0x10,
     0x03, 0x05, 0x00, 0x07, 0x06, 0x00, 0x02, 0x00, 0x00, 0x09, 0x00, 0x00, 0x48, 0x09, 0x00, 0x07,
     0x00, 0x00, 0x00, 0x50, 0x01, 0x00, 0x50, 0x24, 0x30},  // #110 28 givens
    {0x40, 0x01, 0x60, 0x00, 0x23, 0x00, 0x00, 0x07, 0x08, 0x00, 0x10, 0x00, 0x60, 0x00, 0x00, 0x00,
     0x00, 0x60, 0x01, 0x75, 0x00, 0x80, 0x90, 0x60, 0x00, 0x20, 0x07, 0x70, 0x20, 0x00, 0x48, 0x01,
     0x00, 0x20, 0x09, 0x70, 0x00, 0x47, 0x01, 0x30, 0x00},  // #111 30 givens
    {0x00, 0x50, 0x30, 0x08, 0x40, 0x00, 0x01, 0x00, 0x90, 0x08, 0x06, 0x40, 0x10, 0x70, 0x20, 0x30,
     0x19, 0x00, 0x00, 0x00, 0x90, 0x00, 0x00, 0x90, 0x08, 0x20, 0x00, 0x07, 0x00, 0x03, 0x00, 0x14,
     0x60, 0x02, 0x97, 0x50, 0x35, 0x01, 0x04, 0x00, 0x00},  // #112 32 givens
    {0x00, 0x70, 0x80, 0x00, 0x02, 0x63, 0x00, 0x01, 0x70, 0x00, 0x06, 0x70, 0x00, 0x01, 0x00, 0x30,
     0x09, 0x04, 0x00, 0x69, 0x00, 0x00, 0x03, 0x09, 0x06, 0x08, 0x00, 0x00, 0x18, 0x00, 0x00, 0x00,
     0x00, 0x00, 0x02, 0x01, 0x03, 0x80, 0x02, 0x05, 0x60},  // #113 28 givens
    {0x00, 0x05, 0x06, 0x00, 0x00, 0x42, 0x87, 0x00, 0x10, 0x00, 0x00, 0x21, 0x00, 0x00, 0x00, 0x10,
     0x23, 0x50, 0x00, 0x00, 0x00, 0x00, 0x00, 0x10, 0x04, 0x92, 0x07, 0x02, 0x90, 0x05, 0x17, 0x05,
     0x30, 0x00, 0x70, 0x06, 0x00, 0x00, 0x80, 0x02, 0x00},  // #114 29 givens
    {0x03, 0x00, 0x00, 0x70, 0x80, 0x04, 0x00, 0x00, 0x00, 0x90, 0x08, 0x00, 0x00, 0x00, 0x78, 0x00,
     0x06, 0x00, 0x60, 0x90, 0x00, 0x07, 0x30, 0x42, 0x50, 0x60, 0x81, 0x01, 0x00, 0x05, 0x83, 0x00,
     0x00, 0x00, 0x10, 0x04, 0x00, 0x36, 0x04, 0x12, 0x00},  // #115 30 givens
    {0x01, 0x00, 0x90, 0x00, 0x30, 0x00, 0x72, 0x50, 0x19, 0x02, 0x00, 0x63, 0x04, 0x74, 0x00, 0x01,
     0x90, 0x00, 0x00, 0x06, 0x40, 0x03, 0x20, 0x00, 0x25, 0x00, 0x00, 0x30, 0x90, 0x70, 0x08, 0x60,
     0x07, 0x00, 0x10, 0x00, 0x00, 0x00, 0x00, 0x07, 0x00},  // #116 30 givens
    {0x07, 0x00, 0x00, 0x43, 0x01, 0x00, 0x00, 0x00, 0x08, 0x00, 0x00, 0x40, 0x51, 0x00, 0x01, 0x75,
     0x00, 0x00, 0x30, 0x08, 0x91, 0x00, 0x00, 0x05, 0x03, 0x00, 0x01, 0x00, 0x91, 0x00, 0x80, 0x08,
     0x00, 0x46, 0x00, 0x20, 0x00, 0x03, 0x85, 0x06, 0x40},  // #117 30 givens
    {0x50, 0x00, 0x00, 0x00, 0x00, 0x00, 0x90, 0x04, 0x37, 0x00, 0x90, 0x80, 0x00, 0x00, 0x50, 0x00,
     0x06, 0x00, 0x30, 0x05, 0x06, 0x10, 0x22, 0x06, 0x04, 0x03, 0x08, 0x47, 0x12, 0x00, 0x00, 0x06,
     0x05, 0x00, 0x00, 0x03, 0x03, 0x06, 0x00, 0x50, 0x00},  // #118 29 givens
    {0x40, 0x50, 0x01, 0x09, 0x80, 0x00, 0x40, 0x00, 0x31, 0x60, 0x08, 0x00, 0x40, 0x00, 0x01, 0x06,
     0x05, 0x80, 0x06, 0x20, 0x05, 0x00, 0x00, 0x00, 0x10, 0x00, 0x00, 0x02, 0x07, 0x10, 0x00, 0x30,
     0x00, 0x02, 0x40, 0x00, 0x79, 0x00, 0x00, 0x21, 0x00},  // #119 29 givens
    {0x00, 0x00, 0x00, 0x00, 0x06, 0x51, 0x20, 0x79, 0x00, 0x70, 0x30, 0x05, 0x10, 0x20, 0x00, 0x06,
     0x00, 0x00, 0x07, 0x89, 0x40, 0x00, 0x00, 0x20, 0x05, 0x03, 0x00, 0x00, 0x00, 0x00, 0x00, 0x01,
     0x00, 0x30, 0x02, 0x08, 0x03, 0x71, 0x26, 0x00, 0x00},  // #120 28 givens
    {0x03, 0x46, 0x10, 0x80, 0x08, 0x00, 0x00, 0x00, 0x03, 0x90, 0x08, 0x50, 0x01, 0x60, 0x80, 0x00,
     0x00, 0x00, 0x04, 0x51, 0x08, 0x09, 0x01, 0x07, 0x23, 0x05, 0x08, 0x05, 0x00, 0x00, 0x60, 0x00,
     0x00, 0x47, 0x69, 0x00, 0x00, 0x00, 0x00, 0x10, 0x00},  // #121 31 givens
    {0x00, 0x08, 0x10, 0x00, 0x70, 0x03, 0x04, 0x00, 0x10, 0x51, 0x00, 0x06, 0x20, 0x00, 0x00, 0x48,
     0x06, 0x20, 0x00, 0x00, 0x00, 0x03, 0x44, 0x00, 0x00, 0x00, 0x80, 0x03, 0x05, 0x20, 0x90, 0x11,
     0x90, 0x06, 0x00, 0x00, 0x00, 0x49, 0x00, 0x06, 0x00},  // #122 29 givens
    {0x17, 0x06, 0x00, 0x20, 0x93, 0x90, 0x10, 0x78, 0x00, 0x06, 0x00, 0x00, 0x40, 0x70, 0x00, 0x00,
     0x00, 0x70, 0x00, 0x00, 0x03, 0x00, 0x15, 0x26, 0x00, 0x00, 0x00, 0x63, 0x02, 0x00, 0x10, 0x50,
     0x00, 0x30, 0x00, 0x20, 0x05, 0x00, 0x08, 0x00, 0x00},  // #123 28 givens
    {0x58, 0x30, 0x00, 0x47, 0x07, 0x06, 0x00, 0x00, 0x05, 0x01, 0x00, 0x00, 0x00, 0x00, 0x00, 0x04,
     0x30, 0x50, 0x20, 0x00, 0x80, 0x00, 0x40, 0x34, 0x00, 0x51, 0x60, 0x00, 0x00, 0x00, 0x00, 0x90,
     0x00, 0x00, 0x10, 0x30, 0x04, 0x52, 0x39, 0x00, 0x00},  // #124 28 givens
    {0x70, 0x00, 0x01, 0x00, 0x00, 0x90, 0x00, 0x00, 0x08, 0x01, 0x89, 0x00, 0x05, 0x00, 0x05, 0x71,
     0x04, 0x03, 0x00, 0x00, 0x30, 0x00, 0x10, 0x00, 0x50, 0x00, 0x07, 0x52, 0x30, 0x00, 0x00, 0x00,
     0x40, 0x30, 0x09, 0x05, 0x07, 0x10, 0x08, 0x03, 0x00},  // #125 28 givens
    {0x00, 0x05, 0x00, 0x60, 0x00, 0x00, 0x00, 0x40, 0x00, 0x05, 0x01, 0x03, 0x27, 0x80, 0x05, 0x40,
     0x00, 0x01, 0x08, 0x39, 0x00, 0x00, 0x57, 0x00, 0x00, 0x10, 0x23, 0x00, 0x73, 0x00, 0x19, 0x00,
     0x09, 0x60, 0x00, 0x40, 0x50, 0x00, 0x00, 0x00, 0x60},  // #126 29 givens
    {0x00, 0x00, 0x00, 0x10, 0x04, 0x95, 0x00, 0x00, 0x80, 0x01, 0x00, 0x00, 0x20, 0x00, 0x00, 0x60,
     0x90, 0x20, 0x03, 0x60, 0x10, 0x09, 0x80, 0x00, 0x00, 0x00, 0x76, 0x20, 0x01, 0x04, 0x76, 0x06,
     0x00, 0x08, 0x20, 0x10, 0x05, 0x39, 0x67, 0x00, 0x00},  // #127 31 givens
    {0x09, 0x20, 0x80, 0x00, 0x00, 0x00, 0x00, 0x21, 0x06, 0x16, 0x00, 0x45, 0x00, 0x00, 0x00, 0x00,
     0x07, 0x05, 0x80, 0x00, 0x20, 0x60, 0x04, 0x20, 0x70, 0x30, 0x08, 0x00, 0x00, 0x50, 0x20, 0x40,
     0x00, 0x00, 0x40, 0x70, 0x24, 0x00, 0x30, 0x00, 0x00},  // #128 28 givens
    {0x02, 0x00, 0x30, 0x05, 0x40, 0x01, 0x00, 0x00, 0x30, 0x00, 0x48, 0x70, 0x00, 0x02, 0x08, 0x09,
     0x00, 0x70, 0x70, 0x00, 0x03, 0x50, 0x80, 0x06, 0x10, 0x70, 0x00, 0x10, 0x00, 0x50, 0x90, 0x06,
     0x00, 0x00, 0x01, 0x87, 0x00, 0x00, 0x10, 0x30, 0x50},  // #129 30 givens
    {0x00, 0x00, 0x08, 0x35, 0x06, 0x01, 0x00, 0x08, 0x00, 0x00, 0x26, 0x00, 0x00, 0x70, 0x00, 0x80,
     0x00, 0x70, 0x07, 0x40, 0x05, 0x00, 0x88, 0x05, 0x04, 0x70, 0x00, 0x06, 0x04, 0x70, 0x10, 0x32,
     0x13, 0x00, 0x07, 0x09, 0x00, 0x09, 0x00, 0x00, 0x00},  // #130 30 givens
    {0x00, 0x30, 0x06, 0x00, 0x00, 0x00, 0x04, 0x70, 0x80, 0x40, 0x71, 0x83, 0x00, 0x06, 0x02, 0x80,
     0x05, 0x07, 0x30, 0x80, 0x54, 0x02, 0x01, 0x09, 0x00, 0x00, 0x00, 0x03, 0x02, 0x00, 0x00, 0x45,
     0x00, 0x01, 0x00, 0x00, 0x02, 0x00, 0x60, 0x01, 0x00},  // #131 30 givens
    {0x09, 0x03, 0x20, 0x08, 0x00, 0x03, 0x07, 0x00, 0x10, 0x07, 0x06, 0x00, 0x03, 0x40, 0x08, 0x50,
     0x90, 0x00, 0x00, 0x40, 0x00, 0x00, 0x80, 0x07, 0x24, 0x05, 0x90, 0x00, 0x08, 0x92, 0x00, 0x00,
     0x00, 0x00, 0x00, 0x06, 0x40, 0x01, 0x00, 0x30, 0x90},  // #132 29 givens
    {0x25, 0x00, 0x00, 0x30, 0x07, 0x00, 0x20, 0x04, 0x09, 0x90, 0x03, 0x60, 0x00, 0x06, 0x20, 0x00,
     0x00, 0x00, 0x00, 0x00, 0x23, 0x90, 0x10, 0x00, 0x10, 0x70, 0x00, 0x30, 0x04, 0x02, 0x06, 0x00,
     0x06, 0x00, 0x90, 0x43, 0x00, 0x20, 0x06, 0x50, 0x00},  // #133 29 givens
    {0x00, 0x03, 0x05, 0x00, 0x00, 0x06, 0x21, 0x03, 0x07, 0x08, 0x17, 0x40, 0x00, 0x50, 0x00, 0x06,
     0x00, 0x08, 0x00, 0x90, 0x00, 0x10, 0x00, 0x60, 0x07, 0x34, 0x00, 0x04, 0x80, 0x09, 0x50, 0x09,
     0x00, 0x05, 0x00, 0x02, 0x01, 0x00, 0x00, 0x00, 0x00},  // #134 28 givens
    {0x90, 0x01, 0x06, 0x04, 0x04, 0x10, 0x00, 0x82, 0x76, 0x00, 0x80, 0x30, 0x01, 0x00, 0x00, 0x00,
     0x10, 0x53, 0x00, 0x00, 0x00, 0x00, 0x00, 0x40, 0x02, 0x70, 0x60, 0x83, 0x40, 0x00, 0x62, 0x00,
     0x09, 0x04, 0x00, 0x00, 0x06, 0x00, 0x00, 0x50, 0x00},  // #135 29 givens
    {0x00, 0x00, 0x40, 0x10, 0x06, 0x00, 0x08, 0x00, 0x02, 0x00, 0x00, 0x06, 0x73, 0x40, 0x90, 0x05,
     0x00, 0x01, 0x80, 0x60, 0x13, 0x40, 0x00, 0x00, 0x40, 0x08, 0x90, 0x10, 0x00, 0x00, 0x00, 0x02,
     0x08, 0x09, 0x40, 0x00, 0x70, 0x41, 0x30, 0x50, 0x90},  // #136 31 givens
    {0x00, 0x10, 0x48, 0x00, 0x06, 0x20, 0x71, 0x04, 0x00, 0x04, 0x06, 0x00, 0x05, 0x01, 0x08, 0x20,
     0x30, 0x00, 0x53, 0x70, 0x61, 0x00, 0x04, 0x00, 0x80, 0x00, 0x00, 0x01, 0x09, 0x00, 0x02, 0x00,
     0x00, 0x02, 0x05, 0x00, 0x00, 0x40, 0x36, 0x00, 0x90},  // #137 31 givens
    {0x00, 0x98, 0x00, 0x30, 0x07, 0x00, 0x00, 0x00, 0x96, 0x25, 0x39, 0x06, 0x00, 0x00, 0x00, 0x70,
     0x10, 0x02, 0x00, 0x00, 0x00, 0x40, 0x00, 0x05, 0x46, 0x00, 0x37, 0x47, 0x06, 0x00, 0x00, 0x00,
     0x00, 0x39, 0x02, 0x00, 0x03, 0x02, 0x00, 0x00, 0x00},  // #138 28 givens
    {0x27, 0x54, 0x00, 0x09, 0x00, 0x49, 0x00, 0x87, 0x10, 0x00, 0x00, 0x05, 0x00, 0x40, 0x50, 0x02,
     0x00, 0x00, 0x78, 0x16, 0x03, 0x00, 0x00, 0x00, 0x00, 0x46, 0x00, 0x00, 0x00, 0x09, 0x06, 0x00,
     0x00, 0x04, 0x20, 0x01, 0x01, 0x00, 0x50, 0x00, 0x00},  // #139 28 givens
    {0x05, 0x00, 0x00, 0x00, 0x00, 0x19, 0x06, 0x00, 0x00, 0x70, 0x04, 0x90, 0x30, 0x50, 0x20, 0x08,
     0x00, 0x07, 0x09, 0x70, 0x03, 0x00, 0x10, 0x80, 0x00, 0x60, 0x00, 0x20, 0x00, 0x00, 0x09, 0x00,
     0x00, 0x01, 0x00, 0x43, 0x10, 0x00, 0x38, 0x75, 0x00},  // #140 28 givens
    {0x24, 0x09, 0x80, 0x10, 0x03, 0x10, 0x40, 0x09, 0x00, 0x00, 0x05, 0x00, 0x04, 0x00, 0x79, 0x10,
     0x30, 0x00, 0x00, 0x40, 0x07, 0x01, 0x31, 0x30, 0x00, 0x00, 0x00, 0x00, 0x00, 0x09, 0x20, 0x00,
     0x00, 0x06, 0x00, 0x80, 0x00, 0x00, 0x40, 0x60, 0x10},  // #141 28 givens
    {0x00, 0x03, 0x20, 0x00, 0x70, 0x00, 0x57, 0x04, 0x02, 0x04, 0x00, 0x00, 0x00, 0x07, 0x60, 0x00,
     0x05, 0x10, 0x08, 0x41, 0x65, 0x00, 0x00, 0x00, 0x04, 0x08, 0x00, 0x15, 0x00, 0x00, 0x00, 0x00,
     0x08, 0x01, 0x20, 0x40, 0x09, 0x00, 0x07, 0x02, 0x00},  // #142 28 givens
    {0x00, 0x04, 0x00, 0x00, 0x28, 0x03, 0x00, 0x00, 0x00, 0x00, 0x40, 0x01, 0x76, 0x00, 0x02, 0x70,
     0x63, 0x00, 0x00, 0x00, 0x00, 0x09, 0x09, 0x36, 0x02, 0x00, 0x40, 0x70, 0x00, 0x80, 0x00, 0x43,
     0x65, 0x00, 0x00, 0x00, 0x02, 0x80, 0x60, 0x97, 0x00},  // #143 29 givens
    {0x90, 0x00, 0x05, 0x00, 0x00, 0x02, 0x47, 0x05, 0x00, 0x00, 0x00, 0x08, 0x00, 0x07, 0x00, 0x80,
     0x26, 0x01, 0x00, 0x00, 0x50, 0x03, 0x95, 0x00, 0x00, 0x90, 0x47, 0x00, 0x50, 0x10, 0x70, 0x03,
     0x07, 0x04, 0x60, 0x20, 0x06, 0x00, 0x00, 0x01, 0x00},  // #144 29 givens
    {0x00, 0x00, 0x90, 0x50, 0x08, 0x19, 0x02, 0x03, 0x00, 0x00, 0x70, 0x08, 0x90, 0x02, 0x04, 0x80,
     0x00, 0x90, 0x07, 0x83, 0x00, 0x00, 0x50, 0x00, 0x00, 0x70, 0x00, 0x00, 0x00, 0x00, 0x64, 0x10,
     0x50, 0x06, 0x00, 0x39, 0x00, 0x30, 0x00, 0x05, 0x00},  // #145 28 givens
    {0x73, 0x08, 0x00, 0x02, 0x00, 0x08, 0x00, 0x10, 0x70, 0x90, 0x40, 0x00, 0x83, 0x58, 0x90, 0x10,
     0x07, 0x00, 0x00, 0x00, 0x00, 0x00, 0x04, 0x05, 0x00, 0x70, 0x00, 0x00, 0x04, 0x00, 0x00, 0x20,
     0x00, 0x00, 0x20, 0x03, 0x00, 0x26, 0x89, 0x00, 0x70},  // #146 28 givens
    {0x00, 0x80, 0x00, 0x00, 0x30, 0x00, 0x00, 0x17, 0x00, 0x07, 0x04, 0x00, 0x05, 0x08, 0x90, 0x75,
     0x30, 0x06, 0x00, 0x60, 0x00, 0x00, 0x00, 0x00, 0x96, 0x08, 0x10, 0x30, 0x20, 0x70, 0x09, 0x15,
     0x00, 0x00, 0x06, 0x70, 0x01, 0x00, 0x00, 0x00, 0x50},  // #147 28 givens
    {0x00, 0x06, 0x50, 0x40, 0x00, 0x00, 0x80, 0x00, 0x00, 0x00, 0x00, 0x90, 0x82, 0x04, 0x10, 0x00,
     0x00, 0x02, 0x20, 0x00, 0x10, 0x30, 0x40, 0x50, 0x32, 0x00, 0x07, 0x06, 0x82, 0x30, 0x00, 0x07,
     0x30, 0x40, 0x10, 0x90, 0x09, 0x05, 0x00, 0x00, 0x30},  // #148 30 givens
    {0x00, 0x08, 0x40, 0x00, 0x20, 0x18, 0x62, 0x00, 0x04, 0x00, 0x59, 0x30, 0x86, 0x15, 0x07, 0x30,
     0x00, 0x10, 0x29, 0x00, 0x50, 0x60, 0x00, 0x00, 0x40, 0x00, 0x50, 0x05, 0x00, 0x10, 0x00, 0x69,
     0x00, 0x50, 0x03, 0x00, 0x60, 0x00, 0x00, 0x00, 0x00},  // #149 31 givens
    {0x28, 0x56, 0x03, 0x00, 0x00, 0x64, 0x00, 0x73, 0x50, 0x00, 0x70, 0x50, 0x00, 0x93, 0x00, 0x00,
     0x65, 0x00, 0x00, 0x00, 0x01, 0x04, 0x00, 0x00, 0x93, 0x00, 0x02, 0x00, 0x20, 0x05, 0x03, 0x60,
     0x90, 0x38, 0x00, 0x00, 0x01, 0x00, 0x00, 0x08, 0x40},  // #150 31 givens
    {0x56, 0x08, 0x30, 0x00, 0x00, 0x00, 0x10, 0x00, 0x37, 0x30, 0x04, 0x20, 0x50, 0x00, 0x00, 0x20,
     0x00, 0x01, 0x00, 0x60, 0x00, 0x04, 0x54, 0x05, 0x00, 0x09, 0x23, 0x00, 0x30, 0x01, 0x07, 0x00,
     0x09, 0x07, 0x01, 0x00, 0x00, 0x20, 0x08, 0x35, 0x00},  // #151 31 givens
    {0x00, 0x09, 0x03, 0x80, 0x12, 0x85, 0x10, 0x09, 0x00, 0x09, 0x00, 0x48, 0x50, 0x00, 0x04, 0x03,
     0x00, 0x50, 0x00, 0x00, 0x05, 0x06, 0x00, 0x32, 0x69, 0x01, 0x00, 0x00, 0x00, 0x09, 0x68, 0x50,
     0x00, 0x00, 0x00, 0x00, 0x95, 0x00, 0x80, 0x70, 0x00},  // #152 31 givens
    {0x00, 0x90, 0x06, 0x15, 0x76, 0x75, 0x00, 0x00, 0x09, 0x04, 0x00, 0x90, 0x00, 0x00, 0x07, 0x80,
     0x30, 0x04, 0x06, 0x00, 0x70, 0x08, 0x08, 0x00, 0x90, 0x00, 0x02, 0x70, 0x10, 0x09, 0x40, 0x00,
     0x30, 0x00, 0x00, 0x08, 0x00, 0x00, 0x20, 0x61, 0x00},  // #153 30 givens
    {0x02, 0x74, 0x00, 0x09, 0x08, 0x50, 0x00, 0x03, 0x00, 0x60, 0x00, 0x79, 0x20, 0x00, 0x00, 0x00,
     0x80, 0x40, 0x50, 0x40, 0x00, 0x80, 0x02, 0x30, 0x10, 0x00, 0x60, 0x70, 0x00, 0x04, 0x60, 0x00,
     0x00, 0x96, 0x00, 0x20, 0x00, 0x02, 0x00, 0x00, 0x80},  // #154 28 givens
    {0x00, 0x76, 0x00, 0x00, 0x02, 0x00, 0x05, 0x00, 0x04, 0x00, 0x00, 0x00, 0x81, 0x00, 0x06, 0x50,
     0x40, 0x00, 0x00, 0x10, 0x00, 0x00, 0x20, 0x45, 0x02, 0x00, 0x98, 0x03, 0x00, 0x05, 0x20, 0x06,
     0x10, 0x07, 0x03, 0x05, 0x05, 0x00, 0x02, 0x04, 0x60},  // #155 29 givens
    {0x00, 0x00, 0x01, 0x04, 0x89, 0x00, 0x00, 0x00, 0x01, 0x40, 0x00, 0x20, 0x30, 0x06, 0x00, 0x00,
     0x00, 0x04, 0x08, 0x00, 0x50, 0x00, 0x30, 0x02, 0x00, 0x08, 0x10, 0x20, 0x00, 0x00, 0x00, 0x58,
     0x40, 0x20, 0x60, 0x00, 0x07, 0x63, 0x00, 0x98, 0x20},  // #156 28 givens
    {0x30, 0x00, 0x00, 0x28, 0x40, 0x00, 0x80, 0x00, 0x09, 0x00, 0x90, 0x26, 0x01, 0x00, 0x00, 0x01,
     0x09, 0x02, 0x00, 0x12, 0x05, 0x04, 0x60, 0x42, 0x00, 0x01, 0x00, 0x07, 0x61, 0x09, 0x00, 0x59,
     0x00, 0x04, 0x00, 0x00, 0x00, 0x40, 0x70, 0x80, 0x00},  // #157 31 givens
    {0x40, 0x00, 0x63, 0x00, 0x00, 0x02, 0x05, 0x00, 0x48, 0x38, 0x00, 0x94, 0x00, 0x05, 0x09, 0x42,
     0x08, 0x07, 0x80, 0x00, 0x10, 0x00, 0x00, 0x00, 0x00, 0x00, 0x09, 0x10, 0x40, 0x00, 0x08, 0x60,
     0x00, 0x10, 0x00, 0x00, 0x90, 0x50, 0x00, 0x70, 0x10},  // #158 29 givens
    {0x00, 0x05, 0x00, 0x10, 0x00, 0x08, 0x00, 0x03, 0x45, 0x03, 0x40, 0x01, 0x07, 0x06, 0x03, 0x00,
     0x70, 0x04, 0x00, 0x10, 0x00, 0x03, 0x07, 0x40, 0x30, 0x05, 0x08, 0x07, 0x06, 0x08, 0x02, 0x00,
     0x20, 0x40, 0x00, 0x00, 0x40, 0x02, 0x00, 0x00, 0x00},  // #159 29 givens
    {0x00, 0x60, 0x09, 0x53, 0x00, 0x00, 0x07, 0x00, 0x02, 0x38, 0x95, 0x02, 0x60, 0x00, 0x07, 0x00,
     0x04, 0x00, 0x49, 0x82, 0x00, 0x06, 0x06, 0x10, 0x94, 0x00, 0x00, 0x00, 0x01, 0x60, 0x00, 0x00,
     0x00, 0x00, 0x03, 0x50, 0x00, 0x03, 0x24, 0x00, 0x00},  // #160 30 givens
    {0x86, 0x90, 0x03, 0x00, 0x00, 0x41, 0x00, 0x00, 0x00, 0x50, 0x00, 0x20, 0x00, 0x80, 0x56, 0x07,
     0x04, 0x03, 0x00, 0x00, 0x65, 0x08, 0x70, 0x20, 0x00, 0x00, 0x10, 0x00, 0x00, 0x00, 0x05, 0x04,
     0x75, 0x60, 0x00, 0x09, 0x00, 0x00, 0x90, 0x07, 0x10},  // #161 29 givens
    {0x30, 0x94, 0x00, 0x01, 0x00, 0x00, 0x00, 0x02, 0x83, 0x50, 0x00, 0x00, 0x00, 0x08, 0x05, 0x00,
     0x91, 0x30, 0x00, 0x10, 0x60, 0x42, 0x80, 0x02, 0x00, 0x10, 0x09, 0x00, 0x30, 0x00, 0x09, 0x01,
     0x00, 0x07, 0x80, 0x54, 0x00, 0x00, 0x30, 0x00, 0x00},  // #162 29 givens
    {0x00, 0x76, 0x43, 0x05, 0x06, 0x04, 0x10, 0x00, 0x00, 0x00, 0x85, 0x00, 0x60, 0x00, 0x00, 0x00,
     0x02, 0x00, 0x34, 0x00, 0x00, 0x00, 0x65, 0x72, 0x80, 0x00, 0x00, 0x00, 0x90, 0x00, 0x46, 0x00,
     0x00, 0x49, 0x00, 0x72, 0x06, 0x00, 0x17, 0x90, 0x00},  // #163 30 givens
    {0x00, 0x00, 0x00, 0x30, 0x00, 0x00, 0x40, 0x02, 0x08, 0x32, 0x00, 0x65, 0x19, 0x00, 0x40, 0x00,
     0x00, 0x00, 0x00, 0x09, 0x70, 0x08, 0x08, 0x75, 0x00, 0x10, 0x00, 0x00, 0x10, 0x06, 0x00, 0x00,
     0x60, 0x01, 0x90, 0x32, 0x40, 0x02, 0x00, 0x80, 0x00},  // #164 28 givens
    {0x00, 0x00, 0x00, 0x00, 0x20, 0x32, 0x00, 0x70, 0x09, 0x49, 0x00, 0x10, 0x80, 0x00, 0x08, 0x10,
     0x05, 0x00, 0x70, 0x00, 0x02, 0x00, 0x11, 0x09, 0x00, 0x00, 0x63, 0x00, 0x45, 0x70, 0x32, 0x00,
     0x00, 0x04, 0x30, 0x00, 0x50, 0x00, 0x00, 0x00, 0x70},  // #165 28 givens
    {0x40, 0x00, 0x82, 0x10, 0x00, 0x00, 0x00, 0x36, 0x00, 0x08, 0x00, 0x70, 0x09, 0x02, 0x00, 0x91,
     0x08, 0x00, 0x00, 0x00, 0x00, 0x93, 0x10, 0x16, 0x00, 0x40, 0x02, 0x00, 0x07, 0x01, 0x08, 0x00,
     0x00, 0x05, 0x03, 0x40, 0x05, 0x40, 0x00, 0x00, 0x90},  // #166 29 givens
    {0x00, 0x00, 0x80, 0x00, 0x09, 0x62, 0x30, 0x00, 0x40, 0x70, 0x01, 0x20, 0x93, 0x61, 0x00, 0x80,
     0x00, 0x00, 0x00, 0x00, 0x79, 0x30, 0x00, 0x03, 0x40, 0x10, 0x00, 0x04, 0x00, 0x03, 0x00, 0x00,
     0x00, 0x00, 0x81, 0x24, 0x20, 0x06, 0x00, 0x00, 0x00},  // #167 28 givens
    {0x00, 0x00, 0x00, 0x00, 0x00, 0x00, 0x30, 0x90, 0x00, 0x39, 0x01, 0x47, 0x80, 0x01, 0x00, 0x07,
     0x54, 0x00, 0x02, 0x06, 0x83, 0x00, 0x00, 0x00, 0x49, 0x00, 0x07, 0x00, 0x70, 0x04, 0x00, 0x60,
     0x01, 0x90, 0x00, 0x50, 0x03, 0x20, 0x00, 0x19, 0x00},  // #168 29 givens
    {0x00, 0x00, 0x72, 0x04, 0x08, 0x90, 0x00, 0x05, 0x00, 0x03, 0x00, 0x09, 0x00, 0x69, 0x40, 0x00,
     0x70, 0x00, 0x00, 0x04, 0x30, 0x09, 0x02, 0x10, 0x00, 0x00, 0x04, 0x38, 0x00, 0x00, 0x20, 0x01,
     0x00, 0x05, 0x00, 0x30, 0x50, 0x06, 0x03, 0x00, 0x90},  // #169 28 givens
    {0x00, 0x00, 0x69, 0x00, 0x33, 0x00, 0x00, 0x01, 0x00, 0x05, 0x00, 0x04, 0x07, 0x07, 0x62, 0x00,
     0x38, 0x00, 0x50, 0x80, 0x00, 0x63, 0x70, 0x30, 0x68, 0x05, 0x00, 0x00, 0x50, 0x00, 0x00, 0x10,
     0x90, 0x80, 0x03, 0x26, 0x00, 0x04, 0x00, 0x79, 0x00},  // #170 32 givens
    {0x06, 0x00, 0x00, 0x07, 0x00, 0x01, 0x00, 0x00, 0x80, 0x30, 0x20, 0x60, 0x00, 0x45, 0x80, 0x10,
     0x32, 0x00, 0x00, 0x09, 0x20, 0x80, 0x00, 0x20, 0x58, 0x06, 0x00, 0x69, 0x00, 0x30, 0x02, 0x50,
     0x03, 0x20, 0x00, 0x00, 0x00, 0x00, 0x00, 0x90, 0x30},  // #171 29 givens
    {0x20, 0x05, 0x07, 0x00, 0x01, 0x00, 0x00, 0x07, 0x04, 0x08, 0x70, 0x06, 0x05, 0x00, 0x05, 0x62,
     0x90, 0x80, 0x00, 0x00, 0x10, 0x00, 0x08, 0x02, 0x40, 0x00, 0x91, 0x00, 0x10, 0x00, 0x07, 0x05,
     0x00, 0x00, 0x00, 0x00, 0x07, 0x40, 0x80, 0x02, 0x60},  // #172 29 givens
    {0x70, 0x00, 0x30, 0x08, 0x00, 0x30, 0x05, 0x67, 0x00, 0x10, 0x40, 0x08, 0x00, 0x60, 0x10, 0x00,
     0x02, 0x00, 0x32, 0x00, 0x09, 0x00, 0x00, 0x49, 0x70, 0x01, 0x50, 0x00, 0x03, 0x95, 0x00, 0x10,
     0x00, 0x00, 0x00, 0x00, 0x00, 0x00, 0x01, 0x60, 0x80},  // #173 28 givens
    {0x00, 0x00, 0x50, 0x92, 0x00, 0x10, 0x07, 0x30, 0x50, 0x00, 0x00, 0x00, 0x00, 0x30, 0x00, 0x38,
     0x50, 0x12, 0x34, 0x02, 0x07, 0x00, 0x50, 0x50, 0x00, 0x00, 0x80, 0x40, 0x00, 0x60, 0x00, 0x06,
     0x01, 0x00, 0x80, 0x00, 0x70, 0x90, 0x00, 0x20, 0x00},  // #174 28 givens
    {0x30, 0x60, 0x00, 0x00, 0x50, 0x52, 0x47, 0x00, 0x00, 0x10, 0x00, 0x00, 0x42, 0x80, 0x00, 0x60,
     0x38, 0x00, 0x93, 0x80, 0x00, 0x00, 0x00, 0x01, 0x04, 0x02, 0x00, 0x00, 0x05, 0x91, 0x00, 0x00,
     0x00, 0x72, 0x00, 0x41, 0x70, 0x00, 0x00, 0x00, 0x00},  // #175 28 givens
    {0x25, 0x00, 0x73, 0x19, 0x00, 0x00, 0x89, 0x02, 0x03, 0x90, 0x02, 0x10, 0x60, 0x00, 0x70, 0x06,
     0x90, 0x05, 0x00, 0x00, 0x20, 0x06, 0x00, 0x00, 0x00, 0x00, 0x00, 0x00, 0x40, 0x00, 0x01, 0x03,
     0x09, 0x10, 0x00, 0x40, 0x00, 0x10, 0x80, 0x30, 0x00},  // #176 29 givens
    {0x06, 0x40, 0x00, 0x00, 0x23, 0x20, 0x70, 0x00, 0x40, 0x50, 0x10, 0x24, 0x03, 0x00, 0x02, 0x80,
     0x70, 0x90, 0x07, 0x94, 0x00, 0x00, 0x10, 0x00, 0x00, 0x20, 0x00, 0x00, 0x00, 0x09, 0x60, 0x00,
     0x05, 0x00, 0x08, 0x10, 0x90, 0x00, 0x08, 0x30, 0x00},  // #177 29 givens
    {0x00, 0x90, 0x25, 0x00, 0x00, 0x13, 0x00, 0x00, 0x02, 0x00, 0x20, 0x00, 0x57, 0x02, 0x70, 0x80,
     0x40, 0x59, 0x03, 0x07, 0x00, 0x06, 0x00, 0x65, 0x90, 0x00, 0x00, 0x40, 0x00, 0x03, 0x61, 0x00,
     0x00, 0x04, 0x00, 0x03, 0x00, 0x60, 0x08, 0x00, 0x70},  // #178 30 givens
    {0x06, 0x00, 0x20, 0x70, 0x31, 0x20, 0x47, 0x00, 0x00, 0x90, 0x70, 0x03, 0x02, 0x07, 0x00, 0x03,
     0x00, 0x50, 0x29, 0x06, 0x80, 0x30, 0x70, 0x00, 0x90, 0x00, 0x82, 0x34, 0x00, 0x08, 0x97, 0x50,
     0x00, 0x04, 0x00, 0x00, 0x80, 0x07, 0x00, 0x03, 0x00},  // #179 34 givens
    {0x09, 0x70, 0x10, 0x05, 0x01, 0x04, 0x03, 0x50, 0x00, 0x00, 0x08, 0x09, 0x00, 0x10, 0x60, 0x07,
     0x35, 0x00, 0x00, 0x00, 0x01, 0x00, 0x90, 0x42, 0x90, 0x61, 0x03, 0x30, 0x51, 0x60, 0x90, 0x40,
     0x00, 0x00, 0x00, 0x30, 0x40, 0x00, 0x00, 0x20, 0x00},  // #180 32 givens
    {0x00, 0x18, 0x00, 0x09, 0x00, 0x30, 0x00, 0x00, 0x40, 0x00, 0x00, 0x02, 0x00, 0x37, 0x09, 0x30,
     0x18, 0x05, 0x00, 0x20, 0x60, 0x07, 0x05, 0x00, 0x00, 0x00, 0x02, 0x02, 0x00, 0x70, 0x00, 0x40,
     0x50, 0x08, 0x09, 0x20, 0x80, 0x00, 0x10, 0x30, 0x00},  // #181 28 givens
    {0x00, 0x00, 0x00, 0x04, 0x63, 0x05, 0x00, 0x00, 0x10, 0x09, 0x00, 0x00, 0x80, 0x00, 0x04, 0x00,
     0x06, 0x30, 0x00, 0x30, 0x57, 0x10, 0x40, 0x71, 0x00, 0x40, 0x00, 0x00, 0x00, 0x09, 0x40, 0x30,
     0x00, 0x20, 0x50, 0x01, 0x20, 0x84, 0x00, 0x00, 0x90},  // #182 28 givens
    {0x00, 0x43, 0x00, 0x10, 0x00, 0x00, 0x00, 0x60, 0x00, 0x30, 0x01, 0x00, 0x00, 0x80, 0x02, 0x05,
     0x09, 0x00, 0x00, 0x02, 0x08, 0x53, 0x10, 0x60, 0x00, 0x10, 0x02, 0x01, 0x07, 0x40, 0x02, 0x00,
     0x57, 0x00, 0x00, 0x10, 0x29, 0x00, 0x00, 0x80, 0x00},  // #183 28 givens
    {0x28, 0x00, 0x07, 0x10, 0x00, 0x76, 0x90, 0x18, 0x00, 0x00, 0x00, 0x00, 0x09, 0x00, 0x08, 0x10,
     0x00, 0x75, 0x10, 0x37, 0x00, 0x68, 0x00, 0x00, 0x00, 0x00, 0x03, 0x05, 0x78, 0x02, 0x00, 0x00,
     0x90, 0x00, 0x00, 0x00, 0x03, 0x20, 0x00, 0x06, 0x80},  // #184 29 givens
    {0x00, 0x05, 0x70, 0x08, 0x00, 0x04, 0x00, 0x00, 0x09, 0x05, 0x00, 0x00, 0x00, 0x02, 0x00, 0x00,
     0x30, 0x07, 0x68, 0x00, 0x91, 0x00, 0x40, 0x07, 0x00, 0x40, 0x00, 0x10, 0x20, 0x60, 0x04, 0x84,
     0x06, 0x01, 0x00, 0x23, 0x00, 0x04, 0x02, 0x07, 0x00},  // #185 29 givens
    {0x34, 0x00, 0x20, 0x00, 0x00, 0x05, 0x00, 0x00, 0x00, 0x70, 0x00, 0x00, 0x00, 0x06, 0x80, 0x00,
     0x50, 0x42, 0x05, 0x03, 0x80, 0x06, 0x70, 0x07, 0x09, 0x25, 0x30, 0x03, 0x05, 0x08, 0x00, 0x08,
     0x09, 0x00, 0x00, 0x04, 0x00, 0x00, 0x40, 0x02, 0x00},  // #186 28 givens
    {0x00, 0x04, 0x05, 0x13, 0x01, 0x37, 0x00, 0x20, 0x90, 0x50, 0x03, 0x00, 0x00, 0x80, 0x01, 0x00,
     0x06, 0x00, 0x40, 0x00, 0x50, 0x08, 0x00, 0x80, 0x00, 0x60, 0x00, 0x00, 0x00, 0x08, 0x91, 0x00,
     0x00, 0x64, 0x00, 0x00, 0x00, 0x69, 0x70, 0x05, 0x00},  // #187 28 givens
    {0x60, 0x12, 0x09, 0x50, 0x80, 0x00, 0x00, 0x00, 0x02, 0x00, 0x00, 0x68, 0x00, 0x00, 0x00, 0x05,
     0x02, 0x43, 0x00, 0x80, 0x02, 0x00, 0x00, 0x05, 0x03, 0x08, 0x60, 0x03, 0x25, 0x00, 0x70, 0x05,
     0x80, 0x90, 0x00, 0x00, 0x10, 0x00, 0x00, 0x30, 0x00},  // #188 28 givens
    {0x09, 0x20, 0x00, 0x76, 0x80, 0x00, 0x00, 0x03, 0x49, 0x00, 0x40, 0x00, 0x00, 0x00, 0x30, 0x00,
     0x00, 0x07, 0x00, 0x81, 0x00, 0x00, 0x00, 0x00, 0x96, 0x04, 0x80, 0x02, 0x00, 0x06, 0x00, 0x01,
     0x03, 0x70, 0x00, 0x00, 0x08, 0x93, 0x05, 0x02, 0x10},  // #189 28 givens
    {0x80, 0x03, 0x01, 0x60, 0x07, 0x00, 0x20, 0x43, 0x00, 0x01, 0x00, 0x60, 0x00, 0x00, 0x83, 0x09,
     0x02, 0x50, 0x00, 0x64, 0x20, 0x00, 0x30, 0x00, 0x00, 0x09, 0x04, 0x04, 0x10, 0x72, 0x00, 0x00,
     0x00, 0x00, 0x37, 0x00, 0x00, 0x08, 0x00, 0x02, 0x60},  // #190 30 givens
    {0x06, 0x09, 0x00, 0x03, 0x00, 0x07, 0x61, 0x00, 0x00, 0x00, 0x00, 0x83, 0x07, 0x62, 0x30, 0x10,
     0x00, 0x80, 0x00, 0x00, 0x09, 0x04, 0x20, 0x04, 0x50, 0x00, 0x03, 0x02, 0x00, 0x90, 0x00, 0x06,
     0x10, 0x00, 0x20, 0x07, 0x07, 0x80, 0x00, 0x30, 0x00},  // #191 29 givens
    {0x05, 0x10, 0x26, 0x00, 0x07, 0x90, 0x00, 0x00, 0x00, 0x00, 0x20, 0x00, 0x00, 0x00, 0x03, 0x00,
     0x04, 0x70, 0x00, 0x00, 0x03, 0x00, 0x50, 0x75, 0x40, 0x00, 0x20, 0x00, 0x00, 0x00, 0x51, 0x70,
     0x47, 0x00, 0x50, 0x86, 0x03, 0x60, 0x01, 0x00, 0x40},  // #192 28 givens
    {0x00, 0x50, 0x00, 0x00, 0x20, 0x40, 0x00, 0x20, 0x01, 0x00, 0x07, 0x00, 0x54, 0x00, 0x00, 0x00,
     0x00, 0x00, 0x83, 0x00, 0x00, 0x00, 0x00, 0x70, 0x10, 0x93, 0x04, 0x40, 0x09, 0x00, 0x02, 0x50,
     0x00, 0x03, 0x60, 0x17, 0x06, 0x70, 0x10, 0x40, 0x30},  // #193 28 givens
    {0x00, 0x05, 0x07, 0x00, 0x00, 0x07, 0x00, 0x00, 0x40, 0x00, 0x03, 0x04, 0x20, 0x70, 0x00, 0x74,
     0x90, 0x20, 0x70, 0x62, 0x05, 0x91, 0x40, 0x02, 0x60, 0x00, 0x03, 0x90, 0x04, 0x50, 0x00, 0x05,
     0x00, 0x10, 0x24, 0x90, 0x06, 0x00, 0x73, 0x00, 0x00},  // #194 33 givens
    {0x05, 0x30, 0x10, 0x08, 0x06, 0x00, 0x00, 0x91, 0x00, 0x00, 0x00, 0x40, 0x62, 0x50, 0x70, 0x80,
     0x30, 0x00, 0x90, 0x80, 0x00, 0x03, 0x00, 0x00, 0x40, 0x00, 0x00, 0x00, 0x10, 0x30, 0x50, 0x20,
     0x05, 0x00, 0x43, 0x90, 0x00, 0x00, 0x00, 0x70, 0x10},  // #195 28 givens
    {0x00, 0x00, 0x00, 0x00, 0x60, 0x00, 0x00, 0x21, 0x00, 0x00, 0x40, 0x05, 0x78, 0x01, 0x00, 0x24,
     0x00, 0x39, 0x09, 0x00, 0x10, 0x00, 0x50, 0x00, 0x00, 0x86, 0x02, 0x40, 0x90, 0x01, 0x06, 0x00,
     0x70, 0x00, 0x03, 0x00, 0x00, 0x20, 0x74, 0x00, 0x80},  // #196 28 givens
    {0x39, 0x04, 0x07, 0x00, 0x17, 0x00, 0x00, 0x00, 0x20, 0x00, 0x25, 0x10, 0x00, 0x00, 0x00, 0x05,
     0x40, 0x00, 0x40, 0x03, 0x90, 0x70, 0x20, 0x30, 0x00, 0x00, 0x04, 0x50, 0x60, 0x49, 0x00, 0x09,
     0x10, 0x67, 0x00, 0x00, 0x80, 0x02, 0x01, 0x00, 0x50},  // #197 31 givens
    {0x00, 0x00, 0x35, 0x72, 0x00, 0x05, 0x60, 0x24, 0x00, 0x00, 0x30, 0x40, 0x00, 0x00, 0x94, 0x00,
     0x00, 0x00, 0x50, 0x20, 0x00, 0x19, 0x70, 0x10, 0x02, 0x00, 0x00, 0x00, 0x80, 0x50, 0x00, 0x00,
     0x06, 0x00, 0x10, 0x40, 0x14, 0x00, 0x06, 0x80, 0x00},  // #198 28 givens
    {0x83, 0x09, 0x20, 0x00, 0x00, 0x00, 0x80, 0x00, 0x00, 0x60, 0x05, 0x00, 0x81, 0x90, 0x60, 0x01,
     0x07, 0x93, 0x30, 0x00, 0x00, 0x00, 0x10, 0x00, 0x30, 0x76, 0x08, 0x08, 0x00, 0x00, 0x00, 0x00,
     0x50, 0x04, 0x60, 0x80, 0x71, 0x00, 0x90, 0x00, 0x60},  // #199 30 givens
    {0x98, 0x00, 0x70, 0x00, 0x30, 0x00, 0x30, 0x29, 0x87, 0x00, 0x00, 0x09, 0x00, 0x04, 0x60, 0x00,
     0x00, 0x00, 0x02, 0x30, 0x00, 0x04, 0x50, 0x00, 0x12, 0x00, 0x00, 0x00, 0x00, 0x05, 0x43, 0x05,
     0x09, 0x00, 0x30, 0x20, 0x00, 0x29, 0x00, 0x07, 0x00},  // #200 28 givens
    {0x00, 0x09, 0x35, 0x00, 0x08, 0x00, 0x00, 0x64, 0x00, 0x30, 0x00, 0x20, 0x90, 0x10, 0x00, 0x40,
     0x00, 0x00, 0x70, 0x03, 0x08, 0x65, 0x20, 0x00, 0x05, 0x20, 0x00, 0x00, 0x10, 0x49, 0x00, 0x60,
     0x09, 0x00, 0x00, 0x74, 0x03, 0x00, 0x00, 0x50, 0x00},  // #201 28 givens
    {0x59, 0x80, 0x00, 0x00, 0x00, 0x60, 0x09, 0x07, 0x00, 0x30, 0x06, 0x00, 0x08, 0x09, 0x00, 0x30,
     0x62, 0x05, 0x03, 0x04, 0x09, 0x06, 0x00, 0x00, 0x70, 0x00, 0x90, 0x08, 0x00, 0x00, 0x00, 0x70,
     0x20, 0x00, 0x00, 0x10, 0x00, 0x90, 0x20, 0x63, 0x40},  // #202 29 givens
    {0x50, 0x68, 0x00, 0x90, 0x00, 0x80, 0x00, 0x00, 0x00, 0x00, 0x00, 0x03, 0x60, 0x01, 0x08, 0x00,
     0x07, 0x00, 0x65, 0x04, 0x07, 0x01, 0x03, 0x00, 0x09, 0x00, 0x80, 0x20, 0x07, 0x00, 0x00, 0x00,
     0x07, 0x90, 0x00, 0x01, 0x40, 0x30, 0x68, 0x59, 0x00},  // #203 29 givens
    {0x00, 0x60, 0x00, 0x00, 0x09, 0x70, 0x00, 0x00, 0x00, 0x00, 0x01, 0x00, 0x80, 0x90, 0x95, 0x40,
     0x00, 0x80, 0x06, 0x00, 0x00, 0x00, 0x00, 0x34, 0x60, 0x20, 0x00, 0x70, 0x02, 0x60, 0x05, 0x40,
     0x01, 0x05, 0x40, 0x08, 0x40, 0x90, 0x10, 0x20, 0x70},  // #204 29 givens
    {0x36, 0x00, 0x10, 0x80, 0x00, 0x08, 0x00, 0x04, 0x00, 0x00, 0x00, 0x08, 0x00, 0x00, 0x50, 0x00,
     0x00, 0x90, 0x19, 0x03, 0x00, 0x00, 0x04, 0x23, 0x69, 0x71, 0x00, 0x90, 0x00, 0x03, 0x00, 0x20,
     0x10, 0x00, 0x03, 0x09, 0x70, 0x50, 0x09, 0x00, 0x00},  // #205 28 givens
    {0x03, 0x08, 0x00, 0x00, 0x00, 0x00, 0x09, 0x10, 0x30, 0x01, 0x90, 0x20, 0x07, 0x00, 0x00, 0x10,
     0x00, 0x06, 0x80, 0x30, 0x09, 0x02, 0x00, 0x70, 0x30, 0x04, 0x80, 0x40, 0x50, 0x00, 0x00, 0x30,
     0x60, 0x00, 0x47, 0x00, 0x10, 0x00, 0x06, 0x50, 0x00},  // #206 28 givens
    {0x00, 0x00, 0x08, 0x49, 0x05, 0x00, 0x00, 0x00, 0x01, 0x00, 0x00, 0x09, 0x07, 0x83, 0x05, 0x07,
     0x10, 0x00, 0x70, 0x00, 0x24, 0x05, 0x96, 0x02, 0x08, 0x01, 0x30, 0x00, 0x04, 0x00, 0x00, 0x00,
     0x31, 0x50, 0x00, 0x06, 0x00, 0x40, 0x00, 0x01, 0x20},  // #207 30 givens
    {0x00, 0x49, 0x06, 0x00, 0x05, 0x60, 0x40, 0x00, 0x09, 0x39, 0x70, 0x50, 0x04, 0x00, 0x00, 0x04,
     0x00, 0x90, 0x00, 0x03, 0x01, 0x00, 0x70, 0x01, 0x00, 0x70, 0x00, 0x00, 0x00, 0x80, 0x05, 0x60,
     0x20, 0x06, 0x47, 0x00, 0x70, 0x00, 0x00, 0x20, 0x40},  // #208 29 givens
    {0x00, 0x00, 0x04, 0x62, 0x72, 0x08, 0x00, 0x70, 0x04, 0x40, 0x09, 0x00, 0x00, 0x00, 0x09, 0x07,
     0x20, 0x50, 0x00, 0x00, 0x00, 0x00, 0x00, 0x50, 0x30, 0x08, 0x06, 0x00, 0x04, 0x06, 0x90, 0x00,
     0x00, 0x23, 0x00, 0x60, 0x00, 0x67, 0x05, 0x40, 0x00},  // #209 28 givens
    {0x68, 0x90, 0x00, 0x70, 0x50, 0x00, 0x07, 0x00, 0x00, 0x74, 0x00, 0x09, 0x00, 0x00, 0x00, 0x00,
     0x00, 0x20, 0x07, 0x30, 0x85, 0x00, 0x68, 0x06, 0x00, 0x21, 0x00, 0x30, 0x80, 0x04, 0x29, 0x09,
     0x50, 0x00, 0x06, 0x00, 0x00, 0x03, 0x00, 0x00, 0x00},  // #210 28 givens
    {0x60, 0x00, 0x00, 0x08, 0x44, 0x00, 0x36, 0x07, 0x00, 0x20, 0x51, 0x00, 0x00, 0x30, 0x00, 0x09,
     0x00, 0x70, 0x70, 0x80, 0x00, 0x06, 0x20, 0x00, 0x87, 0x03, 0x00, 0x05, 0x09, 0x30, 0x00, 0x09,
     0x00, 0x60, 0x40, 0x00, 0x00, 0x30, 0x01, 0x00, 0x00},  // #211 28 givens
    {0x00, 0x00, 0x80, 0x05, 0x02, 0x00, 0x00, 0x10, 0x08, 0x30, 0x04, 0x00, 0x76, 0x00, 0x20, 0x00,
     0x80, 0x91, 0x60, 0x00, 0x02, 0x50, 0x71, 0x00, 0x09, 0x02, 0x30, 0x01, 0x00, 0x00, 0x02, 0x08,
     0x05, 0x00, 0x40, 0x10, 0x00, 0x00, 0x00, 0x40, 0x50},  // #212 29 givens
    {0x00, 0x00, 0x04, 0x00, 0x70, 0x73, 0x90, 0x05, 0x00, 0x00, 0x01, 0x00, 0x04, 0x05, 0x02, 0x00,
     0x18, 0x00, 0x04, 0x00, 0x06, 0x90, 0x00, 0x00, 0x00, 0x00, 0x04, 0x90, 0x40, 0x15, 0x02, 0x07,
     0x00, 0x49, 0x30, 0x00, 0x08, 0x50, 0x60, 0x00, 0x00},  // #213 28 givens
    {0x00, 0x00, 0x00, 0x00, 0x09, 0x00, 0x62, 0x85, 0x00, 0x04, 0x00, 0x70, 0x26, 0x00, 0x00, 0x80,
     0x60, 0x40, 0x01, 0x00, 0x00, 0x60, 0x20, 0x06, 0x19, 0x00, 0x00, 0x00, 0x05, 0x09, 0x00, 0x00,
     0x80, 0x00, 0x09, 0x05, 0x50, 0x07, 0x04, 0x10, 0x30},  // #214 28 givens
    {0x17, 0x00, 0x00, 0x00, 0x90, 0x45, 0x09, 0x00, 0x02, 0x02, 0x00, 0x00, 0x14, 0x00, 0x07, 0x00,
     0x40, 0x90, 0x00, 0x00, 0x00, 0x43, 0x00, 0x03, 0x78, 0x05, 0x01, 0x00, 0x48, 0x50, 0x00, 0x00,
     0x50, 0x00, 0x90, 0x00, 0x80, 0x00, 0x02, 0x01, 0x00},  // #215 28 givens
    {0x00, 0x03, 0x00, 0x25, 0x02, 0x00, 0x07, 0x00, 0x00, 0x01, 0x70, 0x09, 0x00, 0x44, 0x70, 0x60,
     0x00, 0x00, 0x68, 0x00, 0x40, 0x00, 0x20, 0x00, 0x05, 0x20, 0x00, 0x00, 0x00, 0x80, 0x01, 0x00,
     0x59, 0x20, 0x08, 0x00, 0x80, 0x00, 0x90, 0x52, 0x00},  // #216 28 givens
    {0x04, 0x25, 0x00, 0x08, 0x36, 0x50, 0x30, 0x00, 0x00, 0x10, 0x00, 0x00, 0x00, 0x70, 0x00, 0x09,
     0x00, 0x30, 0x80, 0x76, 0x00, 0x00, 0x03, 0x00, 0x80, 0x50, 0x06, 0x43, 0x00, 0x00, 0x16, 0x00,
     0x01, 0x02, 0x00, 0x00, 0x00, 0x01, 0x00, 0x04, 0x80},  // #217 28 givens
    {0x41, 0x00, 0x00, 0x79, 0x80, 0x00, 0x94, 0x00, 0x00, 0x00, 0x00, 0x08, 0x00, 0x01, 0x62, 0x87,
     0x05, 0x30, 0x09, 0x40, 0x56, 0x10, 0x70, 0x70, 0x00, 0x00, 0x00, 0x00, 0x01, 0x05, 0x02, 0x00,
     0x40, 0x70, 0x06, 0x03, 0x00, 0x03, 0x64, 0x80, 0x00},  // #218 33 givens
    {0x05, 0x00, 0x00, 0x02, 0x97, 0x20, 0x06, 0x90, 0x50, 0x00, 0x00, 0x00, 0x07, 0x00, 0x00, 0x00,
     0x08, 0x32, 0x00, 0x00, 0x00, 0x90, 0x50, 0x60, 0x95, 0x00, 0x00, 0x10, 0x20, 0x08, 0x00, 0x08,
     0x00, 0x12, 0x70, 0x43, 0x00, 0x70, 0x03, 0x08, 0x10},  // #219 30 givens
    {0x00, 0x70, 0x40, 0x00, 0x03, 0x06, 0x90, 0x57, 0x00, 0x05, 0x07, 0x00, 0x10, 0x00, 0x00, 0x40,
     0x00, 0x09, 0x07, 0x41, 0x90, 0x63, 0x00, 0x09, 0x52, 0x00, 0x00, 0x00, 0x00, 0x04, 0x50, 0x70,
     0x00, 0x00, 0x00, 0x92, 0x00, 0x00, 0x70, 0x00, 0x60},  // #220 28 givens
    {0x10, 0x37, 0x00, 0x09, 0x06, 0x02, 0x05, 0x00, 0x03, 0x80, 0x06, 0x00, 0x00, 0x70, 0x48, 0x17,
     0x00, 0x50, 0x00, 0x05, 0x06, 0x00, 0x00, 0x09, 0x00, 0x20, 0x01, 0x70, 0x50, 0x80, 0x00, 0x00,
     0x00, 0x20, 0x00, 0x00, 0x03, 0x60, 0x05, 0x00, 0x80},  // #221 29 givens
    {0x60, 0x80, 0x00, 0x50, 0x35, 0x04, 0x06, 0x98, 0x01, 0x01, 0x00, 0x05, 0x00, 0x07, 0x06, 0x00,
     0x80, 0x02, 0x00, 0x00, 0x00, 0x03, 0x03, 0x00, 0x70, 0x01, 0x06, 0x00, 0x00, 0x00, 0x01, 0x40,
     0x30, 0x01, 0x06, 0x00, 0x80, 0x16, 0x90, 0x00, 0x00},  // #222 30 givens
    {0x37, 0x00, 0x09, 0x00, 0x54, 0x00, 0x00, 0x79, 0x60, 0x00, 0x04, 0x06, 0x00, 0x00, 0x01, 0x00,
     0x00, 0x00, 0x09, 0x00, 0x10, 0x00, 0x00, 0x47, 0x20, 0x01, 0x00, 0x10, 0x00, 0x78, 0x40, 0x60,
     0x09, 0x60, 0x20, 0x70, 0x00, 0x40, 0x01, 0x82, 0x00},  // #223 30 givens
    {0x02, 0x01, 0x08, 0x00, 0x00, 0x06, 0x00, 0x40, 0x05, 0x70, 0x00, 0x60, 0x08, 0x06, 0x00, 0x01,
     0x00, 0x00, 0x00, 0x00, 0x05, 0x00, 0x79, 0x70, 0x04, 0x31, 0x00, 0x80, 0x10, 0x00, 0x00, 0x00,
     0x34, 0x08, 0x07, 0x12, 0x26, 0x70, 0x00, 0x00, 0x30},  // #224 30 givens
    {0x26, 0x04, 0x00, 0x00, 0x30, 0x50, 0x60, 0x00, 0x00, 0x30, 0x80, 0x00, 0x02, 0x40, 0x10, 0x00,
     0x04, 0x02, 0x80, 0x00, 0x06, 0x05, 0x14, 0x00, 0x90, 0x00, 0x70, 0x00, 0x00, 0x80, 0x16, 0x76,
     0x02, 0x31, 0x00, 0x00, 0x00, 0x00, 0x60, 0x03, 0x00},  // #225 30 givens
    {0x05, 0x00, 0x00, 0x09, 0x00, 0x09, 0x30, 0x80, 0x07, 0x00, 0x80, 0x09, 0x60, 0x30, 0x00, 0x10,
     0x23, 0x80, 0x21, 0x60, 0x83, 0x50, 0x08, 0x73, 0x04, 0x09, 0x20, 0x00, 0x05, 0x31, 0x00, 0x04,
     0x00, 0x00, 0x00, 0x02, 0x00, 0x00, 0x20, 0x03, 0x00},  // #226 33 givens
    {0x30, 0x71, 0x00, 0x00, 0x02, 0x89, 0x04, 0x00, 0x10, 0x06, 0x00, 0x00, 0x00, 0x00, 0x50, 0x00,
     0x62, 0x04, 0x00, 0x08, 0x00, 0x75, 0x60, 0x04, 0x09, 0x00, 0x00, 0x09, 0x00, 0x05, 0x00, 0x20,
     0x00, 0x07, 0x09, 0x30, 0x00, 0x80, 0x20, 0x00, 0x70},  // #227 28 givens
    {0x00, 0x04, 0x00, 0x00, 0x00, 0x06, 0x09, 0x24, 0x00, 0x00, 0x50, 0x30, 0x80, 0x00, 0x04, 0x70,
     0x80, 0x23, 0x00, 0x32, 0x00, 0x50, 0x00, 0x52, 0x91, 0x00, 0x48, 0x00, 0x00, 0x00, 0x08, 0x46,
     0x01, 0x00, 0x03, 0x70, 0x00, 0x03, 0x00, 0x05, 0x00},  // #228 30 givens
    {0x01, 0x00, 0x50, 0x40, 0x00, 0x09, 0x81, 0x07, 0x00, 0x00, 0x04, 0x07, 0x00, 0x86, 0x00, 0x00,
     0x90, 0x00, 0x05, 0x40, 0x20, 0x91, 0x00, 0x00, 0x03, 0x00, 0x00, 0x20, 0x00, 0x70, 0x00, 0x10,
     0x90, 0x06, 0x28, 0x07, 0x10, 0x00, 0x05, 0x00, 0x00},  // #229 28 givens
    {0x45, 0x90, 0x00, 0x60, 0x00, 0x03, 0x08, 0x50, 0x74, 0x00, 0x00, 0x00, 0x90, 0x00, 0x06, 0x00,
     0x90, 0x05, 0x00, 0x00, 0x30, 0x00, 0x00, 0x04, 0x25, 0x68, 0x00, 0x00, 0x03, 0x00, 0x08, 0x00,
     0x01, 0x50, 0x00, 0x07, 0x00, 0x07, 0x42, 0x00, 0x10},  // #230 28 givens
    {0x80, 0x25, 0x00, 0x00, 0x35, 0x60, 0x00, 0x00, 0x04, 0x00, 0x00, 0x08, 0x06, 0x90, 0x00, 0x08,
     0x93, 0x00, 0x07, 0x00, 0x05, 0x00, 0x06, 0x05, 0x00, 0x00, 0x00, 0x70, 0x98, 0x02, 0x00, 0x00,
     0x08, 0x09, 0x40, 0x20, 0x04, 0x60, 0x01, 0x93, 0x00},  // #231 30 givens
    {0x06, 0x50, 0x70, 0x20, 0x04, 0x07, 0x00, 0x00, 0x01, 0x00, 0x09, 0x00, 0x00, 0x50, 0x01, 0x00,
     0x00, 0x00, 0x04, 0x00, 0x00, 0x60, 0x30, 0x03, 0x01, 0x00, 0x80, 0x01, 0x00, 0x50, 0x42, 0x00,
     0x50, 0x10, 0x60, 0x09, 0x30, 0x20, 0x40, 0x05, 0x60},  // #232 29 givens
    {0x71, 0x30, 0x00, 0x26, 0x00, 0x80, 0x01, 0x07, 0x00, 0x00, 0x00, 0x32, 0x08, 0x00, 0x00, 0x00,
     0x80, 0x00, 0x06, 0x09, 0x00, 0x30, 0x03, 0x00, 0x04, 0x09, 0x02, 0x10, 0x00, 0x00, 0x00, 0x74,
     0x07, 0x08, 0x90, 0x00, 0x00, 0x90, 0x00, 0x40, 0x50},  // #233 28 givens
    {0x60, 0x30, 0x08, 0x04, 0x20, 0x08, 0x00, 0x03, 0x00, 0x20, 0x00, 0x34, 0x60, 0x00, 0x05, 0x10,
     0x34, 0x00, 0x30, 0x04, 0x20, 0x00, 0x00, 0x70, 0x00, 0x01, 0x30, 0x50, 0x00, 0x00, 0x89, 0x00,
     0x00, 0x05, 0x00, 0x06, 0x08, 0x06, 0x42, 0x00, 0x00},  // #234 30 givens
    {0x40, 0x00, 0x00, 0x00, 0x30, 0x57, 0x10, 0x00, 0x00, 0x30, 0x02, 0x00, 0x71, 0x00, 0x04, 0x30,
     0x00, 0x01, 0x07, 0x06, 0x80, 0x03, 0x00, 0x00, 0x00, 0x52, 0x90, 0x00, 0x00, 0x00, 0x04, 0x09,
     0x02, 0x00, 0x00, 0x60, 0x03, 0x05, 0x40, 0x08, 0x20},  // #235 28 givens
    {0x10, 0x80, 0x60, 0x20, 0x06, 0x30, 0x00, 0x20, 0x40, 0x49, 0x20, 0x80, 0x10, 0x00, 0x00, 0x64,
     0x10, 0x70, 0x00, 0x90, 0x03, 0x00, 0x00, 0x00, 0x07, 0x00, 0x03, 0x06, 0x00, 0x00, 0x70, 0x00,
     0x00, 0x00, 0x50, 0x04, 0x08, 0x04, 0x00, 0x30, 0x20},  // #236 29 givens
    {0x00, 0x07, 0x00, 0x00, 0x60, 0x86, 0x20, 0x57, 0x09, 0x09, 0x00, 0x80, 0x35, 0x06, 0x00, 0x94,
     0x00, 0x00, 0x70, 0x05, 0x00, 0x68, 0x00, 0x48, 0x00, 0x00, 0x00, 0x90, 0x28, 0x00, 0x50, 0x30,
     0x04, 0x10, 0x70, 0x08, 0x00, 0x03, 0x09, 0x06, 0x00},  // #237 33 givens
    {0x10, 0x00, 0x00, 0x00, 0x40, 0x40, 0x00, 0x03, 0x70, 0x00, 0x00, 0x00, 0x68, 0x14, 0x00, 0x00,
     0x07, 0x58, 0x00, 0x19, 0x07, 0x43, 0x00, 0x80, 0x00, 0x30, 0x00, 0x00, 0x03, 0x40, 0x00, 0x59,
     0x00, 0x10, 0x60, 0x20, 0x00, 0x00, 0x20, 0x94, 0x00},  // #238 29 givens
    {0x00, 0x00, 0x20, 0x00, 0x80, 0x00, 0x00, 0x00, 0x30, 0x10, 0x30, 0x98, 0x00, 0x00, 0x04, 0x00,
     0x00, 0x00, 0x00, 0x20, 0x07, 0x01, 0x35, 0x00, 0x06, 0x90, 0x80, 0x20, 0x05, 0x00, 0x86, 0x46,
     0x00, 0x00, 0x00, 0x50, 0x35, 0x80, 0x06, 0x10, 0x00},  // #239 28 givens
    {0x80, 0x00, 0x00, 0x70, 0x05, 0x00, 0x80, 0x72, 0x60, 0x01, 0x05, 0x00, 0x00, 0x80, 0x03, 0x07,
     0x50, 0x00, 0x78, 0x04, 0x00, 0x00, 0x01, 0x00, 0x60, 0x00, 0x02, 0x30, 0x00, 0x00, 0x01, 0x04,
     0x00, 0x05, 0x08, 0x00, 0x00, 0x03, 0x02, 0x04, 0x50},  // #240 28 givens
    {0x00, 0x00, 0x00, 0x06, 0x23, 0x00, 0x00, 0x05, 0x00, 0x64, 0x05, 0x80, 0x70, 0x30, 0x00, 0x90,
     0x00, 0x00, 0x80, 0x07, 0x54, 0x00, 0x69, 0x00, 0x30, 0x80, 0x00, 0x50, 0x94, 0x16, 0x20, 0x00,
     0x00, 0x00, 0x00, 0x00, 0x10, 0x32, 0x05, 0x00, 0x70},  // #241 30 givens
    {0x05, 0x40, 0x03, 0x00, 0x20, 0x13, 0x06, 0x00, 0x00, 0x00, 0x00, 0x05, 0x10, 0x05, 0x00, 0x89,
     0x43, 0x60, 0x30, 0x00, 0x00, 0x90, 0x00, 0x00, 0x32, 0x08, 0x10, 0x00, 0x00, 0x50, 0x04, 0x00,
     0x00, 0x00, 0x07, 0x80, 0x76, 0x00, 0x40, 0x00, 0x90},  // #242 29 givens
    {0x00, 0x00, 0x40, 0x07, 0x03, 0x24, 0x75, 0x68, 0x09, 0x00, 0x03, 0x00, 0x00, 0x00, 0x36, 0x10,
     0x70, 0x00, 0x10, 0x00, 0x00, 0x00, 0x82, 0x00, 0x59, 0x00, 0x00, 0x70, 0x04, 0x05, 0x00, 0x00,
     0x02, 0x01, 0x00, 0x50, 0x06, 0x00, 0x00, 0x39, 0x00},  // #243 29 givens
    {0x95, 0x02, 0x00, 0x01, 0x08, 0x06, 0x01, 0x00, 0x20, 0x00, 0x00, 0x09, 0x00, 0x00, 0x04, 0x50,
     0x01, 0x07, 0x00, 0x07, 0x80, 0x00, 0x01, 0x07, 0x49, 0x00, 0x06, 0x30, 0x80, 0x00, 0x50, 0x00,
     0x70, 0x00, 0x00, 0x91, 0x00, 0x91, 0x05, 0x00, 0x00},  // #244 29 givens
    {0x90, 0x05, 0x03, 0x78, 0x08, 0x70, 0x00, 0x00, 0x50, 0x50, 0x07, 0x02, 0x00, 0x00, 0x00, 0x40,
     0x50, 0x08, 0x00, 0x61, 0x07, 0x00, 0x04, 0x05, 0x02, 0x00, 0x00, 0x04, 0x00, 0x09, 0x06, 0x50,
     0x20, 0x80, 0x01, 0x47, 0x60, 0x00, 0x40, 0x00, 0x00},  // #245 31 givens
    {0x00, 0x80, 0x52, 0x03, 0x00, 0x30, 0x00, 0x05, 0x00, 0x90, 0x00, 0x34, 0x10, 0x62, 0x60, 0x30,
     0x00, 0x09, 0x05, 0x90, 0x80, 0x00, 0x30, 0x00, 0x06, 0x00, 0x00, 0x08, 0x65, 0x07, 0x00, 0x00,
     0x97, 0x02, 0x00, 0x00, 0x00, 0x08, 0x00, 0x00, 0x50},  // #246 29 givens
    {0x00, 0x80, 0x00, 0x00, 0x00, 0x90, 0x80, 0x03, 0x70, 0x00, 0x00, 0x40, 0x80, 0x91, 0x80, 0x36,
     0x07, 0x02, 0x00, 0x60, 0x00, 0x90, 0x10, 0x75, 0x10, 0x00, 0x80, 0x00, 0x07, 0x00, 0x00, 0x00,
     0x50, 0x00, 0x00, 0x67, 0x61, 0x00, 0x00, 0x53, 0x00},  // #247 29 givens
    {0x05, 0x00, 0x60, 0x47, 0x00, 0x07, 0x00, 0x43, 0x28, 0x03, 0x07, 0x00, 0x00, 0x60, 0x08, 0x00,
     0x00, 0x00, 0x00, 0x04, 0x00, 0x80, 0x03, 0x60, 0x90, 0x10, 0x00, 0x00, 0x00, 0x00, 0x50, 0x35,
     0x00, 0x60, 0x02, 0x84, 0x00, 0x20, 0x50, 0x06, 0x00},  // #248 29 givens
    {0x42, 0x00, 0x00, 0x00, 0x50, 0x01, 0x40, 0x90, 0x08, 0x63, 0x80, 0x00, 0x02, 0x00, 0x00, 0x00,
     0x00, 0x07, 0x80, 0x69, 0x00, 0x00, 0x00, 0x42, 0x76, 0x00, 0x00, 0x00, 0x40, 0x90, 0x00, 0x03,
     0x00, 0x25, 0x00, 0x80, 0x00, 0x53, 0x00, 0x09, 0x40},  // #249 29 givens
    {0x00, 0x06, 0x00, 0x00, 0x04, 0x00, 0x07, 0x03, 0x00, 0x05, 0x04, 0x08, 0x00, 0x05, 0x40, 0x82,
     0x00, 0x60, 0x00, 0x05, 0x09, 0x07, 0x06, 0x07, 0x00, 0x00, 0x80, 0x20, 0x00, 0x00, 0x00, 0x00,
     0x00, 0x98, 0x20, 0x00, 0x70, 0x83, 0x01, 0x92, 0x00},  // #250 28 givens
    {0x30, 0x01, 0x06, 0x20, 0x06, 0x00, 0x09, 0x00, 0x30, 0x09, 0x25, 0x70, 0x10, 0x00, 0x00, 0x06,
     0x10, 0x00, 0x80, 0x00, 0x00, 0x37, 0x00, 0x30, 0x00, 0x00, 0x02, 0x70, 0x90, 0x00, 0x00, 0x30,
     0x05, 0x90, 0x00, 0x00, 0x18, 0x00, 0x20, 0x40, 0x00},  // #251 28 givens
    {0x14, 0x00, 0x00, 0x00, 0x66, 0x20, 0x03, 0x50, 0x00, 0x00, 0x00, 0x19, 0x04, 0x00, 0x15, 0x70,
     0x32, 0x00, 0x70, 0x40, 0x60, 0x00, 0x32, 0x00, 0x58, 0x09, 0x00, 0x38, 0x00, 0x00, 0x00, 0x00,
     0x01, 0x00, 0x00, 0x00, 0x00, 0x00, 0x00, 0x79, 0x00},  // #252 28 givens
    {0x00, 0x07, 0x14, 0x00, 0x50, 0x01, 0x00, 0x62, 0x00, 0x00, 0x02, 0x30, 0x00, 0x07, 0x00, 0x04,
     0x30, 0x20, 0x50, 0x00, 0x00, 0x00, 0x00, 0x20, 0x60, 0x74, 0x00, 0x03, 0x98, 0x70, 0x00, 0x44,
     0x50, 0x00, 0x00, 0x00, 0x20, 0x00, 0x00, 0x13, 0x80},  // #253 29 givens
    {0x00, 0x02, 0x00, 0x30, 0x00, 0x63, 0x00, 0x00, 0x20, 0x00, 0x00, 0x04, 0x90, 0x04, 0x09, 0x00,
     0x00, 0x06, 0x00, 0x04, 0x70, 0x00, 0x81, 0x70, 0x60, 0x90, 0x00, 0x90, 0x00, 0x06, 0x00, 0x00,
     0x00, 0x70, 0x06, 0x01, 0x00, 0x65, 0x12, 0x40, 0x90},  // #254 28 givens
    {0x00, 0x90, 0x03, 0x10, 0x06, 0x00, 0x07, 0x85, 0x20, 0x00, 0x00, 0x21, 0x49, 0x60, 0x06, 0x80,
     0x70, 0x09, 0x08, 0x50, 0x04, 0x00, 0x00, 0x20, 0x03, 0x00, 0x00, 0x43, 0x07, 0x00, 0x08, 0x00,
     0x00, 0x00, 0x00, 0x50, 0x00, 0x04, 0x80, 0x30, 0x00},  // #255 30 givens
};

constexpr uint8_t kHard[][kBytes] = {
    {0x00, 0x00, 0x00, 0x16, 0x01, 0x00, 0x03, 0x05, 0x80, 0x00, 0x00, 0x04, 0x00, 0x07, 0x00, 0x00,
     0x10, 0x00, 0x02, 0x00, 0x80, 0x90, 0x00, 0x30, 0x00, 0x00, 0x02, 0x20, 0x07, 0x00, 0x00, 0x10,
     0x09, 0x60, 0x00, 0x00, 0x40, 0x58, 0x00, 0x03, 0x00},  // #0 23 givens
    {0x00, 0x38, 0x20, 0x00, 0x50, 0x40, 0x00, 0x00, 0x00, 0x00, 0x00, 0x06, 0x10, 0x20, 0x04, 0x70,
     0x00, 0x00, 0x30, 0x00, 0x10, 0x70, 0x90, 0x00, 0x09, 0x00, 0x00, 0x20, 0x00, 0x00, 0x00, 0x00,
     0x08, 0x40, 0x00, 0x01, 0x00, 0x60, 0x07, 0x89, 0x00},  // #1 23 givens
    {0x00, 0x00, 0x00, 0x08, 0x07, 0x50, 0x02, 0x00, 0x00, 0x08, 0x05, 0x07, 0x20, 0x00, 0x40, 0x08,
     0x03, 0x00, 0x00, 0x39, 0x02, 0x00, 0x00, 0x60, 0x00, 0x00, 0x00, 0x51, 0x96, 0x40, 0x07, 0x00,
     0x04, 0x00, 0x06, 0x09, 0x00, 0x00, 0x00, 0x10, 0x00},  // #2 25 givens
    {0x20, 0x01, 0x70, 0x00, 0x40, 0x07, 0x00, 0x03, 0x60, 0x00, 0x02, 0x03, 0x07, 0x00, 0x70, 0x60,
     0x00, 0x00, 0x04, 0x00, 0x00, 0x83, 0x01, 0x08, 0x90, 0x00, 0x00, 0x00, 0x20, 0x00, 0x00, 0x00,
     0x50, 0x80, 0x90, 0x06, 0x06, 0x03, 0x00, 0x10, 0x00},  // #3 26 givens
    {0x70, 0x04, 0x02, 0x03, 0x00, 0x06, 0x05, 0x00, 0x00, 0x90, 0x80, 0x00, 0x60, 0x06, 0x02, 0x70,
     0x05, 0x00, 0x08, 0x00, 0x00, 0x00, 0x90, 0x00, 0x00, 0x60, 0x70, 0x20, 0x00, 0x30, 0x00, 0x00,
     0x00, 0x20, 0x00, 0x01, 0x00, 0x15, 0x80, 0x00, 0x00},  // #4 24 givens
    {0x00, 0x02, 0x07, 0x00, 0x00, 0x10, 0x00, 0x04, 0x00, 0x00, 0x00, 0x01, 0x60, 0x59, 0x00, 0x00,
     0x00, 0x00, 0x00, 0x70, 0x80, 0x93, 0x20, 0x05, 0x04, 0x00, 0x00, 0x00, 0x00, 0x62, 0x70, 0x00,
     0x59, 0x00, 0x00, 0x01, 0x00, 0x30, 0x00, 0x00, 0x90},  // #5 23 givens
    {0x00, 0x60, 0x00, 0x70, 0x00, 0x10, 0x00, 0x40, 0x05, 0x90, 0x70, 0x00, 0x00, 0x00, 0x00, 0x60,
     0x50, 0x20, 0x09, 0x10, 0x00, 0x80, 0x00, 0x00, 0x00, 0x80, 0x01, 0x05, 0x00, 0x40, 0x03, 0x90,
     0x00, 0x02, 0x00, 0x00, 0x80, 0x00, 0x79, 0x00, 0x00},  // #6 23 givens
    {0x06, 0x00, 0x50, 0x84, 0x00, 0x00, 0x01, 0x00, 0x00, 0x10, 0x40, 0x32, 0x00, 0x00, 0x00, 0x00,
     0x00, 0x02, 0x00, 0x90, 0x27, 0x60, 0x06, 0x00, 0x00, 0x49, 0x00, 0x07, 0x00, 0x00, 0x00, 0x00,
     0x40, 0x00, 0x50, 0x20, 0x00, 0x30, 0x00, 0x05, 0x80},  // #7 24 givens
    {0x50, 0x69, 0x07, 0x00, 0x20, 0x07, 0x01, 0x60, 0x00, 0x00, 0x30, 0x00, 0x00, 0x00, 0x00, 0x60,
     0x00, 0x00, 0x00, 0x00, 0x04, 0x00, 0x53, 0x00, 0x50, 0x00, 0x26, 0x01, 0x00, 0x00, 0x05, 0x02,
     0x00, 0x30, 0x00, 0x80, 0x40, 0x02, 0x00, 0x90, 0x00},  // #8 24 givens
    {0x10, 0x00, 0x00, 0x90, 0x05, 0x26, 0x00, 0x00, 0x01, 0x07, 0x04, 0x00, 0x06, 0x00, 0x00, 0x02,
     0x85, 0x03, 0x00, 0x00, 0x00, 0x00, 0x89, 0x00, 0x00, 0x00, 0x00, 0x23, 0x00, 0x70, 0x40, 0x00,
     0x00, 0x10, 0x00, 0x00, 0x00, 0x09, 0x00, 0x08, 0x50},  // #9 23 givens
    {0x90, 0x00, 0x01, 0x70, 0x00, 0x00, 0x00, 0x00, 0x96, 0x04, 0x00, 0x90, 0x80, 0x00, 0x07, 0x02,
     0x90, 0x04, 0x05, 0x00, 0x00, 0x00, 0x10, 0x00, 0x00, 0x05, 0x00, 0x00, 0x00, 0x80, 0x06, 0x07,
     0x60, 0x00, 0x30, 0x08, 0x50, 0x91, 0x00, 0x00, 0x70},  // #10 25 givens
    {0x02, 0x00, 0x07, 0x00, 0x00, 0x00, 0x00, 0x00, 0x54, 0x60, 0x00, 0x00, 0x01, 0x20, 0x05, 0x06,
     0x30, 0x80, 0x00, 0x09, 0x04, 0x02, 0x00, 0x00, 0x05, 0x00, 0x03, 0x80, 0x00, 0x00, 0x30, 0x50,
     0x31, 0x02, 0x90, 0x00, 0x07, 0x00, 0x80, 0x00, 0x00},  // #11 25 givens
    {0x00, 0x70, 0x21, 0x00, 0x00, 0x00, 0x05, 0x78, 0x40, 0x00, 0x08, 0x60, 0x03, 0x00, 0x58, 0x00,
     0x02, 0x00, 0x60, 0x00, 0x00, 0x90, 0x04, 0x00, 0x00, 0x00, 0x80, 0x04, 0x06, 0x00, 0x00, 0x03,
     0x80, 0x01, 0x00, 0x20, 0x00, 0x00, 0x00, 0x39, 0x70},  // #12 26 givens
    {0x00, 0x07, 0x09, 0x08, 0x09, 0x20, 0x00, 0x50, 0x10, 0x40, 0x00, 0x00, 0x70, 0x00, 0x00, 0x09,
     0x00, 0x36, 0x09, 0x00, 0x00, 0x00, 0x00, 0x08, 0x62, 0x00, 0x01, 0x07, 0x02, 0x00, 0x05, 0x00,
     0x00, 0x00, 0x00, 0x00, 0x35, 0x00, 0x80, 0x04, 0x00},  // #13 24 givens
    {0x90, 0x00, 0x00, 0x10, 0x00, 0x00, 0x94, 0x00, 0x06, 0x00, 0x00, 0x05, 0x09, 0x03, 0x21, 0x00,
     0x06, 0x00, 0x00, 0x86, 0x00, 0x00, 0x00, 0x00, 0x71, 0x42, 0x00, 0x05, 0x60, 0x07, 0x00, 0x20,
     0x00, 0x20, 0x00, 0x40, 0x07, 0x00, 0x90, 0x00, 0x00},  // #14 25 givens
    {0x07, 0x08, 0x00, 0x00, 0x00, 0x02, 0x00, 0x00, 0x00, 0x50, 0x30, 0x00, 0x20, 0x70, 0x00, 0x90,
     0x20, 0x60, 0x00, 0x00, 0x14, 0x00, 0x90, 0x05, 0x00, 0x00, 0x00, 0x09, 0x00, 0x30, 0x00, 0x00,
     0x00, 0x00, 0x61, 0x90, 0x82, 0x74, 0x00, 0x00, 0x30},  // #15 24 givens
    {0x00, 0x40, 0x00, 0x90, 0x03, 0x20, 0x40, 0x00, 0x06, 0x00, 0x00, 0x80, 0x00, 0x30, 0x00, 0x00,
     0x10, 0x70, 0x26, 0x08, 0x03, 0x01, 0x00, 0x07, 0x06, 0x00, 0x90, 0x80, 0x00, 0x00, 0x00, 0x00,
     0x00, 0x01, 0x00, 0x50, 0x00, 0x50, 0x00, 0x06, 0x10},  // #16 24 givens
    {0x40, 0x90, 0x06, 0x70, 0x00, 0x00, 0x90, 0x80, 0x00, 0x01, 0x00, 0x00, 0x00, 0x20, 0x00, 0x00,
     0x00, 0x00, 0x90, 0x00, 0x00, 0x01, 0x00, 0x31, 0x07, 0x46, 0x00, 0x00, 0x50, 0x40, 0x30, 0x10,
     0x40, 0x05, 0x10, 0x80, 0x00, 0x08, 0x00, 0x00, 0x00},  // #17 24 givens
    {0x00, 0x90, 0x00, 0x60, 0x40, 0x80, 0x00, 0x41, 0x00, 0x70, 0x09, 0x01, 0x00, 0x00, 0x00, 0x00,
     0x82, 0x43, 0x27, 0x40, 0x60, 0x00, 0x00, 0x00, 0x00, 0x00, 0x00, 0x09, 0x00, 0x40, 0x01, 0x00,
     0x00, 0x00, 0x50, 0x07, 0x10, 0x00, 0x30, 0x00, 0x00},  // #18 24 givens
    {0x60, 0x00, 0x00, 0x20, 0x00, 0x00, 0x17, 0x09, 0x04, 0x00, 0x00, 0x00, 0x00, 0x03, 0x90, 0x00,
     0x00, 0x80, 0x40, 0x00, 0x80, 0x05, 0x97, 0x00, 0x60, 0x01, 0x00, 0x90, 0x00, 0x60, 0x00, 0x30,
     0x00, 0x09, 0x06, 0x00, 0x00, 0x54, 0x20, 0x00, 0x00},  // #19 24 givens
    {0x00, 0x00, 0x00, 0x59, 0x80, 0x00, 0x00, 0x00, 0x30, 0x02, 0x84, 0x00, 0x70, 0x00, 0x04, 0x00,
     0x00, 0x62, 0x08, 0x00, 0x00, 0x00, 0x00, 0x76, 0x01, 0x03, 0x00, 0x06, 0x00, 0x09, 0x00, 0x02,
     0x00, 0x68, 0x30, 0x07, 0x00, 0x02, 0x00, 0x00, 0x00},  // #20 24 givens
    {0x00, 0x00, 0x06, 0x20, 0x00, 0x92, 0x00, 0x50, 0x83, 0x86, 0x00, 0x00, 0x00, 0x50, 0x70, 0x02,
     0x01, 0x00, 0x00, 0x00, 0x00, 0x54, 0x00, 0x09, 0x40, 0x00, 0x00, 0x00, 0x00, 0x00, 0x00, 0x60,
     0x30, 0x08, 0x00, 0x00, 0x00, 0x10, 0x04, 0x87, 0x00},  // #21 24 givens
    {0x00, 0x02, 0x80, 0x90, 0x06, 0x00, 0x07, 0x00, 0x20, 0x00, 0x70, 0x06, 0x04, 0x08, 0x00, 0x00,
     0x90, 0x00, 0x00, 0x13, 0x00, 0x00, 0x00, 0x65, 0x40, 0x00, 0x09, 0x00, 0x00, 0x00, 0x35, 0x07,
     0x04, 0x00, 0x00, 0x02, 0x00, 0x00, 0x00, 0x07, 0x60},  // #22 24 givens
    {0x00, 0x80, 0x00, 0x00, 0x60, 0x91, 0x05, 0x48, 0x00, 0x30, 0x08, 0x00, 0x00, 0x00, 0x50, 0x00,
     0x00, 0x00, 0x00, 0x00, 0x71, 0x00, 0x00, 0x00, 0x00, 0x20, 0x15, 0x00, 0x00, 0x00, 0x00, 0x00,
     0x73, 0x00, 0x82, 0x00, 0x04, 0x59, 0x00, 0x08, 0x00},  // #23 23 givens
    {0x05, 0x93, 0x60, 0x00, 0x40, 0x08, 0x00, 0x00, 0x00, 0x00, 0x00, 0x00, 0x02, 0x00, 0x00, 0x10,
     0x20, 0x00, 0x40, 0x00, 0x86, 0x05, 0x01, 0x60, 0x04, 0x00, 0x09, 0x60, 0x00, 0x00, 0x73, 0x00,
     0x05, 0x00, 0x00, 0x60, 0x00, 0x00, 0x00, 0x90, 0x00},  // #24 23 givens
    {0x00, 0x00, 0x00, 0x45, 0x00, 0x00, 0x00, 0x10, 0x02, 0x05, 0x60, 0x30, 0x00, 0x03, 0x60, 0x05,
     0x00, 0x00, 0x00, 0x06, 0x00, 0x08, 0x50, 0x07, 0x09, 0x00, 0x00, 0x08, 0x03, 0x00, 0x10, 0x00,
     0x04, 0x00, 0x60, 0x00, 0x00, 0x02, 0x18, 0x07, 0x00},  // #25 24 givens
    {0x00, 0x01, 0x80, 0x05, 0x03, 0x10, 0x00, 0x04, 0x00, 0x00, 0x00, 0x00, 0x70, 0x09, 0x00, 0x47,
     0x00, 0x00, 0x00, 0x00, 0x06, 0x03, 0x00, 0x00, 0x02, 0x00, 0x06, 0x02, 0x08, 0x07, 0x00, 0x00,
     0x04, 0x00, 0x00, 0x10, 0x00, 0x00, 0x30, 0x60, 0x50},  // #26 22 givens
    {0x00, 0x00, 0x02, 0x00, 0x05, 0x00, 0x07, 0x96, 0x01, 0x00, 0x01, 0x00, 0x23, 0x06, 0x07, 0x01,
     0x00, 0x03, 0x00, 0x50, 0x00, 0x00, 0x03, 0x01, 0x06, 0x04, 0x00, 0x00, 0x69, 0x50, 0x00, 0x00,
     0x14, 0x03, 0x00, 0x07, 0x80, 0x07, 0x00, 0x00, 0x00},  // #27 27 givens
    {0x00, 0x00, 0x06, 0x00, 0x04, 0x00, 0x00, 0x80, 0x73, 0x85, 0x00, 0x27, 0x06, 0x09, 0x00, 0x00,
     0x08, 0x05, 0x07, 0x03, 0x00, 0x60, 0x00, 0x08, 0x00, 0x97, 0x00, 0x00, 0x20, 0x70, 0x00, 0x03,
     0x05, 0x00, 0x00, 0x00, 0x09, 0x00, 0x12, 0x00, 0x00},  // #28 26 givens
    {0x03, 0x00, 0x00, 0x49, 0x00, 0x00, 0x02, 0x40, 0x00, 0x60, 0x00, 0x00, 0x00, 0x00, 0x06, 0x14,
     0x00, 0x08, 0x00, 0x00, 0x09, 0x03, 0x10, 0x80, 0x00, 0x00, 0x00, 0x00, 0x06, 0x00, 0x02, 0x30,
     0x95, 0x80, 0x00, 0x60, 0x70, 0x00, 0x30, 0x01, 0x00},  // #29 24 givens
    {0x06, 0x00, 0x03, 0x00, 0x00, 0x00, 0x60, 0x00, 0x40, 0x00, 0x58, 0x70, 0x09, 0x00, 0x07, 0x00,
     0x00, 0x53, 0x00, 0x04, 0x30, 0x00, 0x70, 0x04, 0x00, 0x90, 0x00, 0x00, 0x00, 0x01, 0x60, 0x20,
     0x09, 0x02, 0x00, 0x00, 0x00, 0x00, 0x00, 0x07, 0x00},  // #30 22 givens
    {0x20, 0x01, 0x00, 0x35, 0x00, 0x09, 0x00, 0x40, 0x01, 0x00, 0x00, 0x00, 0x60, 0x00, 0x40, 0x01,
     0x60, 0x03, 0x90, 0x00, 0x30, 0x00, 0x00, 0x36, 0x50, 0x90, 0x70, 0x00, 0x00, 0x00, 0x24, 0x90,
     0x04, 0x00, 0x00, 0x06, 0x00, 0x80, 0x00, 0x00, 0x00},  // #31 25 givens
    {0x00, 0x00, 0x07, 0x00, 0x08, 0x60, 0x00, 0x00, 0x02, 0x04, 0x70, 0x10, 0x03, 0x00, 0x00, 0x00,
     0x00, 0x05, 0x00, 0x00, 0x00, 0x14, 0x00, 0x80, 0x59, 0x10, 0x20, 0x21, 0x30, 0x04, 0x00, 0x70,
     0x70, 0x00, 0x25, 0x00, 0x00, 0x00, 0x80, 0x00, 0x00},  // #32 25 givens
    {0x00, 0x09, 0x70, 0x00, 0x81, 0x00, 0x00, 0x09, 0x30, 0x00, 0x04, 0x50, 0x01, 0x00, 0x10, 0x00,
     0x02, 0x50, 0x07, 0x00, 0x12, 0x00, 0x09, 0x00, 0x00, 0x00, 0x00, 0x80, 0x00, 0x20, 0x00, 0x60,
     0x20, 0x03, 0x08, 0x00, 0x00, 0x90, 0x05, 0x00, 0x30},  // #33 25 givens
    {0x40, 0x00, 0x07, 0x85, 0x31, 0x06, 0x02, 0x00, 0x40, 0x00, 0x80, 0x04, 0x02, 0x00, 0x02, 0x00,
     0x00, 0x69, 0x80, 0x30, 0x00, 0x00, 0x00, 0x00, 0x00, 0x01, 0x00, 0x00, 0x09, 0x02, 0x00, 0x00,
     0x00, 0x03, 0x80, 0x00, 0x03, 0x04, 0x00, 0x20, 0x00},  // #34 25 givens
    {0x04, 0x00, 0x00, 0x70, 0x65, 0x07, 0x80, 0x00, 0x00, 0x01, 0x03, 0x00, 0x00, 0x08, 0x04, 0x05,
     0x02, 0x00, 0x00, 0x09, 0x70, 0x00, 0x00, 0x60, 0x00, 0x20, 0x01, 0x00, 0x20, 0x00, 0x00, 0x00,
     0x00, 0x00, 0x00, 0x03, 0x70, 0x00, 0x00, 0x59, 0x80},  // #35 23 givens
    {0x00, 0x28, 0x05, 0x00, 0x00, 0x64, 0x00, 0x02, 0x09, 0x00, 0x00, 0x00, 0x00, 0x00, 0x40, 0x05,
     0x01, 0x30, 0x00, 0x09, 0x00, 0x00, 0x00, 0x00, 0x40, 0x05, 0x00, 0x62, 0x00, 0x07, 0x00, 0x00,
     0x00, 0x00, 0x10, 0x50, 0x00, 0x92, 0x00, 0x00, 0x80},  // #36 22 givens
    {0x00, 0x00, 0x02, 0x40, 0x04, 0x70, 0x00, 0x39, 0x00, 0x00, 0x00, 0x00, 0x00, 0x60, 0x30, 0x00,
     0x05, 0x40, 0x04, 0x00, 0x01, 0x00, 0x21, 0x00, 0x40, 0x07, 0x00, 0x01, 0x87, 0x00, 0x00, 0x02,
     0x07, 0x09, 0x00, 0x05, 0x00, 0x00, 0x50, 0x00, 0x00},  // #37 24 givens
    {0x00, 0x50, 0x00, 0x90, 0x00, 0x00, 0x39, 0x00, 0x02, 0x06, 0x00, 0x08, 0x00, 0x70, 0x00, 0x03,
     0x05, 0x10, 0x00, 0x02, 0x00, 0x00, 0x00, 0x07, 0x14, 0x00, 0x00, 0x20, 0x00, 0x00, 0x00, 0x90,
     0x09, 0x00, 0x07, 0x05, 0x71, 0x00, 0x00, 0x04, 0x00},  // #38 23 givens
    {0x00, 0x90, 0x00, 0x03, 0x00, 0x00, 0x87, 0x01, 0x00, 0x70, 0x00, 0x06, 0x00, 0x00, 0x80, 0x04,
     0x00, 0x00, 0x90, 0x02, 0x00, 0x00, 0x51, 0x00, 0x39, 0x82, 0x00, 0x27, 0x10, 0x00, 0x04, 0x60,
     0x00, 0x60, 0x00, 0x50, 0x00, 0x00, 0x00, 0x00, 0x20},  // #39 25 givens
    {0x00, 0x00, 0x00, 0x00, 0x00, 0x00, 0x40, 0x07, 0x80, 0x08, 0x00, 0x00, 0x03, 0x90, 0x70, 0x01,
     0x00, 0x00, 0x94, 0x60, 0x80, 0x00, 0x00, 0x05, 0x00, 0x00, 0x02, 0x50, 0x70, 0x08, 0x00, 0x08,
     0x60, 0x00, 0x25, 0x00, 0x00, 0x00, 0x41, 0x00, 0x00},  // #40 23 givens
    {0x50, 0x00, 0x04, 0x06, 0x00, 0x00, 0x00, 0x30, 0x00, 0x03, 0x00, 0x10, 0x20, 0x80, 0x60, 0x00,
     0x90, 0x70, 0x00, 0x02, 0x06, 0x00, 0x49, 0x08, 0x00, 0x05, 0x00, 0x00, 0x76, 0x02, 0x90, 0x08,
     0x00, 0x00, 0x00, 0x00, 0x60, 0x01, 0x00, 0x00, 0x30},  // #41 25 givens
    {0x07, 0x09, 0x00, 0x25, 0x00, 0x02, 0x05, 0x30, 0x00, 0x30, 0x00, 0x80, 0x00, 0x01, 0x00, 0x60,
     0x00, 0x20, 0x00, 0x82, 0x07, 0x50, 0x00, 0x00, 0x09, 0x50, 0x04, 0x69, 0x00, 0x00, 0x00, 0x00,
     0x00, 0x00, 0x00, 0x30, 0x00, 0x00, 0x00, 0x79, 0x60},  // #42 25 givens
    {0x00, 0x00, 0x00, 0x00, 0x01, 0x05, 0x02, 0x00, 0x00, 0x40, 0x00, 0x03, 0x07, 0x53, 0x70, 0x00,
     0x09, 0x10, 0x02, 0x00, 0x90, 0x00, 0x00, 0x00, 0x00, 0x00, 0x52, 0x60, 0x08, 0x00, 0x70, 0x10,
     0x00, 0x90, 0x60, 0x00, 0x04, 0x02, 0x00, 0x06, 0x80},  // #43 25 givens
    {0x70, 0x80, 0x00, 0x46, 0x00, 0x04, 0x30, 0x00, 0x00, 0x03, 0x06, 0x07, 0x00, 0x00, 0x00, 0x80,
     0x00, 0x05, 0x00, 0x90, 0x50, 0x00, 0x00, 0x00, 0x70, 0x00, 0x18, 0x08, 0x20, 0x00, 0x50, 0x06,
     0x00, 0x00, 0x82, 0x00, 0x50, 0x02, 0x60, 0x80, 0x40},  // #44 27 givens
    {0x20, 0x00, 0x46, 0x00, 0x00, 0x01, 0x80, 0x00, 0x00, 0x00, 0x79, 0x00, 0x00, 0x00, 0x19, 0x78,
     0x00, 0x50, 0x08, 0x23, 0x00, 0x00, 0x10, 0x00, 0x00, 0x59, 0x00, 0x00, 0x40, 0x00, 0x70, 0x80,
     0x00, 0x01, 0x00, 0x40, 0x00, 0x00, 0x07, 0x10, 0x50},  // #45 26 givens
    {0x00, 0x00, 0x20, 0x34, 0x00, 0x90, 0x08, 0x00, 0x00, 0x00, 0x10, 0x00, 0x00, 0x00, 0x06, 0x70,
     0x05, 0x03, 0x05, 0x00, 0x09, 0x80, 0x00, 0x80, 0x05, 0x20, 0x06, 0x00, 0x20, 0x03, 0x10, 0x03,
     0x08, 0x00, 0x06, 0x00, 0x70, 0x00, 0x10, 0x00, 0x00},  // #46 25 givens
    {0x08, 0x00, 0x00, 0x07, 0x03, 0x00, 0x90, 0x06, 0x00, 0x05, 0x10, 0x84, 0x00, 0x00, 0x60, 0x00,
     0x70, 0x00, 0x02, 0x00, 0x00, 0x30, 0x00, 0x09, 0x60, 0x07, 0x00, 0x00, 0x04, 0x70, 0x08, 0x00,
     0x00, 0x00, 0x50, 0x09, 0x00, 0x03, 0x60, 0x10, 0x00},  // #47 24 givens
    {0x00, 0x10, 0x00, 0x00, 0x80, 0x00, 0x01, 0x04, 0x06, 0x60, 0x00, 0x70, 0x13, 0x00, 0x20, 0x90,
     0x00, 0x00, 0x50, 0x00, 0x00, 0x29, 0x00, 0x00, 0x73, 0x00, 0x40, 0x00, 0x00, 0x04, 0x00, 0x00,
     0x70, 0x29, 0x63, 0x00, 0x48, 0x03, 0x00, 0x00, 0x00},  // #48 26 givens
    {0x26, 0x00, 0x00, 0x00, 0x00, 0x00, 0x38, 0x40, 0x00, 0x00, 0x80, 0x00, 0x70, 0x00, 0x00, 0x07,
     0x05, 0x80, 0x00, 0x00, 0x00, 0x00, 0x30, 0x04, 0x61, 0x00, 0x00, 0x00, 0x01, 0x00, 0x00, 0x09,
     0x20, 0x03, 0x00, 0x07, 0x07, 0x02, 0x00, 0x04, 0x00},  // #49 22 givens
    {0x00, 0x20, 0x90, 0x00, 0x49, 0x00, 0x04, 0x00, 0x20, 0x00, 0x00, 0x01, 0x00, 0x66, 0x00, 0x72,
     0x05, 0x00, 0x02, 0x80, 0x00, 0x01, 0x04, 0x05, 0x00, 0x07, 0x00, 0x07, 0x30, 0x00, 0x00, 0x00,
     0x90, 0x30, 0x00, 0x60, 0x00, 0x00, 0x00, 0x30, 0x50},  // #50 25 givens
    {0x02, 0x00, 0x08, 0x03, 0x96, 0x00, 0x74, 0x00, 0x05, 0x73, 0x00, 0x00, 0x00, 0x04, 0x10, 0x50,
     0x00, 0x08, 0x05, 0x60, 0x00, 0x00, 0x03, 0x00, 0x09, 0x00, 0x02, 0x00, 0x00, 0x30, 0x81, 0x60,
     0x00, 0x00, 0x00, 0x50, 0x00, 0x04, 0x60, 0x00, 0x00},  // #51 26 givens
    {0x00, 0x00, 0x00, 0x00, 0x70, 0x00, 0x63, 0x00, 0x02, 0x05, 0x20, 0x01, 0x06, 0x00, 0x03, 0x09,
     0x50, 0x00, 0x00, 0x00, 0x10, 0x39, 0x50, 0x80, 0x20, 0x01, 0x00, 0x64, 0x00, 0x00, 0x00, 0x00,
     0x00, 0x00, 0x00, 0x00, 0x20, 0x57, 0x80, 0x00, 0x90},  // #52 25 givens
    {0x70, 0x00, 0x12, 0x00, 0x00, 0x00, 0x80, 0x00, 0x19, 0x30, 0x00, 0x00, 0x00, 0x06, 0x02, 0x04,
     0x00, 0x00, 0x09, 0x00, 0x38, 0x70, 0x00, 0x00, 0x00, 0x00, 0x04, 0x80, 0x00, 0x00, 0x95, 0x00,
     0x60, 0x00, 0x50, 0x00, 0x00, 0x02, 0x60, 0x04, 0x00},  // #53 23 givens
    {0x84, 0x06, 0x00, 0x00, 0x00, 0x20, 0x00, 0x08, 0x90, 0x00, 0x00, 0x05, 0x00, 0x00, 0x50, 0x00,
     0x00, 0x01, 0x00, 0x00, 0x03, 0x46, 0x00, 0x00, 0x09, 0x70, 0x20, 0x30, 0x00, 0x50, 0x60, 0x86,
     0x98, 0x30, 0x00, 0x00, 0x00, 0x00, 0x00, 0x01, 0x00},  // #54 24 givens
    {0x00, 0x00, 0x00, 0x00, 0x26, 0x00, 0x40, 0x08, 0x00, 0x01, 0x00, 0x00, 0x93, 0x00, 0x80, 0x06,
     0x10, 0x00, 0x00, 0x00, 0x00, 0x09, 0x00, 0x07, 0x80, 0x40, 0x00, 0x70, 0x00, 0x00, 0x00, 0x00,
     0x92, 0x50, 0x03, 0x80, 0x00, 0x50, 0x93, 0x40, 0x00},  // #55 24 givens
    {0x40, 0x05, 0x90, 0x01, 0x08, 0x20, 0x00, 0x00, 0x00, 0x00, 0x90, 0x00, 0x60, 0x00, 0x30, 0x40,
     0x00, 0x00, 0x10, 0x00, 0x76, 0x00, 0x05, 0x08, 0x20, 0x00, 0x70, 0x64, 0x00, 0x05, 0x70, 0x00,
     0x00, 0x00, 0x00, 0x20, 0x00, 0x09, 0x30, 0x00, 0x50},  // #56 25 givens
    {0x00, 0x00, 0x00, 0x00, 0x56, 0x00, 0x90, 0x00, 0x10, 0x09, 0x00, 0x20, 0x30, 0x80, 0x00, 0x03,
     0x00, 0x00, 0x00, 0x52, 0x00, 0x76, 0x00, 0x38, 0x00, 0x60, 0x40, 0x00, 0x00, 0x09, 0x00, 0x00,
     0x43, 0x00, 0x00, 0x00, 0x90, 0x04, 0x70, 0x00, 0x00},  // #57 23 givens
    {0x00, 0x00, 0x00, 0x14, 0x20, 0x80, 0x06, 0x00, 0x00, 0x40, 0x30, 0x00, 0x00, 0x03, 0x00, 0x28,
     0x04, 0x00, 0x00, 0x00, 0x16, 0x30, 0x00, 0x14, 0x90, 0x00, 0x67, 0x00, 0x08, 0x00, 0x20, 0x00,
     0x05, 0x70, 0x20, 0x00, 0x00, 0x00, 0x40, 0x07, 0x00},  // #58 26 givens
    {0x80, 0x00, 0x60, 0x10, 0x40, 0x00, 0x00, 0x00, 0x76, 0x00, 0x30, 0x09, 0x80, 0x00, 0x30, 0x00,
     0x00, 0x40, 0x70, 0x00, 0x04, 0x20, 0x00, 0x58, 0x02, 0x60, 0x00, 0x00, 0x47, 0x02, 0x00, 0x03,
     0x00, 0x08, 0x00, 0x00, 0x61, 0x20, 0x03, 0x00, 0x00},  // #59 27 givens
    {0x00, 0x45, 0x00, 0x00, 0x18, 0x90, 0x00, 0x07, 0x00, 0x20, 0x00, 0x03, 0x00, 0x90, 0x40, 0x90,
     0x00, 0x00, 0x05, 0x00, 0x60, 0x00, 0x26, 0x00, 0x38, 0x00, 0x10, 0x00, 0x00, 0x70, 0x08, 0x00,
     0x00, 0x20, 0x00, 0x00, 0x30, 0x10, 0x00, 0x00, 0x00},  // #60 23 givens
    {0x01, 0x00, 0x60, 0x04, 0x00, 0x00, 0x03, 0x00, 0x00, 0x40, 0x08, 0x00, 0x00, 0x30, 0x57, 0x40,
     0x00, 0x90, 0x00, 0x00, 0x70, 0x00, 0x62, 0x00, 0x00, 0x80, 0x50, 0x54, 0x00, 0x00, 0x00, 0x78,
     0x00, 0x10, 0x06, 0x00, 0x69, 0x00, 0x00, 0x00, 0x00},  // #61 24 givens
    {0x00, 0x00, 0x00, 0x00, 0x10, 0x97, 0x08, 0x00, 0x00, 0x00, 0x05, 0x09, 0x00, 0x80, 0x00, 0x94,
     0x07, 0x30, 0x00, 0x20, 0x00, 0x05, 0x05, 0x00, 0x00, 0x68, 0x00, 0x00, 0x03, 0x00, 0x00, 0x01,
     0x80, 0x00, 0x00, 0x24, 0x20, 0x00, 0x00, 0x90, 0x00},  // #62 23 givens
    {0x00, 0x02, 0x00, 0x90, 0x00, 0x00, 0x70, 0x30, 0x25, 0x00, 0x00, 0x00, 0x00, 0x00, 0x36, 0x00,
     0x00, 0x00, 0x10, 0x04, 0x80, 0x53, 0x05, 0x00, 0x90, 0x07, 0x01, 0x06, 0x00, 0x00, 0x00, 0x40,
     0x40, 0x00, 0x10, 0x52, 0x35, 0x00, 0x60, 0x00, 0x00},  // #63 26 givens
    {0x20, 0x79, 0x03, 0x00, 0x00, 0x05, 0x20, 0x00, 0x00, 0x41, 0x00, 0x00, 0x00, 0x00, 0x00, 0x03,
     0x16, 0x80, 0x00, 0x30, 0x00, 0x50, 0x10, 0x00, 0x06, 0x02, 0x00, 0x70, 0x10, 0x00, 0x04, 0x00,
     0x00, 0x00, 0x90, 0x62, 0x30, 0x00, 0x50, 0x70, 0x00},  // #64 26 givens
    {0x00, 0x35, 0x28, 0x00, 0x45, 0x00, 0x60, 0x00, 0x03, 0x80, 0x00, 0x00, 0x60, 0x00, 0x49, 0x05,
     0x70, 0x00, 0x00, 0x00, 0x40, 0x02, 0x03, 0x07, 0x80, 0x90, 0x40, 0x00, 0x00, 0x60, 0x30, 0x00,
     0x00, 0x09, 0x00, 0x62, 0x00, 0x07, 0x02, 0x00, 0x00},  // #65 28 givens
    {0x00, 0x30, 0x28, 0x00, 0x04, 0x00, 0x50, 0x07, 0x00, 0x00, 0x70, 0x00, 0x05, 0x96, 0x30, 0x40,
     0x50, 0x00, 0x00, 0x80, 0x00, 0x60, 0x00, 0x00, 0x00, 0x14, 0x00, 0x00, 0x01, 0x82, 0x07, 0x00,
     0x20, 0x00, 0x00, 0x31, 0x00, 0x00, 0x00, 0x00, 0x00},  // #66 24 givens
    {0x00, 0x40, 0x52, 0x03, 0x90, 0x00, 0x04, 0x00, 0x00, 0x53, 0x00, 0x00, 0x00, 0x00, 0x09, 0x00,
     0x80, 0x20, 0x02, 0x00, 0x00, 0x70, 0x00, 0x10, 0x00, 0x60, 0x05, 0x00, 0x00, 0x20, 0x86, 0x00,
     0x01, 0x06, 0x03, 0x00, 0x04, 0x80, 0x00, 0x15, 0x00},  // #67 26 givens
    {0x60, 0x08, 0x00, 0x95, 0x00, 0x00, 0x06, 0x70, 0x00, 0x70, 0x00, 0x00, 0x30, 0x00, 0x30, 0x00,
     0x00, 0x05, 0x05, 0x90, 0x40, 0x00, 0x30, 0x08, 0x00, 0x10, 0x09, 0x54, 0x00, 0x08, 0x00, 0x00,
     0x10, 0x00, 0x00, 0x80, 0x00, 0x06, 0x09, 0x00, 0x00},  // #68 24 givens
    {0x00, 0x02, 0x03, 0x09, 0x02, 0x00, 0x06, 0x00, 0x00, 0x00, 0x30, 0x00, 0x01, 0x00, 0x30, 0x00,
     0x25, 0x00, 0x10, 0x40, 0x09, 0x30, 0x07, 0x00, 0x60, 0x00, 0x00, 0x00, 0x00, 0x00, 0x00, 0x06,
     0x01, 0x00, 0x08, 0x07, 0x09, 0x00, 0x80, 0x23, 0x00},  // #69 24 givens
    {0x00, 0x80, 0x12, 0x04, 0x30, 0x03, 0x00, 0x00, 0x00, 0x19, 0x00, 0x00, 0x00, 0x00, 0x40, 0x00,
     0x00, 0x00, 0x00, 0x07, 0x95, 0x62, 0x00, 0x00, 0x00, 0x07, 0x00, 0x80, 0x00, 0x21, 0x05, 0x05,
     0x00, 0x40, 0x00, 0x07, 0x60, 0x00, 0x03, 0x00, 0x00},  // #70 24 givens
    {0x00, 0x20, 0x00, 0x04, 0x30, 0x10, 0x00, 0x00, 0x09, 0x08, 0x01, 0x04, 0x00, 0x00, 0x01, 0x30,
     0x09, 0x00, 0x50, 0x00, 0x00, 0x60, 0x00, 0x00, 0x05, 0x00, 0x20, 0x02, 0x00, 0x00, 0x30, 0x80,
     0x00, 0x09, 0x70, 0x00, 0x60, 0x00, 0x20, 0x70, 0x00},  // #71 23 givens
    {0x04, 0x00, 0x23, 0x81, 0x05, 0x80, 0x07, 0x00, 0x00, 0x00, 0x10, 0x80, 0x20, 0x06, 0x05, 0x00,
     0x00, 0x20, 0x00, 0x06, 0x00, 0x00, 0x40, 0x00, 0x00, 0x00, 0x30, 0x00, 0x00, 0x00, 0x40, 0x08,
     0x00, 0x00, 0x00, 0x07, 0x73, 0x00, 0x04, 0x08, 0x00},  // #72 24 givens
    {0x00, 0x50, 0x40, 0x00, 0x00, 0x00, 0x00, 0x00, 0x09, 0x00, 0x41, 0x20, 0x00, 0x00, 0x00, 0x05,
     0x07, 0x00, 0x08, 0x10, 0x00, 0x00, 0x60, 0x00, 0x70, 0x02, 0x00, 0x06, 0x09, 0x00, 0x01, 0x58,
     0x10, 0x40, 0x00, 0x07, 0x30, 0x00, 0x07, 0x06, 0x40},  // #73 25 givens
    {0x30, 0x04, 0x05, 0x09, 0x00, 0x00, 0x00, 0x06, 0x00, 0x00, 0x40, 0x30, 0x80, 0x00, 0x00, 0x04,
     0x02, 0x60, 0x05, 0x61, 0x00, 0x00, 0x90, 0x00, 0x07, 0x00, 0x00, 0x00, 0x00, 0x02, 0x00, 0x55,
     0x00, 0x01, 0x90, 0x00, 0x90, 0x73, 0x00, 0x02, 0x00},  // #74 25 givens
    {0x00, 0x00, 0x30, 0x01, 0x00, 0x00, 0x07, 0x06, 0x00, 0x04, 0x36, 0x00, 0x00, 0x03, 0x65, 0x00,
     0x00, 0x00, 0x10, 0x00, 0x02, 0x00, 0x52, 0x00, 0x00, 0x10, 0x46, 0x90, 0x60, 0x00, 0x00, 0x10,
     0x50, 0x00, 0x00, 0x80, 0x40, 0x09, 0x00, 0x50, 0x00},  // #75 25 givens
    {0x00, 0x00, 0x00, 0x00, 0x50, 0x40, 0x00, 0x70, 0x90, 0x08, 0x09, 0x20, 0x10, 0x05, 0x02, 0x00,
     0x00, 0x10, 0x10, 0x00, 0x00, 0x80, 0x00, 0x00, 0x60, 0x00, 0x03, 0x00, 0x02, 0x00, 0x05, 0x00,
     0x27, 0x01, 0x40, 0x00, 0x00, 0x90, 0x06, 0x00, 0x00},  // #76 23 givens
    {0x70, 0x00, 0x06, 0x30, 0x20, 0x10, 0x09, 0x00, 0x06, 0x00, 0x80, 0x00, 0x00, 0x50, 0x00, 0x28,
     0x00, 0x00, 0x02, 0x00, 0x00, 0x00, 0x09, 0x00, 0x40, 0x00, 0x00, 0x89, 0x30, 0x00, 0x20, 0x00,
     0x05, 0x00, 0x29, 0x00, 0x00, 0x00, 0x01, 0x04, 0x00},  // #77 23 givens
    {0x00, 0x00, 0x07, 0x00, 0x29, 0x00, 0x00, 0x36, 0x00, 0x00, 0x06, 0x00, 0x50, 0x05, 0x08, 0x00,
     0x00, 0x00, 0x00, 0x00, 0x00, 0x10, 0x30, 0x00, 0x00, 0x40, 0x08, 0x00, 0x40, 0x60, 0x00, 0x71,
     0x00, 0x40, 0x00, 0x09, 0x27, 0x00, 0x89, 0x04, 0x00},  // #78 24 givens
    {0x21, 0x00, 0x00, 0x00, 0x07, 0x06, 0x31, 0x00, 0x05, 0x00, 0x00, 0x09, 0x00, 0x00, 0x00, 0x60,
     0x00, 0x73, 0x00, 0x80, 0x02, 0x04, 0x00, 0x07, 0x00, 0x00, 0x00, 0x10, 0x05, 0x04, 0x00, 0x03,
     0x00, 0x70, 0x05, 0x00, 0x00, 0x00, 0x90, 0x00, 0x80},  // #79 23 givens
    {0x50, 0x00, 0x00, 0x70, 0x00, 0x30, 0x00, 0x19, 0x50, 0x00, 0x00, 0x78, 0x40, 0x30, 0x07, 0x80,
     0x03, 0x00, 0x04, 0x20, 0x03, 0x00, 0x09, 0x00, 0x00, 0x01, 0x40, 0x00, 0x00, 0x10, 0x00, 0x50,
     0x09, 0x73, 0x00, 0x00, 0x40, 0x00, 0x00, 0x00, 0x00},  // #80 25 givens
    {0x00, 0x00, 0x00, 0x00, 0x24, 0x05, 0x08, 0x20, 0x00, 0x06, 0x09, 0x00, 0x54, 0x02, 0x00, 0x00,
     0x60, 0x05, 0x00, 0x80, 0x01, 0x00, 0x00, 0x00, 0x00, 0x06, 0x08, 0x30, 0x00, 0x00, 0x00, 0x00,
     0x86, 0x00, 0x71, 0x00, 0x10, 0x00, 0x20, 0x39, 0x00},  // #81 25 givens
    {0x00, 0x73, 0x10, 0x00, 0x08, 0x56, 0x40, 0x00, 0x01, 0x00, 0x36, 0x00, 0x00, 0x27, 0x00, 0x00,
     0x01, 0x00, 0x00, 0x02, 0x00, 0x00, 0x04, 0x05, 0x06, 0x00, 0x00, 0x00, 0x01, 0x90, 0x06, 0x00,
     0x00, 0x00, 0x47, 0x80, 0x00, 0x40, 0x00, 0x30, 0x00},  // #82 25 givens
    {0x10, 0x00, 0x00, 0x00, 0x59, 0x70, 0x00, 0x02, 0x06, 0x00, 0x20, 0x03, 0x00, 0x40, 0x00, 0x90,
     0x05, 0x80, 0x01, 0x03, 0x50, 0x70, 0x00, 0x00, 0x06, 0x00, 0x02, 0x00, 0x00, 0x00, 0x04, 0x00,
     0x00, 0x02, 0x10, 0x00, 0x08, 0x10, 0x49, 0x00, 0x00},  // #83 25 givens
    {0x06, 0x00, 0x30, 0x80, 0x02, 0x00, 0x00, 0x90, 0x00, 0x90, 0x06, 0x00, 0x70, 0x00, 0x30, 0x00,
     0x00, 0x09, 0x00, 0x20, 0x06, 0x00, 0x10, 0x01, 0x00, 0x23, 0x87, 0x00, 0x00, 0x03, 0x00, 0x00,
     0x00, 0x01, 0x00, 0x50, 0x70, 0x00, 0x50, 0x90, 0x60},  // #84 25 givens
    {0x40, 0x00, 0x36, 0x05, 0x90, 0x00, 0x00, 0x07, 0x00, 0x02, 0x09, 0x00, 0x00, 0x00, 0x41, 0x06,
     0x50, 0x00, 0x00, 0x20, 0x08, 0x06, 0x00, 0x00, 0x70, 0x00, 0x40, 0x60, 0x40, 0x80, 0x03, 0x00,
     0x50, 0x00, 0x02, 0x00, 0x08, 0x00, 0x03, 0x00, 0x00},  // #85 25 givens
    {0x00, 0x00, 0x00, 0x00, 0x00, 0x18, 0x00, 0x06, 0x00, 0x79, 0x00, 0x00, 0x02, 0x05, 0x00, 0x60,
     0x00, 0x00, 0x00, 0x05, 0x73, 0x00, 0x00, 0x00, 0x10, 0x09, 0x60, 0x02, 0x08, 0x04, 0x00, 0x04,
     0x00, 0x70, 0x02, 0x91, 0x00, 0x00, 0x60, 0x43, 0x00},  // #86 25 givens
    {0x00, 0x08, 0x05, 0x02, 0x00, 0x60, 0x04, 0x00, 0x08, 0x80, 0x36, 0x00, 0x00, 0x00, 0x79, 0x00,
     0x06, 0x53, 0x00, 0x50, 0x00, 0x04, 0x00, 0x00, 0x00, 0x00, 0x10, 0x00, 0x12, 0x07, 0x00, 0x07,
     0x00, 0x06, 0x00, 0x00, 0x00, 0x00, 0x08, 0x30, 0x90},  // #87 25 givens
    {0x00, 0x57, 0x03, 0x00, 0x03, 0x00, 0x05, 0x00, 0x00, 0x09, 0x00, 0x08, 0x01, 0x00, 0x00, 0x06,
     0x00, 0x00, 0x06, 0x70, 0x09, 0x08, 0x09, 0x00, 0x00, 0x00, 0x07, 0x53, 0x90, 0x00, 0x00, 0x44,
     0x02, 0x19, 0x50, 0x70, 0x00, 0x00, 0x00, 0x00, 0x00},  // #88 25 givens
    {0x60, 0x00, 0x27, 0x00, 0x80, 0x80, 0x00, 0x03, 0x05, 0x00, 0x00, 0x01, 0x00, 0x00, 0x40, 0x10,
     0x90, 0x06, 0x00, 0x64, 0x00, 0x03, 0x00, 0x30, 0x00, 0x50, 0x00, 0x02, 0x89, 0x00, 0x05, 0x00,
     0x00, 0x01, 0x68, 0x00, 0x00, 0x00, 0x00, 0x40, 0x20},  // #89 26 givens
    {0x00, 0x00, 0x04, 0x50, 0x00, 0x10, 0x36, 0x94, 0x00, 0x70, 0x02, 0x01, 0x00, 0x00, 0x07, 0x03,
     0x00, 0x90, 0x00, 0x00, 0x00, 0x10, 0x80, 0x03, 0x00, 0x00, 0x00, 0x30, 0x09, 0x00, 0x00, 0x02,
     0x00, 0x10, 0x06, 0x00, 0x04, 0x50, 0x80, 0x02, 0x00},  // #90 25 givens
    {0x47, 0x00, 0x30, 0x00, 0x80, 0x00, 0x87, 0x09, 0x00, 0x06, 0x00, 0x00, 0x00, 0x10, 0x00, 0x00,
     0x00, 0x00, 0x00, 0x20, 0x10, 0x00, 0x60, 0x08, 0x50, 0x00, 0x00, 0x01, 0x00, 0x42, 0x09, 0x00,
     0x00, 0x00, 0x00, 0x64, 0x30, 0x00, 0x08, 0x70, 0x00},  // #91 23 givens
    {0x75, 0x60, 0x00, 0x00, 0x01, 0x00, 0x05, 0x00, 0x03, 0x80, 0x00, 0x00, 0x40, 0x10, 0x07, 0x00,
     0x00, 0x60, 0x46, 0x07, 0x00, 0x98, 0x00, 0x00, 0x40, 0x00, 0x00, 0x50, 0x30, 0x89, 0x01, 0x00,
     0x80, 0x03, 0x00, 0x00, 0x00, 0x00, 0x00, 0x00, 0x00},  // #92 24 givens
    {0x01, 0x00, 0x03, 0x09, 0x00, 0x09, 0x00, 0x00, 0x00, 0x80, 0x69, 0x00, 0x00, 0x10, 0x07, 0x00,
     0x10, 0x00, 0x05, 0x08, 0x00, 0x04, 0x00, 0x00, 0x06, 0x09, 0x02, 0x50, 0x00, 0x78, 0x60, 0x00,
     0x04, 0x02, 0x00, 0x00, 0x76, 0x00, 0x04, 0x02, 0x00},  // #93 26 givens
    {0x00, 0x09, 0x10, 0x20, 0x00, 0x03, 0x00, 0x00, 0x06, 0x05, 0x02, 0x00, 0x41, 0x00, 0x00, 0x00,
     0x00, 0x51, 0x08, 0x06, 0x09, 0x30, 0x00, 0x00, 0x00, 0x09, 0x00, 0x56, 0x97, 0x80, 0x00, 0x00,
     0x00, 0x04, 0x00, 0x00, 0x00, 0x20, 0x00, 0x58, 0x00},  // #94 25 givens
    {0x60, 0x00, 0x90, 0x00, 0x01, 0x00, 0x00, 0x03, 0x05, 0x03, 0x70, 0x25, 0x00, 0x00, 0x00, 0x14,
     0x00, 0x27, 0x00, 0x10, 0x00, 0x06, 0x07, 0x90, 0x00, 0x00, 0x00, 0x30, 0x07, 0x00, 0x00, 0x00,
     0x20, 0x80, 0x00, 0x30, 0x00, 0x00, 0x00, 0x00, 0x60},  // #95 23 givens
    {0x80, 0x40, 0x09, 0x07, 0x37, 0x00, 0x06, 0x00, 0x90, 0x00, 0x30, 0x10, 0x00, 0x80, 0x00, 0x20,
     0x00, 0x00, 0x00, 0x00, 0x00, 0x40, 0x54, 0x07, 0x00, 0x00, 0x00, 0x00, 0x08, 0x46, 0x00, 0x01,
     0x00, 0x09, 0x30, 0x00, 0x04, 0x80, 0x00, 0x00, 0x60},  // #96 25 givens
    {0x00, 0x00, 0x06, 0x00, 0x40, 0x04, 0x02, 0x90, 0x70, 0x30, 0x70, 0x00, 0x60, 0x00, 0x85, 0x04,
     0x00, 0x60, 0x00, 0x00, 0x02, 0x00, 0x07, 0x00, 0x00, 0x00, 0x90, 0x20, 0x80, 0x00, 0x00, 0x10,
     0x00, 0x00, 0x10, 0x80, 0x00, 0x03, 0x00, 0x50, 0x90},  // #97 24 givens
    {0x04, 0x80, 0x00, 0x53, 0x00, 0x00, 0x43, 0x50, 0x00, 0x00, 0x00, 0x01, 0x00, 0x60, 0x52, 0x09,
     0x06, 0x00, 0x00, 0x00, 0x50, 0x02, 0x18, 0x60, 0x07, 0x09, 0x00, 0x02, 0x09, 0x00, 0x30, 0x07,
     0x00, 0x00, 0x00, 0x92, 0x00, 0x00, 0x00, 0x00, 0x00},  // #98 26 givens
    {0x00, 0x00, 0x00, 0x38, 0x00, 0x10, 0x00, 0x50, 0x00, 0x23, 0x90, 0x00, 0x60, 0x00, 0x04, 0x00,
     0x15, 0x07, 0x60, 0x00, 0x00, 0x20, 0x90, 0x00, 0x06, 0x00, 0x30, 0x00, 0x05, 0x00, 0x00, 0x00,
     0x60, 0x00, 0x09, 0x00, 0x18, 0x07, 0x00, 0x05, 0x30},  // #99 25 givens
    {0x80, 0x01, 0x09, 0x75, 0x07, 0x00, 0x30, 0x00, 0x00, 0x00, 0x02, 0x05, 0x08, 0x06, 0x83, 0x00,
     0x00, 0x20, 0x50, 0x00, 0x00, 0x80, 0x00, 0x07, 0x00, 0x10, 0x00, 0x49, 0x00, 0x00, 0x06, 0x00,
     0x50, 0x00, 0x04, 0x10, 0x00, 0x00, 0x50, 0x00, 0x00},  // #100 25 givens
    {0x30, 0x00, 0x00, 0x40, 0x00, 0x60, 0x00, 0x00, 0x09, 0x00, 0x80, 0x50, 0x00, 0x08, 0x00, 0x60,
     0x00, 0x01, 0x05, 0x10, 0x00, 0x70, 0x00, 0x00, 0x10, 0x00, 0x04, 0x01, 0x00, 0x00, 0x30, 0x80,
     0x00, 0x20, 0x40, 0x95, 0x93, 0x08, 0x00, 0x00, 0x00},  // #101 24 givens
    {0x00, 0x91, 0x60, 0x00, 0x00, 0x00, 0x00, 0x40, 0x60, 0x00, 0x40, 0x09, 0x07, 0x00, 0x83, 0x00,
     0x00, 0x06, 0x00, 0x00, 0x30, 0x00, 0x05, 0x00, 0x00, 0x00, 0x02, 0x03, 0x04, 0x00, 0x00, 0x12,
     0x17, 0x00, 0x00, 0x00, 0x04, 0x05, 0x00, 0x80, 0x30},  // #102 24 givens
    {0x02, 0x00, 0x60, 0x50, 0x08, 0x60, 0x00, 0x09, 0x00, 0x40, 0x00, 0x05, 0x00, 0x30, 0x06, 0x40,
     0x00, 0x00, 0x00, 0x00, 0x80, 0x29, 0x00, 0x03, 0x51, 0x00, 0x00, 0x00, 0x00, 0x00, 0x00, 0x06,
     0x00, 0x30, 0x00, 0x50, 0x00, 0x06, 0x91, 0x04, 0x00},  // #103 24 givens
    {0x54, 0x00, 0x00, 0x00, 0x00, 0x08, 0x70, 0x00, 0x02, 0x00, 0x29, 0x03, 0x05, 0x04, 0x00, 0x00,
     0x92, 0x10, 0x00, 0x30, 0x00, 0x00, 0x90, 0x09, 0x36, 0x00, 0x00, 0x80, 0x70, 0x00, 0x00, 0x50,
     0x50, 0x03, 0x10, 0x00, 0x09, 0x00, 0x00, 0x00, 0x00},  // #104 25 givens
    {0x00, 0x30, 0x10, 0x00, 0x80, 0x08, 0x00, 0x40, 0x60, 0x02, 0x79, 0x08, 0x05, 0x00, 0x00, 0x09,
     0x71, 0x00, 0x00, 0x00, 0x00, 0x08, 0x03, 0x00, 0x00, 0x07, 0x06, 0x00, 0x60, 0x00, 0x00, 0x05,
     0x00, 0x80, 0x30, 0x00, 0x04, 0x02, 0x00, 0x00, 0x70},  // #105 25 givens
    {0x10, 0x62, 0x50, 0x00, 0x00, 0x90, 0x60, 0x00, 0x00, 0x40, 0x00, 0x00, 0x00, 0x07, 0x00, 0x40,
     0x90, 0x80, 0x00, 0x40, 0x00, 0x00, 0x20, 0x80, 0x00, 0x00, 0x09, 0x00, 0x00, 0x13, 0x00, 0x00,
     0x20, 0x08, 0x05, 0x06, 0x00, 0x00, 0x20, 0x07, 0x10},  // #106 24 givens
    {0x07, 0x00, 0x30, 0x05, 0x04, 0x50, 0x00, 0x08, 0x20, 0x00, 0x08, 0x00, 0x00, 0x00, 0x00, 0x06,
     0x00, 0x01, 0x00, 0x70, 0x00, 0x43, 0x01, 0x00, 0x05, 0x80, 0x60, 0x80, 0x00, 0x07, 0x00, 0x00,
     0x00, 0x10, 0x00, 0x46, 0x24, 0x00, 0x00, 0x00, 0x00},  // #107 24 givens
    {0x00, 0x10, 0x50, 0x00, 0x30, 0x03, 0x60, 0x00, 0x00, 0x00, 0x00, 0x08, 0x04, 0x00, 0x30, 0x00,
     0x00, 0x08, 0x20, 0x80, 0x00, 0x30, 0x00, 0x50, 0x00, 0x00, 0x74, 0x80, 0x00, 0x00, 0x00, 0x90,
     0x09, 0x50, 0x70, 0x00, 0x10, 0x03, 0x20, 0x70, 0x00},  // #108 24 givens
    {0x60, 0x00, 0x00, 0x00, 0x70, 0x00, 0x50, 0x06, 0x00, 0x00, 0x00, 0x10, 0x83, 0x07, 0x06, 0x00,
     0x00, 0x00, 0x89, 0x00, 0x00, 0x70, 0x30, 0x50, 0x09, 0x00, 0x02, 0x00, 0x00, 0x07, 0x00, 0x00,
     0x05, 0x00, 0x30, 0x40, 0x90, 0x00, 0x00, 0x50, 0x10},  // #109 23 givens
    {0x50, 0x47, 0x01, 0x30, 0x00, 0x00, 0x00, 0x00, 0x80, 0x00, 0x05, 0x00, 0x40, 0x10, 0x07, 0x00,
     0x40, 0x03, 0x03, 0x01, 0x00, 0x70, 0x00, 0x00, 0x00, 0x50, 0x16, 0x62, 0x00, 0x00, 0x00, 0x80,
     0x00, 0x00, 0x00, 0x00, 0x09, 0x08, 0x03, 0x20, 0x40},  // #110 26 givens
    {0x01, 0x00, 0x90, 0x04, 0x00, 0x05, 0x06, 0x00, 0x03, 0x00, 0x20, 0x00, 0x60, 0x00, 0x06, 0x00,
     0x05, 0x00, 0x00, 0x00, 0x07, 0x00, 0x20, 0x00, 0x00, 0x40, 0x10, 0x07, 0x89, 0x00, 0x05, 0x40,
     0x00, 0x30, 0x00, 0x90, 0x03, 0x05, 0x00, 0x00, 0x00},  // #111 23 givens
    {0x60, 0x90, 0x10, 0x00, 0x00, 0x02, 0x70, 0x00, 0x06, 0x01, 0x00, 0x80, 0x00, 0x00, 0x50, 0x00,
     0x60, 0x02, 0x78, 0x00, 0x00, 0x54, 0x00, 0x00, 0x30, 0x00, 0x09, 0x06, 0x00, 0x00, 0x07, 0x01,
     0x00, 0x00, 0x00, 0x34, 0x04, 0x05, 0x00, 0x00, 0x00},  // #112 24 givens
    {0x09, 0x80, 0x00, 0x00, 0x01, 0x00, 0x00, 0x79, 0x05, 0x00, 0x00, 0x00, 0x20, 0x00, 0x00, 0x00,
     0x60, 0x00, 0x30, 0x40, 0x89, 0x75, 0x00, 0x00, 0x03, 0x00, 0x20, 0x00, 0x00, 0x90, 0x08, 0x00,
     0x00, 0x34, 0x05, 0x06, 0x92, 0x00, 0x00, 0x00, 0x40},  // #113 25 givens
    {0x00, 0x00, 0x00, 0x00, 0x22, 0x00, 0x05, 0x08, 0x60, 0x00, 0x62, 0x00, 0x50, 0x00, 0x60, 0x00,
     0x30, 0x00, 0x00, 0x09, 0x00, 0x00, 0x70, 0x75, 0x06, 0x09, 0x38, 0x01, 0x07, 0x09, 0x05, 0x00,
     0x07, 0x00, 0x10, 0x00, 0x03, 0x80, 0x00, 0x00, 0x10},  // #114 27 givens
    {0x00, 0x00, 0x05, 0x62, 0x41, 0x00, 0x00, 0x00, 0x05, 0x00, 0x30, 0x00, 0x00, 0x06, 0x20, 0x00,
     0x70, 0x00, 0x00, 0x74, 0x10, 0x08, 0x00, 0x00, 0x05, 0x00, 0x07, 0x01, 0x05, 0x00, 0x97, 0x00,
     0x00, 0x06, 0x10, 0x00, 0x70, 0x60, 0x00, 0x30, 0x00},  // #115 25 givens
    {0x60, 0x03, 0x00, 0x54, 0x00, 0x00, 0x07, 0x50, 0x00, 0x70, 0x00, 0x00, 0x00, 0x08, 0x00, 0x00,
     0x60, 0x00, 0x03, 0x00, 0x02, 0x00, 0x90, 0x00, 0x80, 0x03, 0x10, 0x29, 0x00, 0x00, 0x00, 0x40,
     0x08, 0x00, 0x00, 0x70, 0x00, 0x10, 0x00, 0x06, 0x20},  // #116 23 givens
    {0x00, 0x60, 0x00, 0x20, 0x50, 0x00, 0x30, 0x06, 0x90, 0x00, 0x37, 0x00, 0x04, 0x00, 0x09, 0x02,
     0x00, 0x00, 0x04, 0x00, 0x00, 0x08, 0x03, 0x00, 0x60, 0x00, 0x02, 0x07, 0x00, 0x00, 0x00, 0x00,
     0x00, 0x00, 0x30, 0x29, 0x00, 0x01, 0x04, 0x80, 0x00},  // #117 23 givens
    {0x00, 0x84, 0x00, 0x76, 0x00, 0x00, 0x08, 0x00, 0x00, 0x30, 0x29, 0x00, 0x00, 0x00, 0x01, 0x30,
     0x00, 0x00, 0x20, 0x00, 0x08, 0x37, 0x00, 0x90, 0x02, 0x00, 0x00, 0x00, 0x00, 0x00, 0x40, 0x80,
     0x50, 0x06, 0x00, 0x00, 0x00, 0x40, 0x31, 0x00, 0x00},  // #118 23 givens
    {0x00, 0x70, 0x50, 0x04, 0x00, 0x00, 0x06, 0x00, 0x57, 0x04, 0x00, 0x90, 0x00, 0x00, 0x00, 0x00,
     0x09, 0x02, 0x38, 0x07, 0x00, 0x00, 0x00, 0x00, 0x10, 0x20, 0x00, 0x00, 0x50, 0x24, 0x00, 0x10,
     0x00, 0x00, 0x02, 0x00, 0x03, 0x60, 0x00, 0x00, 0x00},  // #119 22 givens
    {0x30, 0x18, 0x00, 0x09, 0x00, 0x02, 0x10, 0x00, 0x00, 0x06, 0x07, 0x00, 0x00, 0x20, 0x00, 0x00,
     0x04, 0x00, 0x00, 0x70, 0x50, 0x90, 0x35, 0x09, 0x00, 0x00, 0x00, 0x00, 0x00, 0x03, 0x08, 0x00,
     0x70, 0x09, 0x03, 0x05, 0x05, 0x00, 0x80, 0x06, 0x00},  // #120 25 givens
    {0x00, 0x03, 0x20, 0x06, 0x00, 0x60, 0x00, 0x49, 0x20, 0x00, 0x00, 0x00, 0x00, 0x50, 0x30, 0x05,
     0x00, 0x08, 0x02, 0x00, 0x00, 0x00, 0x90, 0x80, 0x10, 0x00, 0x00, 0x00, 0x30, 0x02, 0x04, 0x00,
     0x05, 0x40, 0x00, 0x00, 0x90, 0x00, 0x70, 0x03, 0x00},  // #121 23 givens
    {0x95, 0x48, 0x00, 0x00, 0x00, 0x02, 0x90, 0x00, 0x47, 0x70, 0x60, 0x00, 0x00, 0x02, 0x00, 0x00,
     0x00, 0x04, 0x53, 0x00, 0x00, 0x60, 0x00, 0x01, 0x00, 0x30, 0x80, 0x40, 0x00, 0x00, 0x00, 0x30,
     0x00, 0x70, 0x42, 0x05, 0x00, 0x00, 0x60, 0x00, 0x90},  // #122 26 givens
    {0x00, 0x00, 0x00, 0x00, 0x27, 0x00, 0x00, 0x06, 0x00, 0x30, 0x00, 0x46, 0x15, 0x02, 0x40, 0x01,
     0x50, 0x00, 0x60, 0x04, 0x09, 0x30, 0x00, 0x00, 0x08, 0x00, 0x00, 0x50, 0x07, 0x01, 0x80, 0x48,
     0x00, 0x00, 0x00, 0x00, 0x00, 0x20, 0x00, 0x53, 0x10},  // #123 27 givens
    {0x00, 0x00, 0x00, 0x00, 0x00, 0x00, 0x02, 0x80, 0x01, 0x40, 0x10, 0x37, 0x08, 0x02, 0x50, 0x30,
     0x09, 0x00, 0x10, 0x00, 0x82, 0x00, 0x00, 0x00, 0x70, 0x00, 0x20, 0x00, 0x00, 0x60, 0x00, 0x00,
     0x30, 0x90, 0x00, 0x00, 0x09, 0x60, 0x50, 0x04, 0x70},  // #124 25 givens
    {0x00, 0x50, 0x00, 0x00, 0x00, 0x00, 0x10, 0x00, 0x00, 0x89, 0x04, 0x76, 0x00, 0x05, 0x00, 0x09,
     0x08, 0x10, 0x00, 0x90, 0x01, 0x30, 0x20, 0x00, 0x00, 0x50, 0x60, 0x00, 0x10, 0x00, 0x90, 0x40,
     0x00, 0x00, 0x00, 0x00, 0x00, 0x20, 0x63, 0x10, 0x00},  // #125 24 givens
    {0x20, 0x00, 0x00, 0x70, 0x00, 0x01, 0x20, 0x06, 0x90, 0x00, 0x06, 0x30, 0x00, 0x00, 0x30, 0x84,
     0x00, 0x01, 0x70, 0x00, 0x20, 0x06, 0x00, 0x60, 0x00, 0x00, 0x80, 0x00, 0x90, 0x00, 0x00, 0x00,
     0x00, 0x70, 0x10, 0x00, 0x00, 0x00, 0x00, 0x53, 0x20},  // #126 23 givens
    {0x70, 0x30, 0x00, 0x60, 0x04, 0x00, 0x37, 0x00, 0x00, 0x00, 0x12, 0x06, 0x30, 0x00, 0x05, 0x70,
     0x08, 0x60, 0x00, 0x00, 0x00, 0x00, 0x00, 0x40, 0x50, 0x90, 0x00, 0x09, 0x00, 0x00, 0x05, 0x80,
     0x07, 0x00, 0x02, 0x00, 0x02, 0x00, 0x60, 0x93, 0x00},  // #127 26 givens
};

constexpr uint32_t kEasyCount = sizeof(kEasy) / kBytes;
constexpr uint32_t kMediumCount = sizeof(kMedium) / kBytes;
constexpr uint32_t kHardCount = sizeof(kHard) / kBytes;

}  // namespace sudoku_pack
