#pragma once

// Lume Trail — Bundled default story ("La Via della Seta").
// Auto-generated from stories/silk_road/silk_road.story (19,263 bytes).

#include <cstdint>

namespace trail_bundled {

constexpr uint32_t defaultStorySize = 19263;

constexpr uint8_t defaultStoryData[19263] = {
    0x4C, 0x54, 0x52, 0x4C, 0x01, 0x00, 0x08, 0x00, 0x73, 0x69, 0x6C, 0x6B, 0x5F, 0x72, 0x6F, 0x61,
    0x64, 0x00, 0x00, 0x00, 0x00, 0x00, 0x00, 0x00, 0x00, 0x00, 0x00, 0x00, 0x00, 0x00, 0x00, 0x00,
    0x4C, 0x61, 0x20, 0x56, 0x69, 0x61, 0x20, 0x64, 0x65, 0x6C, 0x6C, 0x61, 0x20, 0x53, 0x65, 0x74,
    0x61, 0x00, 0x00, 0x00, 0x00, 0x00, 0x00, 0x00, 0x00, 0x00, 0x00, 0x00, 0x00, 0x00, 0x00, 0x00,
    0x06, 0x04, 0x00, 0x00, 0x50, 0x72, 0x6F, 0x76, 0x76, 0x69, 0x73, 0x74, 0x65, 0x00, 0x00, 0x00,
    0x00, 0x00, 0x00, 0x00, 0x00, 0x00, 0x00, 0x00, 0x00, 0x00, 0x00, 0x00, 0x00, 0x00, 0x64, 0x00,
    0x55, 0x00, 0x0F, 0x00, 0x53, 0x61, 0x6C, 0x75, 0x74, 0x65, 0x00, 0x00, 0x00, 0x00, 0x00, 0x00,
    0x00, 0x00, 0x00, 0x00, 0x00, 0x00, 0x00, 0x00, 0x00, 0x00, 0x00, 0x00, 0x00, 0x00, 0x64, 0x00,
    0x64, 0x00, 0x14, 0x00, 0x46, 0x69, 0x6F, 0x72, 0x69, 0x6E, 0x69, 0x00, 0x00, 0x00, 0x00, 0x00,
    0x00, 0x00, 0x00, 0x00, 0x00, 0x00, 0x00, 0x00, 0x00, 0x00, 0x00, 0x00, 0x01, 0x00, 0x88, 0x13,
    0x5E, 0x01, 0x32, 0x00, 0x53, 0x65, 0x74, 0x61, 0x00, 0x00, 0x00, 0x00, 0x00, 0x00, 0x00, 0x00,
    0x00, 0x00, 0x00, 0x00, 0x00, 0x00, 0x00, 0x00, 0x00, 0x00, 0x00, 0x00, 0x01, 0x00, 0x32, 0x00,
    0x05, 0x00, 0x0F, 0x00, 0x53, 0x70, 0x65, 0x7A, 0x69, 0x65, 0x00, 0x00, 0x00, 0x00, 0x00, 0x00,
    0x00, 0x00, 0x00, 0x00, 0x00, 0x00, 0x00, 0x00, 0x00, 0x00, 0x00, 0x00, 0x01, 0x00, 0x32, 0x00,
    0x02, 0x00, 0x0F, 0x00, 0x4D, 0x6F, 0x72, 0x61, 0x6C, 0x65, 0x00, 0x00, 0x00, 0x00, 0x00, 0x00,
    0x00, 0x00, 0x00, 0x00, 0x00, 0x00, 0x00, 0x00, 0x00, 0x00, 0x00, 0x00, 0x00, 0x00, 0x64, 0x00,
    0x50, 0x00, 0x14, 0x00, 0x00, 0x00, 0x00, 0x00, 0x00, 0x00, 0x00, 0x00, 0x00, 0x00, 0x00, 0x00,
    0x00, 0x00, 0x00, 0x00, 0x00, 0x00, 0x00, 0x00, 0x00, 0x00, 0x00, 0x00, 0x00, 0x00, 0x00, 0x00,
    0x00, 0x00, 0x00, 0x00, 0x00, 0x00, 0x00, 0x00, 0x00, 0x00, 0x00, 0x00, 0x00, 0x00, 0x00, 0x00,
    0x00, 0x00, 0x00, 0x00, 0x00, 0x00, 0x00, 0x00, 0x00, 0x00, 0x00, 0x00, 0x00, 0x00, 0x00, 0x00,
    0x00, 0x00, 0x00, 0x00, 0x4D, 0x61, 0x72, 0x63, 0x6F, 0x00, 0x00, 0x00, 0x00, 0x00, 0x00, 0x00,
    0x00, 0x00, 0x00, 0x00, 0x45, 0x73, 0x70, 0x6C, 0x6F, 0x72, 0x61, 0x74, 0x6F, 0x72, 0x65, 0x00,
    0x00, 0x00, 0x00, 0x00, 0x46, 0x61, 0x74, 0x69, 0x6D, 0x61, 0x00, 0x00, 0x00, 0x00, 0x00, 0x00,
    0x00, 0x00, 0x00, 0x00, 0x4D, 0x65, 0x72, 0x63, 0x61, 0x6E, 0x74, 0x65, 0x00, 0x00, 0x00, 0x00,
    0x00, 0x00, 0x00, 0x00, 0x43, 0x68, 0x65, 0x6E, 0x00, 0x00, 0x00, 0x00, 0x00, 0x00, 0x00, 0x00,
    0x00, 0x00, 0x00, 0x00, 0x47, 0x75, 0x61, 0x72, 0x64, 0x69, 0x61, 0x00, 0x00, 0x00, 0x00, 0x00,
    0x00, 0x00, 0x00, 0x00, 0x59, 0x75, 0x73, 0x75, 0x66, 0x00, 0x00, 0x00, 0x00, 0x00, 0x00, 0x00,
    0x00, 0x00, 0x00, 0x00, 0x4D, 0x65, 0x64, 0x69, 0x63, 0x6F, 0x00, 0x00, 0x00, 0x00, 0x00, 0x00,
    0x00, 0x00, 0x00, 0x00, 0x00, 0x00, 0x00, 0x00, 0x00, 0x00, 0x00, 0x00, 0x00, 0x00, 0x00, 0x00,
    0x00, 0x00, 0x00, 0x00, 0x00, 0x00, 0x00, 0x00, 0x00, 0x00, 0x00, 0x00, 0x00, 0x00, 0x00, 0x00,
    0x00, 0x00, 0x00, 0x00, 0x00, 0x00, 0x00, 0x00, 0x00, 0x00, 0x00, 0x00, 0x00, 0x00, 0x00, 0x00,
    0x00, 0x00, 0x00, 0x00, 0x00, 0x00, 0x00, 0x00, 0x00, 0x00, 0x00, 0x00, 0x00, 0x00, 0x00, 0x00,
    0x00, 0x00, 0x00, 0x00, 0x24, 0x02, 0x00, 0x00, 0x99, 0x0D, 0x00, 0x00, 0x68, 0x19, 0x00, 0x00,
    0xED, 0x21, 0x00, 0x00, 0x62, 0x28, 0x00, 0x00, 0x91, 0x31, 0x00, 0x00, 0xDC, 0x38, 0x00, 0x00,
    0x3A, 0x42, 0x00, 0x00, 0x05, 0x00, 0x00, 0x00, 0x0F, 0x05, 0x00, 0x00, 0x1C, 0x00, 0x00, 0x00,
    0x66, 0x06, 0x00, 0x00, 0x66, 0x06, 0x00, 0x00, 0x75, 0x0B, 0x00, 0x00, 0x75, 0x0B, 0x00, 0x00,
    0x00, 0xFF, 0x00, 0x00, 0x14, 0x00, 0x15, 0x00, 0xE0, 0x00, 0x00, 0x00, 0x00, 0x00, 0x00, 0x00,
    0xFF, 0x00, 0x00, 0x00, 0x00, 0x00, 0x03, 0x00, 0x00, 0x00, 0xF6, 0x00, 0x15, 0x00, 0x02, 0x00,
    0x00, 0x00, 0x02, 0x00, 0xFF, 0x00, 0x03, 0x00, 0x00, 0x00, 0x00, 0x00, 0x00, 0x00, 0x00, 0x00,
    0x00, 0x00, 0x00, 0x00, 0x00, 0x00, 0x00, 0x00, 0x00, 0x00, 0xFB, 0xFF, 0x00, 0x05, 0x05, 0x00,
    0x00, 0x00, 0x01, 0x00, 0x00, 0x00, 0x00, 0x00, 0x00, 0x00, 0x00, 0x00, 0x00, 0x00, 0x00, 0x00,
    0x00, 0x00, 0x00, 0x00, 0x00, 0x00, 0x00, 0x00, 0x0C, 0x01, 0x25, 0x00, 0x02, 0x00, 0x00, 0x00,
    0x02, 0x00, 0xFF, 0x01, 0x02, 0x00, 0x00, 0x02, 0x32, 0x00, 0x00, 0x00, 0x00, 0x00, 0x00, 0x00,
    0x00, 0x00, 0x00, 0x00, 0x00, 0x00, 0x00, 0x02, 0xCE, 0xFF, 0x00, 0x00, 0x14, 0x00, 0x00, 0x00,
    0x00, 0x00, 0x00, 0x00, 0x00, 0x00, 0x00, 0x00, 0x00, 0x00, 0x00, 0x00, 0x00, 0x00, 0x00, 0x00,
    0x00, 0x00, 0x00, 0x00, 0x00, 0x00, 0x32, 0x01, 0x20, 0x00, 0x01, 0x00, 0x00, 0x00, 0x01, 0x00,
    0xFF, 0x00, 0x02, 0x00, 0x00, 0x00, 0x00, 0x00, 0x00, 0x00, 0x00, 0x00, 0x00, 0x00, 0x00, 0x00,
    0x00, 0x00, 0x00, 0x00, 0x00, 0x02, 0xF6, 0xFF, 0x00, 0x00, 0x01, 0x00, 0x00, 0x00, 0x00, 0x00,
    0x00, 0x00, 0x00, 0x00, 0x00, 0x00, 0x00, 0x00, 0x00, 0x00, 0x00, 0x00, 0x00, 0x00, 0x00, 0x00,
    0x00, 0x00, 0x00, 0x00, 0x00, 0x00, 0x00, 0x00, 0x00, 0x00, 0x00, 0x00, 0x00, 0x00, 0x00, 0x00,
    0x00, 0x00, 0x00, 0x00, 0x00, 0x00, 0x00, 0x00, 0x00, 0x00, 0x00, 0x00, 0x00, 0x00, 0x00, 0x00,
    0x00, 0x00, 0x00, 0x00, 0x00, 0x00, 0x00, 0x00, 0x00, 0x00, 0x00, 0x00, 0x00, 0x00, 0x00, 0x00,
    0x00, 0x00, 0x00, 0x00, 0x00, 0x00, 0x00, 0x00, 0x00, 0x00, 0x00, 0x00, 0x00, 0x00, 0x00, 0x00,
    0x00, 0x00, 0x00, 0x00, 0x00, 0x00, 0x00, 0x00, 0x00, 0x00, 0x00, 0x00, 0x00, 0x00, 0x00, 0x00,
    0x00, 0x00, 0x00, 0x00, 0x00, 0x00, 0x00, 0x00, 0x00, 0x00, 0x00, 0x00, 0x00, 0x00, 0x00, 0x00,
    0x00, 0x00, 0x00, 0x00, 0x00, 0x00, 0x00, 0x00, 0x00, 0x00, 0x00, 0x00, 0x00, 0x00, 0x00, 0x00,
    0x00, 0x00, 0x00, 0xFF, 0x53, 0x01, 0x16, 0x00, 0x6A, 0x01, 0xC5, 0x00, 0x00, 0x00, 0x00, 0x00,
    0x00, 0x00, 0xFF, 0x00, 0x00, 0x00, 0x00, 0x00, 0x01, 0x00, 0x00, 0x00, 0x30, 0x02, 0x15, 0x00,
    0x02, 0x00, 0x00, 0x00, 0x02, 0x00, 0xFF, 0x00, 0x01, 0x00, 0x00, 0x00, 0x00, 0x00, 0x00, 0x00,
    0x00, 0x00, 0x00, 0x00, 0x00, 0x00, 0x00, 0x00, 0x00, 0x00, 0x00, 0x05, 0x0A, 0x00, 0x00, 0x00,
    0x00, 0x00, 0x00, 0x00, 0x00, 0x00, 0x00, 0x00, 0x00, 0x00, 0x00, 0x00, 0x00, 0x00, 0x00, 0x00,
    0x00, 0x00, 0x00, 0x00, 0x00, 0x00, 0x00, 0x00, 0x00, 0x00, 0x00, 0x00, 0x00, 0x00, 0x00, 0x00,
    0x00, 0x00, 0x00, 0x00, 0x00, 0x00, 0x00, 0x00, 0x00, 0x00, 0x00, 0x00, 0x00, 0x00, 0x00, 0x00,
    0x00, 0x00, 0x00, 0x00, 0x00, 0x00, 0x00, 0x00, 0x00, 0x00, 0x00, 0x00, 0x00, 0x00, 0x00, 0x00,
    0x00, 0x00, 0x00, 0x00, 0x00, 0x00, 0x00, 0x00, 0x00, 0x00, 0x00, 0x00, 0x00, 0x00, 0x00, 0x00,
    0x00, 0x00, 0x00, 0x00, 0x00, 0x00, 0x00, 0x00, 0x00, 0x00, 0x00, 0x00, 0x00, 0x00, 0x00, 0x00,
    0x00, 0x00, 0x00, 0x00, 0x00, 0x00, 0x00, 0x00, 0x00, 0x00, 0x00, 0x00, 0x00, 0x00, 0x00, 0x00,
    0x00, 0x00, 0x00, 0x00, 0x00, 0x00, 0x00, 0x00, 0x00, 0x00, 0x00, 0x00, 0x00, 0x00, 0x00, 0x00,
    0x00, 0x00, 0x00, 0x00, 0x00, 0x00, 0x00, 0x00, 0x00, 0x00, 0x00, 0x00, 0x00, 0x00, 0x00, 0x00,
    0x00, 0x00, 0x00, 0x00, 0x00, 0x00, 0x00, 0x00, 0x00, 0x00, 0x00, 0x00, 0x00, 0x00, 0x00, 0x00,
    0x00, 0x00, 0x00, 0x00, 0x00, 0x00, 0x00, 0x00, 0x00, 0x00, 0x00, 0x00, 0x00, 0x00, 0x00, 0x00,
    0x00, 0x00, 0x00, 0x00, 0x00, 0x00, 0x00, 0x00, 0x00, 0x00, 0x00, 0x00, 0x00, 0x00, 0x00, 0x00,
    0x00, 0x00, 0x00, 0x00, 0x00, 0x00, 0x00, 0x00, 0x00, 0x00, 0x00, 0x00, 0x00, 0x00, 0x00, 0x00,
    0x00, 0x00, 0x00, 0x00, 0x00, 0x00, 0x00, 0x00, 0x00, 0x00, 0x00, 0x00, 0x00, 0x00, 0x00, 0x00,
    0x00, 0x00, 0x00, 0x00, 0x00, 0x00, 0x00, 0x00, 0x00, 0x00, 0x00, 0x00, 0x00, 0x00, 0x00, 0x00,
    0x00, 0x00, 0x00, 0x00, 0x00, 0x00, 0x00, 0x00, 0x00, 0x00, 0x00, 0x00, 0x00, 0x00, 0x00, 0x00,
    0x00, 0x00, 0x00, 0x00, 0x00, 0xFF, 0x46, 0x02, 0x11, 0x00, 0x58, 0x02, 0xCB, 0x00, 0x00, 0x00,
    0x00, 0x00, 0x00, 0x00, 0xFF, 0x00, 0x00, 0x00, 0x00, 0x00, 0x02, 0x00, 0x00, 0x00, 0x24, 0x03,
    0x11, 0x00, 0x03, 0x00, 0x00, 0x00, 0x03, 0x00, 0xFF, 0x00, 0x03, 0x00, 0x00, 0x00, 0x00, 0x00,
    0x00, 0x00, 0x00, 0x00, 0x00, 0x00, 0x00, 0x00, 0x00, 0x00, 0x00, 0x00, 0x00, 0x00, 0xFB, 0xFF,
    0x00, 0x02, 0xEC, 0xFF, 0x00, 0x01, 0x0A, 0x00, 0x00, 0x00, 0x00, 0x00, 0x00, 0x00, 0x00, 0x00,
    0x00, 0x00, 0x00, 0x00, 0x00, 0x00, 0x00, 0x00, 0x00, 0x00, 0x00, 0x00, 0x36, 0x03, 0x21, 0x00,
    0x03, 0x00, 0x00, 0x00, 0x03, 0x00, 0xFF, 0x00, 0x02, 0x00, 0x00, 0x00, 0x00, 0x00, 0x00, 0x00,
    0x00, 0x00, 0x00, 0x00, 0x00, 0x00, 0x00, 0x00, 0x00, 0x00, 0x00, 0x00, 0xF6, 0xFF, 0x00, 0x05,
    0xFB, 0xFF, 0x00, 0x00, 0x00, 0x00, 0x00, 0x00, 0x00, 0x00, 0x00, 0x00, 0x00, 0x00, 0x00, 0x00,
    0x00, 0x00, 0x00, 0x00, 0x00, 0x00, 0x00, 0x00, 0x00, 0x00, 0x00, 0x00, 0x00, 0x00, 0x00, 0x00,
    0x00, 0x00, 0x00, 0x00, 0x00, 0x00, 0x00, 0x00, 0x00, 0x00, 0x00, 0x00, 0x00, 0x00, 0x00, 0x00,
    0x00, 0x00, 0x00, 0x00, 0x00, 0x00, 0x00, 0x00, 0x00, 0x00, 0x00, 0x00, 0x00, 0x00, 0x00, 0x00,
    0x00, 0x00, 0x00, 0x00, 0x00, 0x00, 0x00, 0x00, 0x00, 0x00, 0x00, 0x00, 0x00, 0x00, 0x00, 0x00,
    0x00, 0x00, 0x00, 0x00, 0x00, 0x00, 0x00, 0x00, 0x00, 0x00, 0x00, 0x00, 0x00, 0x00, 0x00, 0x00,
    0x00, 0x00, 0x00, 0x00, 0x00, 0x00, 0x00, 0x00, 0x00, 0x00, 0x00, 0x00, 0x00, 0x00, 0x00, 0x00,
    0x00, 0x00, 0x00, 0x00, 0x00, 0x00, 0x00, 0x00, 0x00, 0x00, 0x00, 0x00, 0x00, 0x00, 0x00, 0x00,
    0x00, 0x00, 0x00, 0x00, 0x00, 0x00, 0x00, 0x00, 0x00, 0x00, 0x00, 0x00, 0x00, 0x00, 0x00, 0x00,
    0x00, 0x00, 0x00, 0x00, 0x00, 0x00, 0x00, 0x00, 0x00, 0x00, 0x00, 0x00, 0x00, 0x00, 0x00, 0x00,
    0x00, 0x00, 0x00, 0x00, 0x00, 0x00, 0x00, 0x00, 0x00, 0x00, 0x00, 0x00, 0x00, 0x00, 0x00, 0x00,
    0x00, 0x00, 0x00, 0x00, 0x00, 0x00, 0x00, 0x00, 0x00, 0x00, 0x00, 0x00, 0x00, 0x00, 0x00, 0x00,
    0x00, 0x00, 0x00, 0x00, 0x00, 0x00, 0x00, 0xFF, 0x58, 0x03, 0x10, 0x00, 0x69, 0x03, 0xC0, 0x00,
    0x00, 0x00, 0x00, 0x00, 0x00, 0x00, 0xFF, 0x00, 0x00, 0x00, 0x00, 0x00, 0x01, 0x00, 0x00, 0x00,
    0x2A, 0x04, 0x17, 0x00, 0x04, 0x00, 0x00, 0x00, 0x04, 0x00, 0xFF, 0x00, 0x00, 0x00, 0x00, 0x00,
    0x00, 0x00, 0x00, 0x00, 0x00, 0x00, 0x00, 0x00, 0x00, 0x00, 0x00, 0x00, 0x00, 0x00, 0x00, 0x00,
    0x00, 0x00, 0x00, 0x00, 0x00, 0x00, 0x00, 0x00, 0x00, 0x00, 0x00, 0x00, 0x00, 0x00, 0x00, 0x00,
    0x00, 0x00, 0x00, 0x00, 0x00, 0x00, 0x00, 0x00, 0x00, 0x00, 0x00, 0x00, 0x00, 0x00, 0x00, 0x00,
    0x00, 0x00, 0x00, 0x00, 0x00, 0x00, 0x00, 0x00, 0x00, 0x00, 0x00, 0x00, 0x00, 0x00, 0x00, 0x00,
    0x00, 0x00, 0x00, 0x00, 0x00, 0x00, 0x00, 0x00, 0x00, 0x00, 0x00, 0x00, 0x00, 0x00, 0x00, 0x00,
    0x00, 0x00, 0x00, 0x00, 0x00, 0x00, 0x00, 0x00, 0x00, 0x00, 0x00, 0x00, 0x00, 0x00, 0x00, 0x00,
    0x00, 0x00, 0x00, 0x00, 0x00, 0x00, 0x00, 0x00, 0x00, 0x00, 0x00, 0x00, 0x00, 0x00, 0x00, 0x00,
    0x00, 0x00, 0x00, 0x00, 0x00, 0x00, 0x00, 0x00, 0x00, 0x00, 0x00, 0x00, 0x00, 0x00, 0x00, 0x00,
    0x00, 0x00, 0x00, 0x00, 0x00, 0x00, 0x00, 0x00, 0x00, 0x00, 0x00, 0x00, 0x00, 0x00, 0x00, 0x00,
    0x00, 0x00, 0x00, 0x00, 0x00, 0x00, 0x00, 0x00, 0x00, 0x00, 0x00, 0x00, 0x00, 0x00, 0x00, 0x00,
    0x00, 0x00, 0x00, 0x00, 0x00, 0x00, 0x00, 0x00, 0x00, 0x00, 0x00, 0x00, 0x00, 0x00, 0x00, 0x00,
    0x00, 0x00, 0x00, 0x00, 0x00, 0x00, 0x00, 0x00, 0x00, 0x00, 0x00, 0x00, 0x00, 0x00, 0x00, 0x00,
    0x00, 0x00, 0x00, 0x00, 0x00, 0x00, 0x00, 0x00, 0x00, 0x00, 0x00, 0x00, 0x00, 0x00, 0x00, 0x00,
    0x00, 0x00, 0x00, 0x00, 0x00, 0x00, 0x00, 0x00, 0x00, 0x00, 0x00, 0x00, 0x00, 0x00, 0x00, 0x00,
    0x00, 0x00, 0x00, 0x00, 0x00, 0x00, 0x00, 0x00, 0x00, 0x00, 0x00, 0x00, 0x00, 0x00, 0x00, 0x00,
    0x00, 0x00, 0x00, 0x00, 0x00, 0x00, 0x00, 0x00, 0x00, 0x00, 0x00, 0x00, 0x00, 0x00, 0x00, 0x00,
    0x00, 0x00, 0x00, 0x00, 0x00, 0x00, 0x00, 0x00, 0x00, 0x00, 0x00, 0x00, 0x00, 0x00, 0x00, 0x00,
    0x00, 0x00, 0x00, 0x00, 0x00, 0x00, 0x00, 0x00, 0x05, 0xFF, 0x42, 0x04, 0x18, 0x00, 0x5B, 0x04,
    0xB3, 0x00, 0x00, 0x00, 0x00, 0x00, 0x00, 0x00, 0xFF, 0x00, 0x00, 0x00, 0x00, 0x00, 0x00, 0x00,
    0x00, 0x00, 0x00, 0x00, 0x00, 0x00, 0x00, 0x00, 0x00, 0x00, 0x00, 0x00, 0x00, 0x00, 0x00, 0x00,
    0x00, 0x00, 0x00, 0x00, 0x00, 0x00, 0x00, 0x00, 0x00, 0x00, 0x00, 0x00, 0x00, 0x00, 0x00, 0x00,
    0x00, 0x00, 0x00, 0x00, 0x00, 0x00, 0x00, 0x00, 0x00, 0x00, 0x00, 0x00, 0x00, 0x00, 0x00, 0x00,
    0x00, 0x00, 0x00, 0x00, 0x00, 0x00, 0x00, 0x00, 0x00, 0x00, 0x00, 0x00, 0x00, 0x00, 0x00, 0x00,
    0x00, 0x00, 0x00, 0x00, 0x00, 0x00, 0x00, 0x00, 0x00, 0x00, 0x00, 0x00, 0x00, 0x00, 0x00, 0x00,
    0x00, 0x00, 0x00, 0x00, 0x00, 0x00, 0x00, 0x00, 0x00, 0x00, 0x00, 0x00, 0x00, 0x00, 0x00, 0x00,
    0x00, 0x00, 0x00, 0x00, 0x00, 0x00, 0x00, 0x00, 0x00, 0x00, 0x00, 0x00, 0x00, 0x00, 0x00, 0x00,
    0x00, 0x00, 0x00, 0x00, 0x00, 0x00, 0x00, 0x00, 0x00, 0x00, 0x00, 0x00, 0x00, 0x00, 0x00, 0x00,
    0x00, 0x00, 0x00, 0x00, 0x00, 0x00, 0x00, 0x00, 0x00, 0x00, 0x00, 0x00, 0x00, 0x00, 0x00, 0x00,
    0x00, 0x00, 0x00, 0x00, 0x00, 0x00, 0x00, 0x00, 0x00, 0x00, 0x00, 0x00, 0x00, 0x00, 0x00, 0x00,
    0x00, 0x00, 0x00, 0x00, 0x00, 0x00, 0x00, 0x00, 0x00, 0x00, 0x00, 0x00, 0x00, 0x00, 0x00, 0x00,
    0x00, 0x00, 0x00, 0x00, 0x00, 0x00, 0x00, 0x00, 0x00, 0x00, 0x00, 0x00, 0x00, 0x00, 0x00, 0x00,
    0x00, 0x00, 0x00, 0x00, 0x00, 0x00, 0x00, 0x00, 0x00, 0x00, 0x00, 0x00, 0x00, 0x00, 0x00, 0x00,
    0x00, 0x00, 0x00, 0x00, 0x00, 0x00, 0x00, 0x00, 0x00, 0x00, 0x00, 0x00, 0x00, 0x00, 0x00, 0x00,
    0x00, 0x00, 0x00, 0x00, 0x00, 0x00, 0x00, 0x00, 0x00, 0x00, 0x00, 0x00, 0x00, 0x00, 0x00, 0x00,
    0x00, 0x00, 0x00, 0x00, 0x00, 0x00, 0x00, 0x00, 0x00, 0x00, 0x00, 0x00, 0x00, 0x00, 0x00, 0x00,
    0x00, 0x00, 0x00, 0x00, 0x00, 0x00, 0x00, 0x00, 0x00, 0x00, 0x00, 0x00, 0x00, 0x00, 0x00, 0x00,
    0x00, 0x00, 0x00, 0x00, 0x00, 0x00, 0x00, 0x00, 0x00, 0x00, 0x00, 0x00, 0x00, 0x00, 0x00, 0x00,
    0x00, 0x00, 0x00, 0x00, 0x00, 0x00, 0x00, 0x00, 0x00, 0x00, 0x49, 0x6C, 0x20, 0x4D, 0x6F, 0x6C,
    0x6F, 0x20, 0x64, 0x69, 0x20, 0x53, 0x61, 0x6E, 0x20, 0x4D, 0x61, 0x72, 0x63, 0x6F, 0x00, 0x4C,
    0x27, 0x61, 0x6C, 0x62, 0x61, 0x20, 0x74, 0x69, 0x6E, 0x67, 0x65, 0x20, 0x64, 0x69, 0x20, 0x72,
    0x6F, 0x73, 0x61, 0x20, 0x6C, 0x65, 0x20, 0x61, 0x63, 0x71, 0x75, 0x65, 0x20, 0x64, 0x65, 0x6C,
    0x6C, 0x61, 0x20, 0x6C, 0x61, 0x67, 0x75, 0x6E, 0x61, 0x2E, 0x20, 0x4C, 0x61, 0x20, 0x67, 0x61,
    0x6C, 0x65, 0x61, 0x20, 0x6D, 0x65, 0x72, 0x63, 0x61, 0x6E, 0x74, 0x69, 0x6C, 0x65, 0x20, 0x65,
    0x20, 0x63, 0x61, 0x72, 0x69, 0x63, 0x61, 0x2E, 0x20, 0x4D, 0x61, 0x72, 0x63, 0x6F, 0x20, 0x50,
    0x6F, 0x6C, 0x6F, 0x20, 0x63, 0x6F, 0x6E, 0x74, 0x72, 0x6F, 0x6C, 0x6C, 0x61, 0x20, 0x6C, 0x65,
    0x20, 0x63, 0x61, 0x72, 0x74, 0x65, 0x20, 0x6E, 0x61, 0x75, 0x74, 0x69, 0x63, 0x68, 0x65, 0x2C,
    0x20, 0x6D, 0x65, 0x6E, 0x74, 0x72, 0x65, 0x20, 0x46, 0x61, 0x74, 0x69, 0x6D, 0x61, 0x20, 0x76,
    0x65, 0x72, 0x69, 0x66, 0x69, 0x63, 0x61, 0x20, 0x69, 0x20, 0x62, 0x61, 0x72, 0x69, 0x6C, 0x69,
    0x20, 0x64, 0x69, 0x20, 0x70, 0x72, 0x6F, 0x76, 0x76, 0x69, 0x73, 0x74, 0x65, 0x20, 0x65, 0x20,
    0x6C, 0x65, 0x20, 0x62, 0x61, 0x6C, 0x6C, 0x65, 0x20, 0x64, 0x69, 0x20, 0x70, 0x61, 0x6E, 0x6E,
    0x6F, 0x20, 0x66, 0x69, 0x61, 0x6D, 0x6D, 0x69, 0x6E, 0x67, 0x6F, 0x2E, 0x20, 0x49, 0x6C, 0x20,
    0x76, 0x69, 0x61, 0x67, 0x67, 0x69, 0x6F, 0x20, 0x76, 0x65, 0x72, 0x73, 0x6F, 0x20, 0x6C, 0x65,
    0x76, 0x61, 0x6E, 0x74, 0x65, 0x20, 0x63, 0x6F, 0x6D, 0x69, 0x6E, 0x63, 0x69, 0x61, 0x2E, 0x00,
    0x53, 0x61, 0x6C, 0x70, 0x61, 0x72, 0x65, 0x20, 0x73, 0x65, 0x6E, 0x7A, 0x61, 0x20, 0x69, 0x6E,
    0x64, 0x75, 0x67, 0x69, 0x6F, 0x00, 0x41, 0x63, 0x71, 0x75, 0x69, 0x73, 0x74, 0x61, 0x72, 0x65,
    0x20, 0x73, 0x63, 0x6F, 0x72, 0x74, 0x65, 0x20, 0x65, 0x78, 0x74, 0x72, 0x61, 0x20, 0x28, 0x2D,
    0x35, 0x30, 0x20, 0x66, 0x69, 0x6F, 0x72, 0x69, 0x6E, 0x69, 0x29, 0x00, 0x43, 0x6F, 0x6E, 0x73,
    0x75, 0x6C, 0x74, 0x61, 0x72, 0x65, 0x20, 0x6C, 0x27, 0x61, 0x73, 0x74, 0x72, 0x6F, 0x6C, 0x6F,
    0x67, 0x6F, 0x20, 0x64, 0x65, 0x6C, 0x20, 0x70, 0x6F, 0x72, 0x74, 0x6F, 0x00, 0x4C, 0x61, 0x20,
    0x54, 0x6F, 0x72, 0x72, 0x65, 0x20, 0x64, 0x65, 0x6C, 0x6C, 0x27, 0x4F, 0x72, 0x6F, 0x6C, 0x6F,
    0x67, 0x69, 0x6F, 0x00, 0x49, 0x6C, 0x20, 0x76, 0x65, 0x63, 0x63, 0x68, 0x69, 0x6F, 0x20, 0x61,
    0x73, 0x74, 0x72, 0x6F, 0x6C, 0x6F, 0x67, 0x6F, 0x20, 0x74, 0x72, 0x61, 0x63, 0x63, 0x69, 0x61,
    0x20, 0x63, 0x65, 0x72, 0x63, 0x68, 0x69, 0x20, 0x73, 0x75, 0x6C, 0x6C, 0x61, 0x20, 0x70, 0x65,
    0x72, 0x67, 0x61, 0x6D, 0x65, 0x6E, 0x61, 0x2E, 0x20, 0x27, 0x4C, 0x65, 0x20, 0x73, 0x74, 0x65,
    0x6C, 0x6C, 0x65, 0x20, 0x70, 0x72, 0x6F, 0x6D, 0x65, 0x74, 0x74, 0x6F, 0x6E, 0x6F, 0x20, 0x67,
    0x72, 0x61, 0x6E, 0x64, 0x69, 0x20, 0x72, 0x69, 0x63, 0x63, 0x68, 0x65, 0x7A, 0x7A, 0x65, 0x20,
    0x6F, 0x6C, 0x74, 0x72, 0x65, 0x20, 0x6C, 0x65, 0x20, 0x6D, 0x6F, 0x6E, 0x74, 0x61, 0x67, 0x6E,
    0x65, 0x2C, 0x20, 0x6D, 0x61, 0x20, 0x67, 0x75, 0x61, 0x72, 0x64, 0x61, 0x74, 0x65, 0x76, 0x69,
    0x20, 0x64, 0x61, 0x6C, 0x6C, 0x65, 0x20, 0x61, 0x63, 0x71, 0x75, 0x65, 0x20, 0x73, 0x63, 0x75,
    0x72, 0x65, 0x20, 0x64, 0x65, 0x6C, 0x20, 0x6D, 0x61, 0x72, 0x20, 0x4E, 0x65, 0x72, 0x6F, 0x2E,
    0x27, 0x20, 0x56, 0x69, 0x20, 0x63, 0x6F, 0x6E, 0x73, 0x65, 0x67, 0x6E, 0x61, 0x20, 0x75, 0x6E,
    0x20, 0x70, 0x69, 0x63, 0x63, 0x6F, 0x6C, 0x6F, 0x20, 0x61, 0x6D, 0x75, 0x6C, 0x65, 0x74, 0x6F,
    0x20, 0x64, 0x69, 0x20, 0x72, 0x61, 0x6D, 0x65, 0x2E, 0x00, 0x52, 0x69, 0x6E, 0x67, 0x72, 0x61,
    0x7A, 0x69, 0x61, 0x72, 0x65, 0x20, 0x65, 0x20, 0x73, 0x61, 0x6C, 0x70, 0x61, 0x72, 0x65, 0x00,
    0x49, 0x6C, 0x20, 0x4D, 0x61, 0x72, 0x65, 0x20, 0x41, 0x64, 0x72, 0x69, 0x61, 0x74, 0x69, 0x63,
    0x6F, 0x00, 0x56, 0x65, 0x6E, 0x74, 0x69, 0x20, 0x66, 0x61, 0x76, 0x6F, 0x72, 0x65, 0x76, 0x6F,
    0x6C, 0x69, 0x20, 0x73, 0x70, 0x69, 0x6E, 0x67, 0x6F, 0x6E, 0x6F, 0x20, 0x6C, 0x61, 0x20, 0x6E,
    0x61, 0x76, 0x65, 0x20, 0x6C, 0x75, 0x6E, 0x67, 0x6F, 0x20, 0x6C, 0x61, 0x20, 0x63, 0x6F, 0x73,
    0x74, 0x61, 0x20, 0x64, 0x61, 0x6C, 0x6D, 0x61, 0x74, 0x61, 0x2E, 0x20, 0x44, 0x6F, 0x70, 0x6F,
    0x20, 0x73, 0x65, 0x69, 0x20, 0x67, 0x69, 0x6F, 0x72, 0x6E, 0x69, 0x20, 0x64, 0x69, 0x20, 0x6E,
    0x61, 0x76, 0x69, 0x67, 0x61, 0x7A, 0x69, 0x6F, 0x6E, 0x65, 0x20, 0x74, 0x72, 0x61, 0x6E, 0x71,
    0x75, 0x69, 0x6C, 0x6C, 0x61, 0x2C, 0x20, 0x61, 0x76, 0x76, 0x69, 0x73, 0x74, 0x61, 0x74, 0x65,
    0x20, 0x6C, 0x65, 0x20, 0x6D, 0x75, 0x72, 0x61, 0x20, 0x69, 0x6D, 0x70, 0x6F, 0x6E, 0x65, 0x6E,
    0x74, 0x69, 0x20, 0x64, 0x69, 0x20, 0x52, 0x61, 0x67, 0x75, 0x73, 0x61, 0x2E, 0x20, 0x41, 0x6C,
    0x63, 0x75, 0x6E, 0x69, 0x20, 0x6D, 0x61, 0x72, 0x69, 0x6E, 0x61, 0x69, 0x20, 0x63, 0x68, 0x69,
    0x65, 0x64, 0x6F, 0x6E, 0x6F, 0x20, 0x75, 0x6E, 0x61, 0x20, 0x73, 0x6F, 0x73, 0x74, 0x61, 0x20,
    0x70, 0x65, 0x72, 0x20, 0x72, 0x69, 0x66, 0x6F, 0x72, 0x6E, 0x69, 0x72, 0x73, 0x69, 0x20, 0x64,
    0x27, 0x61, 0x63, 0x71, 0x75, 0x61, 0x20, 0x64, 0x6F, 0x6C, 0x63, 0x65, 0x2E, 0x00, 0x46, 0x65,
    0x72, 0x6D, 0x61, 0x72, 0x73, 0x69, 0x20, 0x61, 0x20, 0x52, 0x61, 0x67, 0x75, 0x73, 0x61, 0x00,
    0x50, 0x72, 0x6F, 0x73, 0x65, 0x67, 0x75, 0x69, 0x72, 0x65, 0x20, 0x64, 0x72, 0x69, 0x74, 0x74,
    0x69, 0x20, 0x61, 0x20, 0x76, 0x65, 0x6C, 0x65, 0x20, 0x73, 0x70, 0x69, 0x65, 0x67, 0x61, 0x74,
    0x65, 0x00, 0x56, 0x65, 0x72, 0x73, 0x6F, 0x20, 0x69, 0x6C, 0x20, 0x42, 0x6F, 0x73, 0x66, 0x6F,
    0x72, 0x6F, 0x00, 0x4C, 0x65, 0x20, 0x69, 0x73, 0x6F, 0x6C, 0x65, 0x20, 0x67, 0x72, 0x65, 0x63,
    0x68, 0x65, 0x20, 0x73, 0x66, 0x69, 0x6C, 0x61, 0x6E, 0x6F, 0x20, 0x61, 0x6C, 0x6C, 0x27, 0x6F,
    0x72, 0x69, 0x7A, 0x7A, 0x6F, 0x6E, 0x74, 0x65, 0x2E, 0x20, 0x49, 0x6C, 0x20, 0x6D, 0x61, 0x72,
    0x65, 0x20, 0x73, 0x69, 0x20, 0x66, 0x61, 0x20, 0x70, 0x69, 0x75, 0x20, 0x61, 0x67, 0x69, 0x74,
    0x61, 0x74, 0x6F, 0x20, 0x61, 0x6C, 0x6C, 0x27, 0x69, 0x6D, 0x62, 0x6F, 0x63, 0x63, 0x6F, 0x20,
    0x64, 0x65, 0x6C, 0x6C, 0x27, 0x45, 0x6C, 0x6C, 0x65, 0x73, 0x70, 0x6F, 0x6E, 0x74, 0x6F, 0x2E,
    0x20, 0x46, 0x61, 0x74, 0x69, 0x6D, 0x61, 0x20, 0x6F, 0x73, 0x73, 0x65, 0x72, 0x76, 0x61, 0x20,
    0x69, 0x20, 0x67, 0x61, 0x62, 0x62, 0x69, 0x61, 0x6E, 0x69, 0x3A, 0x20, 0x27, 0x43, 0x6F, 0x73,
    0x74, 0x61, 0x6E, 0x74, 0x69, 0x6E, 0x6F, 0x70, 0x6F, 0x6C, 0x69, 0x20, 0x65, 0x20, 0x76, 0x69,
    0x63, 0x69, 0x6E, 0x61, 0x2E, 0x20, 0x50, 0x72, 0x65, 0x70, 0x61, 0x72, 0x69, 0x61, 0x6D, 0x6F,
    0x20, 0x6C, 0x65, 0x20, 0x6D, 0x65, 0x72, 0x63, 0x69, 0x20, 0x70, 0x65, 0x72, 0x20, 0x6C, 0x61,
    0x20, 0x64, 0x6F, 0x67, 0x61, 0x6E, 0x61, 0x20, 0x69, 0x6D, 0x70, 0x65, 0x72, 0x69, 0x61, 0x6C,
    0x65, 0x2E, 0x27, 0x00, 0x45, 0x6E, 0x74, 0x72, 0x61, 0x72, 0x65, 0x20, 0x6E, 0x65, 0x6C, 0x20,
    0x43, 0x6F, 0x72, 0x6E, 0x6F, 0x20, 0x64, 0x27, 0x4F, 0x72, 0x6F, 0x00, 0x43, 0x6F, 0x73, 0x74,
    0x61, 0x6E, 0x74, 0x69, 0x6E, 0x6F, 0x70, 0x6F, 0x6C, 0x69, 0x20, 0x52, 0x61, 0x67, 0x67, 0x69,
    0x75, 0x6E, 0x74, 0x61, 0x00, 0x4C, 0x61, 0x20, 0x67, 0x61, 0x6C, 0x65, 0x61, 0x20, 0x73, 0x63,
    0x69, 0x76, 0x6F, 0x6C, 0x61, 0x20, 0x6E, 0x65, 0x6C, 0x6C, 0x65, 0x20, 0x61, 0x63, 0x71, 0x75,
    0x65, 0x20, 0x64, 0x6F, 0x72, 0x61, 0x74, 0x65, 0x20, 0x64, 0x65, 0x6C, 0x20, 0x43, 0x6F, 0x72,
    0x6E, 0x6F, 0x20, 0x64, 0x27, 0x4F, 0x72, 0x6F, 0x2E, 0x20, 0x4C, 0x65, 0x20, 0x63, 0x75, 0x70,
    0x6F, 0x6C, 0x65, 0x20, 0x64, 0x69, 0x20, 0x53, 0x61, 0x6E, 0x74, 0x61, 0x20, 0x53, 0x6F, 0x66,
    0x69, 0x61, 0x20, 0x62, 0x72, 0x69, 0x6C, 0x6C, 0x61, 0x6E, 0x6F, 0x20, 0x6E, 0x65, 0x6C, 0x20,
    0x74, 0x72, 0x61, 0x6D, 0x6F, 0x6E, 0x74, 0x6F, 0x2E, 0x20, 0x49, 0x6C, 0x20, 0x70, 0x72, 0x69,
    0x6D, 0x6F, 0x20, 0x74, 0x72, 0x61, 0x74, 0x74, 0x6F, 0x20, 0x6D, 0x61, 0x72, 0x69, 0x74, 0x74,
    0x69, 0x6D, 0x6F, 0x20, 0x65, 0x20, 0x63, 0x6F, 0x6D, 0x70, 0x69, 0x75, 0x74, 0x6F, 0x3A, 0x20,
    0x64, 0x61, 0x20, 0x71, 0x75, 0x69, 0x20, 0x6C, 0x61, 0x20, 0x63, 0x61, 0x72, 0x6F, 0x76, 0x61,
    0x6E, 0x61, 0x20, 0x70, 0x72, 0x6F, 0x73, 0x65, 0x67, 0x75, 0x69, 0x72, 0x61, 0x20, 0x76, 0x69,
    0x61, 0x20, 0x74, 0x65, 0x72, 0x72, 0x61, 0x2E, 0x00, 0x05, 0x00, 0x01, 0x00, 0xE0, 0x04, 0x00,
    0x00, 0x1C, 0x00, 0x00, 0x00, 0x66, 0x06, 0x00, 0x00, 0xEF, 0x06, 0x00, 0x00, 0xCF, 0x0B, 0x00,
    0x00, 0xCF, 0x0B, 0x00, 0x00, 0x00, 0xFF, 0x3C, 0x00, 0x12, 0x00, 0x4F, 0x00, 0xEE, 0x00, 0x00,
    0x00, 0x00, 0x00, 0x00, 0x00, 0xFF, 0x00, 0x00, 0x00, 0x00, 0x00, 0x03, 0x00, 0x00, 0x00, 0x3E,
    0x01, 0x1F, 0x00, 0x01, 0x00, 0x00, 0x00, 0x01, 0x00, 0x00, 0x00, 0x00, 0x00, 0x00, 0x00, 0x00,
    0x00, 0x00, 0x00, 0x00, 0x00, 0x00, 0x00, 0x00, 0x00, 0x00, 0x00, 0x00, 0x00, 0x00, 0x00, 0x00,
    0x00, 0x00, 0x00, 0x00, 0x00, 0x00, 0x00, 0x00, 0x00, 0x00, 0x00, 0x00, 0x00, 0x00, 0x00, 0x00,
    0x00, 0x00, 0x00, 0x00, 0x00, 0x00, 0x00, 0x00, 0x00, 0x00, 0x00, 0x00, 0x00, 0x5E, 0x01, 0x2D,
    0x00, 0x01, 0x00, 0x00, 0x00, 0x01, 0x00, 0xFF, 0x01, 0x03, 0x00, 0x00, 0x02, 0x50, 0x00, 0x00,
    0x00, 0x00, 0x00, 0x00, 0x00, 0x00, 0x00, 0x00, 0x00, 0x00, 0x00, 0x00, 0x02, 0xB0, 0xFF, 0x00,
    0x00, 0x00, 0x00, 0x00, 0x05, 0x0A, 0x00, 0x00, 0x00, 0x00, 0x00, 0x00, 0x00, 0x00, 0x00, 0x00,
    0x00, 0x00, 0x00, 0x00, 0x00, 0x00, 0x00, 0x00, 0x00, 0x00, 0x00, 0x8C, 0x01, 0x23, 0x00, 0x01,
    0x00, 0x00, 0x00, 0x01, 0x00, 0xFF, 0x00, 0x01, 0x00, 0x00, 0x00, 0x00, 0x00, 0x00, 0x00, 0x00,
    0x00, 0x00, 0x00, 0x00, 0x00, 0x00, 0x00, 0x00, 0x00, 0x00, 0x00, 0xF6, 0xFF, 0x00, 0x00, 0x00,
    0x00, 0x00, 0x00, 0x00, 0x00, 0x00, 0x00, 0x00, 0x00, 0x00, 0x00, 0x00, 0x00, 0x00, 0x00, 0x00,
    0x00, 0x00, 0x00, 0x00, 0x00, 0x00, 0x00, 0x00, 0x00, 0x00, 0x00, 0x00, 0x00, 0x00, 0x00, 0x00,
    0x00, 0x00, 0x00, 0x00, 0x00, 0x00, 0x00, 0x00, 0x00, 0x00, 0x00, 0x00, 0x00, 0x00, 0x00, 0x00,
    0x00, 0x00, 0x00, 0x00, 0x00, 0x00, 0x00, 0x00, 0x00, 0x00, 0x00, 0x00, 0x00, 0x00, 0x00, 0x00,
    0x00, 0x00, 0x00, 0x00, 0x00, 0x00, 0x00, 0x00, 0x00, 0x00, 0x00, 0x00, 0x00, 0x00, 0x00, 0x00,
    0x00, 0x00, 0x00, 0x00, 0x00, 0x00, 0x00, 0x00, 0x00, 0x00, 0x00, 0x00, 0x00, 0x00, 0x00, 0x00,
    0x00, 0x00, 0x00, 0x00, 0x00, 0x00, 0x00, 0x00, 0x00, 0x00, 0x00, 0x00, 0x00, 0x00, 0x00, 0x00,
    0x00, 0x00, 0x00, 0x00, 0x00, 0x00, 0x00, 0x00, 0x00, 0x00, 0x00, 0x00, 0x00, 0x00, 0x00, 0x00,
    0x00, 0x00, 0x00, 0x00, 0x00, 0x00, 0x00, 0x00, 0xFF, 0xB0, 0x01, 0x16, 0x00, 0xC7, 0x01, 0x9D,
    0x00, 0x00, 0x00, 0x00, 0x00, 0x00, 0x00, 0xFF, 0x00, 0x00, 0x00, 0x00, 0x00, 0x02, 0x00, 0x00,
    0x00, 0x65, 0x02, 0x28, 0x00, 0x02, 0x00, 0x00, 0x00, 0x02, 0x00, 0xFF, 0x00, 0x02, 0x00, 0x00,
    0x00, 0x00, 0x00, 0x00, 0x00, 0x00, 0x00, 0x00, 0x00, 0x00, 0x00, 0x00, 0x00, 0x00, 0x00, 0x00,
    0x00, 0xF1, 0xFF, 0x00, 0x00, 0x01, 0x00, 0x00, 0x00, 0x00, 0x00, 0x00, 0x00, 0x00, 0x00, 0x00,
    0x00, 0x00, 0x00, 0x00, 0x00, 0x00, 0x00, 0x00, 0x00, 0x00, 0x00, 0x00, 0x00, 0x00, 0x00, 0x8E,
    0x02, 0x21, 0x00, 0x03, 0x00, 0x00, 0x00, 0x03, 0x00, 0xFF, 0x00, 0x02, 0x00, 0x00, 0x00, 0x00,
    0x00, 0x00, 0x00, 0x00, 0x00, 0x00, 0x00, 0x00, 0x00, 0x00, 0x00, 0x00, 0x00, 0x00, 0x00, 0xEC,
    0xFF, 0x00, 0x01, 0xF6, 0xFF, 0x00, 0x00, 0x00, 0x00, 0x00, 0x00, 0x00, 0x00, 0x00, 0x00, 0x00,
    0x00, 0x00, 0x00, 0x00, 0x00, 0x00, 0x00, 0x00, 0x00, 0x00, 0x00, 0x00, 0x00, 0x00, 0x00, 0x00,
    0x00, 0x00, 0x00, 0x00, 0x00, 0x00, 0x00, 0x00, 0x00, 0x00, 0x00, 0x00, 0x00, 0x00, 0x00, 0x00,
    0x00, 0x00, 0x00, 0x00, 0x00, 0x00, 0x00, 0x00, 0x00, 0x00, 0x00, 0x00, 0x00, 0x00, 0x00, 0x00,
    0x00, 0x00, 0x00, 0x00, 0x00, 0x00, 0x00, 0x00, 0x00, 0x00, 0x00, 0x00, 0x00, 0x00, 0x00, 0x00,
    0x00, 0x00, 0x00, 0x00, 0x00, 0x00, 0x00, 0x00, 0x00, 0x00, 0x00, 0x00, 0x00, 0x00, 0x00, 0x00,
    0x00, 0x00, 0x00, 0x00, 0x00, 0x00, 0x00, 0x00, 0x00, 0x00, 0x00, 0x00, 0x00, 0x00, 0x00, 0x00,
    0x00, 0x00, 0x00, 0x00, 0x00, 0x00, 0x00, 0x00, 0x00, 0x00, 0x00, 0x00, 0x00, 0x00, 0x00, 0x00,
    0x00, 0x00, 0x00, 0x00, 0x00, 0x00, 0x00, 0x00, 0x00, 0x00, 0x00, 0x00, 0x00, 0x00, 0x00, 0x00,
    0x00, 0x00, 0x00, 0x00, 0x00, 0x00, 0x00, 0x00, 0x00, 0x00, 0x00, 0x00, 0x00, 0x00, 0x00, 0x00,
    0x00, 0x00, 0x00, 0x00, 0x00, 0x00, 0x00, 0x00, 0x00, 0x00, 0x00, 0x00, 0x00, 0x00, 0x00, 0x00,
    0x00, 0x00, 0x00, 0x00, 0x00, 0x00, 0x00, 0x00, 0x00, 0x00, 0x00, 0x00, 0x00, 0x00, 0x00, 0x00,
    0x00, 0x00, 0x00, 0x00, 0x00, 0x00, 0x00, 0x00, 0x00, 0x00, 0xFF, 0xB0, 0x02, 0x10, 0x00, 0xC1,
    0x02, 0x93, 0x00, 0x00, 0x00, 0x00, 0x00, 0x00, 0x00, 0xFF, 0x00, 0x00, 0x00, 0x00, 0x00, 0x02,
    0x00, 0x00, 0x00, 0x55, 0x03, 0x22, 0x00, 0x04, 0x00, 0x00, 0x00, 0x04, 0x00, 0xFF, 0x01, 0x02,
    0x00, 0x00, 0x02, 0x1E, 0x00, 0x00, 0x00, 0x00, 0x00, 0x00, 0x00, 0x00, 0x00, 0x00, 0x00, 0x00,
    0x00, 0x00, 0x02, 0xE2, 0xFF, 0x00, 0x00, 0x19, 0x00, 0x00, 0x00, 0x00, 0x00, 0x00, 0x00, 0x00,
    0x00, 0x00, 0x00, 0x00, 0x00, 0x00, 0x00, 0x00, 0x00, 0x00, 0x00, 0x00, 0x00, 0x00, 0x00, 0x00,
    0x00, 0x78, 0x03, 0x1B, 0x00, 0x04, 0x00, 0x00, 0x00, 0x04, 0x00, 0xFF, 0x00, 0x00, 0x00, 0x00,
    0x00, 0x00, 0x00, 0x00, 0x00, 0x00, 0x00, 0x00, 0x00, 0x00, 0x00, 0x00, 0x00, 0x00, 0x00, 0x00,
    0x00, 0x00, 0x00, 0x00, 0x00, 0x00, 0x00, 0x00, 0x00, 0x00, 0x00, 0x00, 0x00, 0x00, 0x00, 0x00,
    0x00, 0x00, 0x00, 0x00, 0x00, 0x00, 0x00, 0x00, 0x00, 0x00, 0x00, 0x00, 0x00, 0x00, 0x00, 0x00,
    0x00, 0x00, 0x00, 0x00, 0x00, 0x00, 0x00, 0x00, 0x00, 0x00, 0x00, 0x00, 0x00, 0x00, 0x00, 0x00,
    0x00, 0x00, 0x00, 0x00, 0x00, 0x00, 0x00, 0x00, 0x00, 0x00, 0x00, 0x00, 0x00, 0x00, 0x00, 0x00,
    0x00, 0x00, 0x00, 0x00, 0x00, 0x00, 0x00, 0x00, 0x00, 0x00, 0x00, 0x00, 0x00, 0x00, 0x00, 0x00,
    0x00, 0x00, 0x00, 0x00, 0x00, 0x00, 0x00, 0x00, 0x00, 0x00, 0x00, 0x00, 0x00, 0x00, 0x00, 0x00,
    0x00, 0x00, 0x00, 0x00, 0x00, 0x00, 0x00, 0x00, 0x00, 0x00, 0x00, 0x00, 0x00, 0x00, 0x00, 0x00,
    0x00, 0x00, 0x00, 0x00, 0x00, 0x00, 0x00, 0x00, 0x00, 0x00, 0x00, 0x00, 0x00, 0x00, 0x00, 0x00,
    0x00, 0x00, 0x00, 0x00, 0x00, 0x00, 0x00, 0x00, 0x00, 0x00, 0x00, 0x00, 0x00, 0x00, 0x00, 0x00,
    0x00, 0x00, 0x00, 0x00, 0x00, 0x00, 0x00, 0x00, 0x00, 0x00, 0x00, 0x00, 0x00, 0x00, 0x00, 0x00,
    0x00, 0x00, 0x00, 0x00, 0x00, 0x00, 0x00, 0x00, 0x00, 0x00, 0x00, 0x00, 0x00, 0x00, 0x00, 0x00,
    0x00, 0x00, 0x00, 0x00, 0x00, 0x00, 0x00, 0x00, 0x00, 0x00, 0x00, 0x00, 0x00, 0x00, 0x00, 0x00,
    0x00, 0x00, 0x00, 0x00, 0x00, 0x00, 0x00, 0x00, 0x00, 0x00, 0x00, 0x00, 0xFF, 0x94, 0x03, 0x14,
    0x00, 0xA9, 0x03, 0x84, 0x00, 0x00, 0x00, 0x00, 0x00, 0x00, 0x00, 0xFF, 0x00, 0x00, 0x00, 0x00,
    0x00, 0x01, 0x00, 0x00, 0x00, 0x2E, 0x04, 0x16, 0x00, 0x04, 0x00, 0x00, 0x00, 0x04, 0x00, 0xFF,
    0x00, 0x01, 0x00, 0x00, 0x00, 0x00, 0x00, 0x00, 0x00, 0x00, 0x00, 0x00, 0x00, 0x00, 0x00, 0x00,
    0x00, 0x00, 0x00, 0x00, 0x05, 0x05, 0x00, 0x00, 0x00, 0x00, 0x00, 0x00, 0x00, 0x00, 0x00, 0x00,
    0x00, 0x00, 0x00, 0x00, 0x00, 0x00, 0x00, 0x00, 0x00, 0x00, 0x00, 0x00, 0x00, 0x00, 0x00, 0x00,
    0x00, 0x00, 0x00, 0x00, 0x00, 0x00, 0x00, 0x00, 0x00, 0x00, 0x00, 0x00, 0x00, 0x00, 0x00, 0x00,
    0x00, 0x00, 0x00, 0x00, 0x00, 0x00, 0x00, 0x00, 0x00, 0x00, 0x00, 0x00, 0x00, 0x00, 0x00, 0x00,
    0x00, 0x00, 0x00, 0x00, 0x00, 0x00, 0x00, 0x00, 0x00, 0x00, 0x00, 0x00, 0x00, 0x00, 0x00, 0x00,
    0x00, 0x00, 0x00, 0x00, 0x00, 0x00, 0x00, 0x00, 0x00, 0x00, 0x00, 0x00, 0x00, 0x00, 0x00, 0x00,
    0x00, 0x00, 0x00, 0x00, 0x00, 0x00, 0x00, 0x00, 0x00, 0x00, 0x00, 0x00, 0x00, 0x00, 0x00, 0x00,
    0x00, 0x00, 0x00, 0x00, 0x00, 0x00, 0x00, 0x00, 0x00, 0x00, 0x00, 0x00, 0x00, 0x00, 0x00, 0x00,
    0x00, 0x00, 0x00, 0x00, 0x00, 0x00, 0x00, 0x00, 0x00, 0x00, 0x00, 0x00, 0x00, 0x00, 0x00, 0x00,
    0x00, 0x00, 0x00, 0x00, 0x00, 0x00, 0x00, 0x00, 0x00, 0x00, 0x00, 0x00, 0x00, 0x00, 0x00, 0x00,
    0x00, 0x00, 0x00, 0x00, 0x00, 0x00, 0x00, 0x00, 0x00, 0x00, 0x00, 0x00, 0x00, 0x00, 0x00, 0x00,
    0x00, 0x00, 0x00, 0x00, 0x00, 0x00, 0x00, 0x00, 0x00, 0x00, 0x00, 0x00, 0x00, 0x00, 0x00, 0x00,
    0x00, 0x00, 0x00, 0x00, 0x00, 0x00, 0x00, 0x00, 0x00, 0x00, 0x00, 0x00, 0x00, 0x00, 0x00, 0x00,
    0x00, 0x00, 0x00, 0x00, 0x00, 0x00, 0x00, 0x00, 0x00, 0x00, 0x00, 0x00, 0x00, 0x00, 0x00, 0x00,
    0x00, 0x00, 0x00, 0x00, 0x00, 0x00, 0x00, 0x00, 0x00, 0x00, 0x00, 0x00, 0x00, 0x00, 0x00, 0x00,
    0x00, 0x00, 0x00, 0x00, 0x00, 0x00, 0x00, 0x00, 0x00, 0x00, 0x00, 0x00, 0x00, 0x00, 0x00, 0x00,
    0x00, 0x00, 0x00, 0x00, 0x00, 0x00, 0x00, 0x00, 0x00, 0x00, 0x00, 0x00, 0x00, 0x05, 0xFF, 0x45,
    0x04, 0x16, 0x00, 0x5C, 0x04, 0x83, 0x00, 0x00, 0x00, 0x00, 0x00, 0x00, 0x00, 0xFF, 0x00, 0x00,
    0x00, 0x00, 0x00, 0x00, 0x00, 0x00, 0x00, 0x00, 0x00, 0x00, 0x00, 0x00, 0x00, 0x00, 0x00, 0x00,
    0x00, 0x00, 0x00, 0x00, 0x00, 0x00, 0x00, 0x00, 0x00, 0x00, 0x00, 0x00, 0x00, 0x00, 0x00, 0x00,
    0x00, 0x00, 0x00, 0x00, 0x00, 0x00, 0x00, 0x00, 0x00, 0x00, 0x00, 0x00, 0x00, 0x00, 0x00, 0x00,
    0x00, 0x00, 0x00, 0x00, 0x00, 0x00, 0x00, 0x00, 0x00, 0x00, 0x00, 0x00, 0x00, 0x00, 0x00, 0x00,
    0x00, 0x00, 0x00, 0x00, 0x00, 0x00, 0x00, 0x00, 0x00, 0x00, 0x00, 0x00, 0x00, 0x00, 0x00, 0x00,
    0x00, 0x00, 0x00, 0x00, 0x00, 0x00, 0x00, 0x00, 0x00, 0x00, 0x00, 0x00, 0x00, 0x00, 0x00, 0x00,
    0x00, 0x00, 0x00, 0x00, 0x00, 0x00, 0x00, 0x00, 0x00, 0x00, 0x00, 0x00, 0x00, 0x00, 0x00, 0x00,
    0x00, 0x00, 0x00, 0x00, 0x00, 0x00, 0x00, 0x00, 0x00, 0x00, 0x00, 0x00, 0x00, 0x00, 0x00, 0x00,
    0x00, 0x00, 0x00, 0x00, 0x00, 0x00, 0x00, 0x00, 0x00, 0x00, 0x00, 0x00, 0x00, 0x00, 0x00, 0x00,
    0x00, 0x00, 0x00, 0x00, 0x00, 0x00, 0x00, 0x00, 0x00, 0x00, 0x00, 0x00, 0x00, 0x00, 0x00, 0x00,
    0x00, 0x00, 0x00, 0x00, 0x00, 0x00, 0x00, 0x00, 0x00, 0x00, 0x00, 0x00, 0x00, 0x00, 0x00, 0x00,
    0x00, 0x00, 0x00, 0x00, 0x00, 0x00, 0x00, 0x00, 0x00, 0x00, 0x00, 0x00, 0x00, 0x00, 0x00, 0x00,
    0x00, 0x00, 0x00, 0x00, 0x00, 0x00, 0x00, 0x00, 0x00, 0x00, 0x00, 0x00, 0x00, 0x00, 0x00, 0x00,
    0x00, 0x00, 0x00, 0x00, 0x00, 0x00, 0x00, 0x00, 0x00, 0x00, 0x00, 0x00, 0x00, 0x00, 0x00, 0x00,
    0x00, 0x00, 0x00, 0x00, 0x00, 0x00, 0x00, 0x00, 0x00, 0x00, 0x00, 0x00, 0x00, 0x00, 0x00, 0x00,
    0x00, 0x00, 0x00, 0x00, 0x00, 0x00, 0x00, 0x00, 0x00, 0x00, 0x00, 0x00, 0x00, 0x00, 0x00, 0x00,
    0x00, 0x00, 0x00, 0x00, 0x00, 0x00, 0x00, 0x00, 0x00, 0x00, 0x00, 0x00, 0x00, 0x00, 0x00, 0x00,
    0x00, 0x00, 0x00, 0x00, 0x00, 0x00, 0x00, 0x00, 0x00, 0x00, 0x00, 0x00, 0x00, 0x00, 0x00, 0x00,
    0x00, 0x00, 0x00, 0x00, 0x00, 0x00, 0x00, 0x00, 0x00, 0x00, 0x00, 0x00, 0x00, 0x00, 0x00, 0x06,
    0x04, 0x03, 0x00, 0x2E, 0x23, 0x2A, 0x00, 0x00, 0x00, 0x00, 0x00, 0x00, 0x00, 0x00, 0x00, 0x00,
    0x00, 0x00, 0x00, 0x00, 0x01, 0x02, 0x00, 0x00, 0x00, 0x00, 0x00, 0x00, 0x00, 0x00, 0x00, 0x00,
    0x00, 0x00, 0x00, 0x00, 0x00, 0x13, 0x00, 0x28, 0x00, 0x00, 0x00, 0x00, 0x00, 0x00, 0x00, 0x00,
    0x00, 0x00, 0x00, 0x00, 0x00, 0x00, 0x00, 0x00, 0x00, 0x00, 0x00, 0x00, 0x00, 0x00, 0x00, 0x00,
    0x00, 0x00, 0x00, 0x10, 0x00, 0x01, 0x00, 0x01, 0x00, 0x01, 0x00, 0x01, 0x00, 0x22, 0x00, 0x01,
    0x00, 0x50, 0x06, 0x04, 0x01, 0x64, 0x00, 0x41, 0x00, 0x01, 0x00, 0x00, 0x41, 0x01, 0x73, 0x02,
    0x35, 0x35, 0x35, 0x35, 0x35, 0x40, 0x00, 0x01, 0x32, 0x00, 0x25, 0x31, 0x13, 0x00, 0x01, 0x0A,
    0x00, 0x40, 0x00, 0x11, 0x41, 0x00, 0x42, 0x01, 0x40, 0x01, 0x01, 0x03, 0x00, 0x25, 0x31, 0x03,
    0x00, 0x40, 0x00, 0x80, 0x72, 0x00, 0x35, 0x81, 0x4F, 0x66, 0x66, 0x65, 0x72, 0x74, 0x61, 0x20,
    0x61, 0x63, 0x63, 0x65, 0x74, 0x74, 0x61, 0x74, 0x61, 0x21, 0x00, 0x49, 0x6C, 0x20, 0x6D, 0x65,
    0x72, 0x63, 0x61, 0x6E, 0x74, 0x65, 0x20, 0x72, 0x69, 0x66, 0x69, 0x75, 0x74, 0x61, 0x2E, 0x00,
    0x54, 0x72, 0x61, 0x74, 0x74, 0x61, 0x74, 0x69, 0x76, 0x61, 0x20, 0x63, 0x6F, 0x6E, 0x63, 0x6C,
    0x75, 0x73, 0x61, 0x00, 0x49, 0x6C, 0x20, 0x4D, 0x65, 0x72, 0x63, 0x61, 0x74, 0x6F, 0x20, 0x64,
    0x69, 0x20, 0x50, 0x65, 0x72, 0x61, 0x00, 0x49, 0x6C, 0x20, 0x71, 0x75, 0x61, 0x72, 0x74, 0x69,
    0x65, 0x72, 0x65, 0x20, 0x76, 0x65, 0x6E, 0x65, 0x7A, 0x69, 0x61, 0x6E, 0x6F, 0x20, 0x64, 0x69,
    0x20, 0x50, 0x65, 0x72, 0x61, 0x20, 0x62, 0x72, 0x75, 0x6C, 0x69, 0x63, 0x61, 0x20, 0x64, 0x69,
    0x20, 0x6D, 0x65, 0x72, 0x63, 0x61, 0x6E, 0x74, 0x69, 0x20, 0x6C, 0x65, 0x76, 0x61, 0x6E, 0x74,
    0x69, 0x6E, 0x69, 0x2C, 0x20, 0x67, 0x72, 0x65, 0x63, 0x69, 0x20, 0x65, 0x20, 0x70, 0x65, 0x72,
    0x73, 0x69, 0x61, 0x6E, 0x69, 0x2E, 0x20, 0x50, 0x65, 0x72, 0x20, 0x61, 0x74, 0x74, 0x72, 0x61,
    0x76, 0x65, 0x72, 0x73, 0x61, 0x72, 0x65, 0x20, 0x6C, 0x27, 0x41, 0x6E, 0x61, 0x74, 0x6F, 0x6C,
    0x69, 0x61, 0x20, 0x73, 0x65, 0x72, 0x76, 0x6F, 0x6E, 0x6F, 0x20, 0x63, 0x61, 0x76, 0x61, 0x6C,
    0x6C, 0x69, 0x20, 0x72, 0x6F, 0x62, 0x75, 0x73, 0x74, 0x69, 0x2C, 0x20, 0x67, 0x75, 0x69, 0x64,
    0x65, 0x20, 0x66, 0x69, 0x64, 0x61, 0x74, 0x65, 0x20, 0x65, 0x20, 0x6D, 0x65, 0x72, 0x63, 0x69,
    0x20, 0x64, 0x61, 0x20, 0x73, 0x63, 0x61, 0x6D, 0x62, 0x69, 0x61, 0x72, 0x65, 0x2E, 0x20, 0x46,
    0x61, 0x74, 0x69, 0x6D, 0x61, 0x20, 0x73, 0x75, 0x67, 0x67, 0x65, 0x72, 0x69, 0x73, 0x63, 0x65,
    0x20, 0x64, 0x69, 0x20, 0x76, 0x65, 0x6E, 0x64, 0x65, 0x72, 0x65, 0x20, 0x70, 0x61, 0x72, 0x74,
    0x65, 0x20, 0x64, 0x65, 0x6C, 0x20, 0x70, 0x61, 0x6E, 0x6E, 0x6F, 0x20, 0x70, 0x65, 0x72, 0x20,
    0x63, 0x6F, 0x6D, 0x70, 0x72, 0x61, 0x72, 0x65, 0x20, 0x73, 0x65, 0x74, 0x61, 0x20, 0x67, 0x72,
    0x65, 0x7A, 0x7A, 0x61, 0x2E, 0x00, 0x4E, 0x65, 0x67, 0x6F, 0x7A, 0x69, 0x61, 0x72, 0x65, 0x20,
    0x63, 0x6F, 0x6E, 0x20, 0x69, 0x6C, 0x20, 0x6D, 0x65, 0x72, 0x63, 0x61, 0x6E, 0x74, 0x65, 0x20,
    0x67, 0x72, 0x65, 0x63, 0x6F, 0x00, 0x41, 0x72, 0x72, 0x75, 0x6F, 0x6C, 0x61, 0x72, 0x65, 0x20,
    0x43, 0x68, 0x65, 0x6E, 0x20, 0x63, 0x6F, 0x6D, 0x65, 0x20, 0x63, 0x61, 0x70, 0x6F, 0x20, 0x73,
    0x63, 0x6F, 0x72, 0x74, 0x61, 0x20, 0x28, 0x2D, 0x38, 0x30, 0x20, 0x66, 0x69, 0x6F, 0x72, 0x69,
    0x6E, 0x69, 0x29, 0x00, 0x52, 0x69, 0x73, 0x70, 0x61, 0x72, 0x6D, 0x69, 0x61, 0x72, 0x65, 0x20,
    0x64, 0x65, 0x6E, 0x61, 0x72, 0x6F, 0x20, 0x65, 0x20, 0x70, 0x61, 0x72, 0x74, 0x69, 0x72, 0x65,
    0x20, 0x73, 0x75, 0x62, 0x69, 0x74, 0x6F, 0x00, 0x4C, 0x61, 0x20, 0x50, 0x6F, 0x72, 0x74, 0x61,
    0x20, 0x64, 0x69, 0x20, 0x53, 0x61, 0x6E, 0x20, 0x52, 0x6F, 0x6D, 0x61, 0x6E, 0x6F, 0x00, 0x4C,
    0x61, 0x20, 0x63, 0x61, 0x72, 0x6F, 0x76, 0x61, 0x6E, 0x61, 0x20, 0x6C, 0x61, 0x73, 0x63, 0x69,
    0x61, 0x20, 0x6C, 0x65, 0x20, 0x6D, 0x75, 0x72, 0x61, 0x20, 0x74, 0x65, 0x6F, 0x64, 0x6F, 0x73,
    0x69, 0x61, 0x6E, 0x65, 0x20, 0x61, 0x6C, 0x6C, 0x65, 0x20, 0x73, 0x70, 0x61, 0x6C, 0x6C, 0x65,
    0x2E, 0x20, 0x53, 0x65, 0x69, 0x20, 0x63, 0x61, 0x76, 0x61, 0x6C, 0x6C, 0x69, 0x20, 0x64, 0x61,
    0x20, 0x73, 0x6F, 0x6D, 0x61, 0x2C, 0x20, 0x74, 0x72, 0x65, 0x20, 0x63, 0x61, 0x72, 0x72, 0x65,
    0x74, 0x74, 0x69, 0x20, 0x6C, 0x65, 0x67, 0x67, 0x65, 0x72, 0x69, 0x20, 0x65, 0x20, 0x6C, 0x65,
    0x20, 0x67, 0x75, 0x69, 0x64, 0x65, 0x20, 0x6C, 0x6F, 0x63, 0x61, 0x6C, 0x69, 0x20, 0x61, 0x70,
    0x72, 0x6F, 0x6E, 0x6F, 0x20, 0x6C, 0x61, 0x20, 0x70, 0x69, 0x73, 0x74, 0x61, 0x20, 0x76, 0x65,
    0x72, 0x73, 0x6F, 0x20, 0x67, 0x6C, 0x69, 0x20, 0x61, 0x6C, 0x74, 0x6F, 0x70, 0x69, 0x61, 0x6E,
    0x69, 0x20, 0x61, 0x6E, 0x61, 0x74, 0x6F, 0x6C, 0x69, 0x63, 0x69, 0x2E, 0x00, 0x50, 0x72, 0x65,
    0x6E, 0x64, 0x65, 0x72, 0x65, 0x20, 0x6C, 0x61, 0x20, 0x73, 0x74, 0x72, 0x61, 0x64, 0x61, 0x20,
    0x63, 0x6F, 0x73, 0x74, 0x69, 0x65, 0x72, 0x61, 0x20, 0x64, 0x65, 0x6C, 0x20, 0x4D, 0x61, 0x72,
    0x20, 0x4E, 0x65, 0x72, 0x6F, 0x00, 0x54, 0x61, 0x67, 0x6C, 0x69, 0x61, 0x72, 0x65, 0x20, 0x70,
    0x65, 0x72, 0x20, 0x6C, 0x27, 0x61, 0x6C, 0x74, 0x6F, 0x70, 0x69, 0x61, 0x6E, 0x6F, 0x20, 0x63,
    0x65, 0x6E, 0x74, 0x72, 0x61, 0x6C, 0x65, 0x00, 0x4C, 0x61, 0x20, 0x43, 0x6F, 0x73, 0x74, 0x61,
    0x20, 0x50, 0x6F, 0x6E, 0x74, 0x69, 0x63, 0x61, 0x00, 0x53, 0x63, 0x6F, 0x67, 0x6C, 0x69, 0x65,
    0x72, 0x65, 0x20, 0x62, 0x6F, 0x73, 0x63, 0x6F, 0x73, 0x65, 0x20, 0x65, 0x20, 0x76, 0x69, 0x6C,
    0x6C, 0x61, 0x67, 0x67, 0x69, 0x20, 0x64, 0x69, 0x20, 0x70, 0x65, 0x73, 0x63, 0x61, 0x74, 0x6F,
    0x72, 0x69, 0x2E, 0x20, 0x49, 0x6C, 0x20, 0x63, 0x6C, 0x69, 0x6D, 0x61, 0x20, 0x65, 0x20, 0x75,
    0x6D, 0x69, 0x64, 0x6F, 0x20, 0x65, 0x20, 0x74, 0x65, 0x6D, 0x70, 0x65, 0x72, 0x61, 0x74, 0x6F,
    0x2E, 0x20, 0x41, 0x20, 0x53, 0x69, 0x6E, 0x6F, 0x70, 0x65, 0x20, 0x75, 0x6E, 0x20, 0x70, 0x65,
    0x73, 0x63, 0x61, 0x74, 0x6F, 0x72, 0x65, 0x20, 0x6F, 0x66, 0x66, 0x72, 0x65, 0x20, 0x70, 0x65,
    0x73, 0x63, 0x65, 0x20, 0x73, 0x61, 0x6C, 0x61, 0x74, 0x6F, 0x20, 0x65, 0x20, 0x69, 0x6E, 0x66,
    0x6F, 0x72, 0x6D, 0x61, 0x7A, 0x69, 0x6F, 0x6E, 0x69, 0x20, 0x73, 0x75, 0x69, 0x20, 0x70, 0x61,
    0x73, 0x73, 0x69, 0x20, 0x6D, 0x6F, 0x6E, 0x74, 0x61, 0x6E, 0x69, 0x2E, 0x00, 0x41, 0x63, 0x71,
    0x75, 0x69, 0x73, 0x74, 0x61, 0x72, 0x65, 0x20, 0x70, 0x72, 0x6F, 0x76, 0x76, 0x69, 0x73, 0x74,
    0x65, 0x20, 0x28, 0x2D, 0x33, 0x30, 0x20, 0x66, 0x69, 0x6F, 0x72, 0x69, 0x6E, 0x69, 0x29, 0x00,
    0x50, 0x72, 0x6F, 0x73, 0x65, 0x67, 0x75, 0x69, 0x72, 0x65, 0x20, 0x76, 0x65, 0x72, 0x73, 0x6F,
    0x20, 0x54, 0x72, 0x65, 0x62, 0x69, 0x73, 0x6F, 0x6E, 0x64, 0x61, 0x00, 0x4C, 0x27, 0x41, 0x6C,
    0x74, 0x6F, 0x70, 0x69, 0x61, 0x6E, 0x6F, 0x20, 0x52, 0x6F, 0x63, 0x63, 0x69, 0x6F, 0x73, 0x6F,
    0x00, 0x56, 0x65, 0x6E, 0x74, 0x6F, 0x20, 0x67, 0x65, 0x6C, 0x69, 0x64, 0x6F, 0x20, 0x65, 0x20,
    0x73, 0x74, 0x65, 0x70, 0x70, 0x65, 0x20, 0x61, 0x72, 0x69, 0x64, 0x65, 0x2E, 0x20, 0x4C, 0x61,
    0x20, 0x63, 0x61, 0x72, 0x6F, 0x76, 0x61, 0x6E, 0x61, 0x20, 0x61, 0x76, 0x61, 0x6E, 0x7A, 0x61,
    0x20, 0x61, 0x20, 0x72, 0x69, 0x6C, 0x65, 0x6E, 0x74, 0x6F, 0x2E, 0x20, 0x43, 0x68, 0x65, 0x6E,
    0x20, 0x61, 0x76, 0x76, 0x69, 0x73, 0x74, 0x61, 0x20, 0x62, 0x72, 0x69, 0x67, 0x61, 0x6E, 0x74,
    0x69, 0x20, 0x61, 0x20, 0x63, 0x61, 0x76, 0x61, 0x6C, 0x6C, 0x6F, 0x20, 0x69, 0x6E, 0x20, 0x6C,
    0x6F, 0x6E, 0x74, 0x61, 0x6E, 0x61, 0x6E, 0x7A, 0x61, 0x2C, 0x20, 0x6D, 0x61, 0x20, 0x6C, 0x61,
    0x20, 0x73, 0x63, 0x6F, 0x72, 0x74, 0x61, 0x20, 0x6C, 0x69, 0x20, 0x73, 0x63, 0x6F, 0x72, 0x61,
    0x67, 0x67, 0x69, 0x61, 0x2E, 0x00, 0x52, 0x61, 0x67, 0x67, 0x69, 0x75, 0x6E, 0x67, 0x65, 0x72,
    0x65, 0x20, 0x54, 0x72, 0x65, 0x62, 0x69, 0x73, 0x6F, 0x6E, 0x64, 0x61, 0x00, 0x4C, 0x27, 0x49,
    0x6D, 0x70, 0x65, 0x72, 0x6F, 0x20, 0x64, 0x69, 0x20, 0x54, 0x72, 0x65, 0x62, 0x69, 0x73, 0x6F,
    0x6E, 0x64, 0x61, 0x00, 0x4C, 0x65, 0x20, 0x6D, 0x75, 0x72, 0x61, 0x20, 0x62, 0x69, 0x61, 0x6E,
    0x63, 0x68, 0x65, 0x20, 0x64, 0x69, 0x20, 0x54, 0x72, 0x65, 0x62, 0x69, 0x73, 0x6F, 0x6E, 0x64,
    0x61, 0x20, 0x73, 0x65, 0x67, 0x6E, 0x61, 0x6E, 0x6F, 0x20, 0x6C, 0x27, 0x75, 0x6C, 0x74, 0x69,
    0x6D, 0x6F, 0x20, 0x61, 0x76, 0x61, 0x6D, 0x70, 0x6F, 0x73, 0x74, 0x6F, 0x20, 0x62, 0x69, 0x7A,
    0x61, 0x6E, 0x74, 0x69, 0x6E, 0x6F, 0x2E, 0x20, 0x4F, 0x6C, 0x74, 0x72, 0x65, 0x20, 0x71, 0x75,
    0x65, 0x73, 0x74, 0x65, 0x20, 0x6D, 0x6F, 0x6E, 0x74, 0x61, 0x67, 0x6E, 0x65, 0x20, 0x73, 0x69,
    0x20, 0x73, 0x74, 0x65, 0x6E, 0x64, 0x65, 0x20, 0x6C, 0x61, 0x20, 0x50, 0x65, 0x72, 0x73, 0x69,
    0x61, 0x20, 0x64, 0x65, 0x67, 0x6C, 0x69, 0x20, 0x49, 0x6C, 0x6B, 0x68, 0x61, 0x6E, 0x20, 0x6D,
    0x6F, 0x6E, 0x67, 0x6F, 0x6C, 0x69, 0x2E, 0x00, 0x04, 0x00, 0x00, 0x00, 0x61, 0x03, 0x00, 0x00,
    0x1C, 0x00, 0x00, 0x00, 0x24, 0x05, 0x00, 0x00, 0x24, 0x05, 0x00, 0x00, 0x85, 0x08, 0x00, 0x00,
    0x85, 0x08, 0x00, 0x00, 0x00, 0xFF, 0x00, 0x00, 0x1F, 0x00, 0x20, 0x00, 0xB0, 0x00, 0x00, 0x00,
    0x00, 0x00, 0x00, 0x00, 0xFF, 0x00, 0x00, 0x00, 0x00, 0x00, 0x02, 0x00, 0x00, 0x00, 0xD1, 0x00,
    0x1B, 0x00, 0x01, 0x00, 0x00, 0x00, 0x01, 0x00, 0xFF, 0x00, 0x03, 0x00, 0x00, 0x00, 0x00, 0x00,
    0x00, 0x00, 0x00, 0x00, 0x00, 0x00, 0x00, 0x00, 0x00, 0x00, 0x00, 0x00, 0x00, 0x00, 0x00, 0x00,
    0x00, 0x01, 0x0F, 0x00, 0x00, 0x00, 0x01, 0x00, 0x00, 0x00, 0x00, 0x00, 0x00, 0x00, 0x00, 0x00,
    0x00, 0x00, 0x00, 0x00, 0x00, 0x00, 0x00, 0x00, 0x00, 0x00, 0x00, 0x00, 0xED, 0x00, 0x1E, 0x00,
    0x01, 0x00, 0x00, 0x00, 0x01, 0x00, 0xFF, 0x00, 0x00, 0x00, 0x00, 0x00, 0x00, 0x00, 0x00, 0x00,
    0x00, 0x00, 0x00, 0x00, 0x00, 0x00, 0x00, 0x00, 0x00, 0x00, 0x00, 0x00, 0x00, 0x00, 0x00, 0x00,
    0x00, 0x00, 0x00, 0x00, 0x00, 0x00, 0x00, 0x00, 0x00, 0x00, 0x00, 0x00, 0x00, 0x00, 0x00, 0x00,
    0x00, 0x00, 0x00, 0x00, 0x00, 0x00, 0x00, 0x00, 0x00, 0x00, 0x00, 0x00, 0x00, 0x00, 0x00, 0x00,
    0x00, 0x00, 0x00, 0x00, 0x00, 0x00, 0x00, 0x00, 0x00, 0x00, 0x00, 0x00, 0x00, 0x00, 0x00, 0x00,
    0x00, 0x00, 0x00, 0x00, 0x00, 0x00, 0x00, 0x00, 0x00, 0x00, 0x00, 0x00, 0x00, 0x00, 0x00, 0x00,
    0x00, 0x00, 0x00, 0x00, 0x00, 0x00, 0x00, 0x00, 0x00, 0x00, 0x00, 0x00, 0x00, 0x00, 0x00, 0x00,
    0x00, 0x00, 0x00, 0x00, 0x00, 0x00, 0x00, 0x00, 0x00, 0x00, 0x00, 0x00, 0x00, 0x00, 0x00, 0x00,
    0x00, 0x00, 0x00, 0x00, 0x00, 0x00, 0x00, 0x00, 0x00, 0x00, 0x00, 0x00, 0x00, 0x00, 0x00, 0x00,
    0x00, 0x00, 0x00, 0x00, 0x00, 0x00, 0x00, 0x00, 0x00, 0x00, 0x00, 0x00, 0x00, 0x00, 0x00, 0x00,
    0x00, 0x00, 0x00, 0x00, 0x00, 0x00, 0x00, 0x00, 0x00, 0x00, 0x00, 0x00, 0x00, 0x00, 0x00, 0x00,
    0x00, 0x00, 0x00, 0x00, 0x00, 0x00, 0x00, 0x00, 0x00, 0x00, 0x00, 0x00, 0x00, 0x00, 0x00, 0x00,
    0x00, 0x00, 0x00, 0x00, 0x00, 0x00, 0x00, 0x00, 0x00, 0x00, 0x00, 0x00, 0x00, 0x00, 0x00, 0x00,
    0x00, 0x00, 0x00, 0x00, 0x00, 0x00, 0x00, 0x00, 0x00, 0x00, 0x00, 0x00, 0x00, 0x00, 0x00, 0x00,
    0x00, 0x00, 0x00, 0x00, 0x00, 0x00, 0x00, 0xFF, 0x0C, 0x01, 0x12, 0x00, 0x1F, 0x01, 0x83, 0x00,
    0x00, 0x00, 0x00, 0x00, 0x00, 0x00, 0xFF, 0x00, 0x00, 0x00, 0x00, 0x00, 0x02, 0x00, 0x00, 0x00,
    0xA3, 0x01, 0x2B, 0x00, 0x02, 0x00, 0x00, 0x00, 0x02, 0x00, 0xFF, 0x00, 0x01, 0x00, 0x00, 0x00,
    0x00, 0x00, 0x00, 0x00, 0x00, 0x00, 0x00, 0x00, 0x00, 0x00, 0x00, 0x00, 0x00, 0x00, 0x00, 0x00,
    0xF6, 0xFF, 0x00, 0x00, 0x00, 0x00, 0x00, 0x00, 0x00, 0x00, 0x00, 0x00, 0x00, 0x00, 0x00, 0x00,
    0x00, 0x00, 0x00, 0x00, 0x00, 0x00, 0x00, 0x00, 0x00, 0x00, 0x00, 0x00, 0x00, 0x00, 0xCF, 0x01,
    0x24, 0x00, 0x02, 0x00, 0x00, 0x00, 0x02, 0x00, 0xFF, 0x00, 0x02, 0x00, 0x00, 0x00, 0x00, 0x00,
    0x00, 0x00, 0x00, 0x00, 0x00, 0x00, 0x00, 0x00, 0x00, 0x00, 0x00, 0x00, 0x00, 0x01, 0xF1, 0xFF,
    0x00, 0x00, 0xFB, 0xFF, 0x00, 0x00, 0x00, 0x00, 0x00, 0x00, 0x00, 0x00, 0x00, 0x00, 0x00, 0x00,
    0x00, 0x00, 0x00, 0x00, 0x00, 0x00, 0x00, 0x00, 0x00, 0x00, 0x00, 0x00, 0x00, 0x00, 0x00, 0x00,
    0x00, 0x00, 0x00, 0x00, 0x00, 0x00, 0x00, 0x00, 0x00, 0x00, 0x00, 0x00, 0x00, 0x00, 0x00, 0x00,
    0x00, 0x00, 0x00, 0x00, 0x00, 0x00, 0x00, 0x00, 0x00, 0x00, 0x00, 0x00, 0x00, 0x00, 0x00, 0x00,
    0x00, 0x00, 0x00, 0x00, 0x00, 0x00, 0x00, 0x00, 0x00, 0x00, 0x00, 0x00, 0x00, 0x00, 0x00, 0x00,
    0x00, 0x00, 0x00, 0x00, 0x00, 0x00, 0x00, 0x00, 0x00, 0x00, 0x00, 0x00, 0x00, 0x00, 0x00, 0x00,
    0x00, 0x00, 0x00, 0x00, 0x00, 0x00, 0x00, 0x00, 0x00, 0x00, 0x00, 0x00, 0x00, 0x00, 0x00, 0x00,
    0x00, 0x00, 0x00, 0x00, 0x00, 0x00, 0x00, 0x00, 0x00, 0x00, 0x00, 0x00, 0x00, 0x00, 0x00, 0x00,
    0x00, 0x00, 0x00, 0x00, 0x00, 0x00, 0x00, 0x00, 0x00, 0x00, 0x00, 0x00, 0x00, 0x00, 0x00, 0x00,
    0x00, 0x00, 0x00, 0x00, 0x00, 0x00, 0x00, 0x00, 0x00, 0x00, 0x00, 0x00, 0x00, 0x00, 0x00, 0x00,
    0x00, 0x00, 0x00, 0x00, 0x00, 0x00, 0x00, 0x00, 0x00, 0x00, 0x00, 0x00, 0x00, 0x00, 0x00, 0x00,
    0x00, 0x00, 0x00, 0x00, 0x00, 0x00, 0x00, 0x00, 0x00, 0x00, 0x00, 0x00, 0x00, 0x00, 0x00, 0x00,
    0x00, 0x00, 0x00, 0x00, 0x00, 0x00, 0x00, 0x00, 0x00, 0xFF, 0xF4, 0x01, 0x0F, 0x00, 0x04, 0x02,
    0xA7, 0x00, 0x00, 0x00, 0x00, 0x00, 0x00, 0x00, 0xFF, 0x00, 0x00, 0x00, 0x00, 0x00, 0x01, 0x00,
    0x00, 0x00, 0xAC, 0x02, 0x10, 0x00, 0x03, 0x00, 0x00, 0x00, 0x03, 0x00, 0xFF, 0x00, 0x00, 0x00,
    0x00, 0x00, 0x00, 0x00, 0x00, 0x00, 0x00, 0x00, 0x00, 0x00, 0x00, 0x00, 0x00, 0x00, 0x00, 0x00,
    0x00, 0x00, 0x00, 0x00, 0x00, 0x00, 0x00, 0x00, 0x00, 0x00, 0x00, 0x00, 0x00, 0x00, 0x00, 0x00,
    0x00, 0x00, 0x00, 0x00, 0x00, 0x00, 0x00, 0x00, 0x00, 0x00, 0x00, 0x00, 0x00, 0x00, 0x00, 0x00,
    0x00, 0x00, 0x00, 0x00, 0x00, 0x00, 0x00, 0x00, 0x00, 0x00, 0x00, 0x00, 0x00, 0x00, 0x00, 0x00,
    0x00, 0x00, 0x00, 0x00, 0x00, 0x00, 0x00, 0x00, 0x00, 0x00, 0x00, 0x00, 0x00, 0x00, 0x00, 0x00,
    0x00, 0x00, 0x00, 0x00, 0x00, 0x00, 0x00, 0x00, 0x00, 0x00, 0x00, 0x00, 0x00, 0x00, 0x00, 0x00,
    0x00, 0x00, 0x00, 0x00, 0x00, 0x00, 0x00, 0x00, 0x00, 0x00, 0x00, 0x00, 0x00, 0x00, 0x00, 0x00,
    0x00, 0x00, 0x00, 0x00, 0x00, 0x00, 0x00, 0x00, 0x00, 0x00, 0x00, 0x00, 0x00, 0x00, 0x00, 0x00,
    0x00, 0x00, 0x00, 0x00, 0x00, 0x00, 0x00, 0x00, 0x00, 0x00, 0x00, 0x00, 0x00, 0x00, 0x00, 0x00,
    0x00, 0x00, 0x00, 0x00, 0x00, 0x00, 0x00, 0x00, 0x00, 0x00, 0x00, 0x00, 0x00, 0x00, 0x00, 0x00,
    0x00, 0x00, 0x00, 0x00, 0x00, 0x00, 0x00, 0x00, 0x00, 0x00, 0x00, 0x00, 0x00, 0x00, 0x00, 0x00,
    0x00, 0x00, 0x00, 0x00, 0x00, 0x00, 0x00, 0x00, 0x00, 0x00, 0x00, 0x00, 0x00, 0x00, 0x00, 0x00,
    0x00, 0x00, 0x00, 0x00, 0x00, 0x00, 0x00, 0x00, 0x00, 0x00, 0x00, 0x00, 0x00, 0x00, 0x00, 0x00,
    0x00, 0x00, 0x00, 0x00, 0x00, 0x00, 0x00, 0x00, 0x00, 0x00, 0x00, 0x00, 0x00, 0x00, 0x00, 0x00,
    0x00, 0x00, 0x00, 0x00, 0x00, 0x00, 0x00, 0x00, 0x00, 0x00, 0x00, 0x00, 0x00, 0x00, 0x00, 0x00,
    0x00, 0x00, 0x00, 0x00, 0x00, 0x00, 0x00, 0x00, 0x00, 0x00, 0x00, 0x00, 0x00, 0x00, 0x00, 0x00,
    0x00, 0x00, 0x00, 0x00, 0x00, 0x00, 0x00, 0x00, 0x00, 0x00, 0x00, 0x00, 0x00, 0x00, 0x00, 0x00,
    0x00, 0x00, 0x00, 0x00, 0x00, 0x00, 0x00, 0x00, 0x00, 0x00, 0x05, 0xFF, 0xBD, 0x02, 0x0F, 0x00,
    0xCD, 0x02, 0x93, 0x00, 0x00, 0x00, 0x00, 0x00, 0x00, 0x00, 0xFF, 0x00, 0x00, 0x00, 0x00, 0x00,
    0x00, 0x00, 0x00, 0x00, 0x00, 0x00, 0x00, 0x00, 0x00, 0x00, 0x00, 0x00, 0x00, 0x00, 0x00, 0x00,
    0x00, 0x00, 0x00, 0x00, 0x00, 0x00, 0x00, 0x00, 0x00, 0x00, 0x00, 0x00, 0x00, 0x00, 0x00, 0x00,
    0x00, 0x00, 0x00, 0x00, 0x00, 0x00, 0x00, 0x00, 0x00, 0x00, 0x00, 0x00, 0x00, 0x00, 0x00, 0x00,
    0x00, 0x00, 0x00, 0x00, 0x00, 0x00, 0x00, 0x00, 0x00, 0x00, 0x00, 0x00, 0x00, 0x00, 0x00, 0x00,
    0x00, 0x00, 0x00, 0x00, 0x00, 0x00, 0x00, 0x00, 0x00, 0x00, 0x00, 0x00, 0x00, 0x00, 0x00, 0x00,
    0x00, 0x00, 0x00, 0x00, 0x00, 0x00, 0x00, 0x00, 0x00, 0x00, 0x00, 0x00, 0x00, 0x00, 0x00, 0x00,
    0x00, 0x00, 0x00, 0x00, 0x00, 0x00, 0x00, 0x00, 0x00, 0x00, 0x00, 0x00, 0x00, 0x00, 0x00, 0x00,
    0x00, 0x00, 0x00, 0x00, 0x00, 0x00, 0x00, 0x00, 0x00, 0x00, 0x00, 0x00, 0x00, 0x00, 0x00, 0x00,
    0x00, 0x00, 0x00, 0x00, 0x00, 0x00, 0x00, 0x00, 0x00, 0x00, 0x00, 0x00, 0x00, 0x00, 0x00, 0x00,
    0x00, 0x00, 0x00, 0x00, 0x00, 0x00, 0x00, 0x00, 0x00, 0x00, 0x00, 0x00, 0x00, 0x00, 0x00, 0x00,
    0x00, 0x00, 0x00, 0x00, 0x00, 0x00, 0x00, 0x00, 0x00, 0x00, 0x00, 0x00, 0x00, 0x00, 0x00, 0x00,
    0x00, 0x00, 0x00, 0x00, 0x00, 0x00, 0x00, 0x00, 0x00, 0x00, 0x00, 0x00, 0x00, 0x00, 0x00, 0x00,
    0x00, 0x00, 0x00, 0x00, 0x00, 0x00, 0x00, 0x00, 0x00, 0x00, 0x00, 0x00, 0x00, 0x00, 0x00, 0x00,
    0x00, 0x00, 0x00, 0x00, 0x00, 0x00, 0x00, 0x00, 0x00, 0x00, 0x00, 0x00, 0x00, 0x00, 0x00, 0x00,
    0x00, 0x00, 0x00, 0x00, 0x00, 0x00, 0x00, 0x00, 0x00, 0x00, 0x00, 0x00, 0x00, 0x00, 0x00, 0x00,
    0x00, 0x00, 0x00, 0x00, 0x00, 0x00, 0x00, 0x00, 0x00, 0x00, 0x00, 0x00, 0x00, 0x00, 0x00, 0x00,
    0x00, 0x00, 0x00, 0x00, 0x00, 0x00, 0x00, 0x00, 0x00, 0x00, 0x00, 0x00, 0x00, 0x00, 0x00, 0x00,
    0x00, 0x00, 0x00, 0x00, 0x00, 0x00, 0x00, 0x00, 0x00, 0x00, 0x00, 0x00, 0x00, 0x00, 0x00, 0x00,
    0x00, 0x00, 0x00, 0x00, 0x00, 0x00, 0x00, 0x00, 0x00, 0x00, 0x00, 0x00, 0x4C, 0x61, 0x20, 0x4C,
    0x6F, 0x63, 0x61, 0x6E, 0x64, 0x61, 0x20, 0x64, 0x65, 0x6C, 0x20, 0x43, 0x61, 0x72, 0x61, 0x76,
    0x61, 0x6E, 0x73, 0x65, 0x72, 0x72, 0x61, 0x67, 0x6C, 0x69, 0x6F, 0x00, 0x41, 0x20, 0x54, 0x72,
    0x65, 0x62, 0x69, 0x73, 0x6F, 0x6E, 0x64, 0x61, 0x20, 0x69, 0x6E, 0x63, 0x6F, 0x6E, 0x74, 0x72,
    0x61, 0x74, 0x65, 0x20, 0x59, 0x75, 0x73, 0x75, 0x66, 0x2C, 0x20, 0x75, 0x6E, 0x20, 0x6D, 0x65,
    0x64, 0x69, 0x63, 0x6F, 0x20, 0x61, 0x72, 0x61, 0x62, 0x6F, 0x20, 0x63, 0x68, 0x65, 0x20, 0x63,
    0x6F, 0x6E, 0x6F, 0x73, 0x63, 0x65, 0x20, 0x6C, 0x65, 0x20, 0x6C, 0x69, 0x6E, 0x67, 0x75, 0x65,
    0x20, 0x6F, 0x72, 0x69, 0x65, 0x6E, 0x74, 0x61, 0x6C, 0x69, 0x20, 0x65, 0x20, 0x6C, 0x65, 0x20,
    0x65, 0x72, 0x62, 0x65, 0x20, 0x63, 0x75, 0x72, 0x61, 0x74, 0x69, 0x76, 0x65, 0x20, 0x64, 0x65,
    0x6C, 0x20, 0x43, 0x61, 0x75, 0x63, 0x61, 0x73, 0x6F, 0x2E, 0x20, 0x43, 0x68, 0x69, 0x65, 0x64,
    0x65, 0x20, 0x64, 0x69, 0x20, 0x75, 0x6E, 0x69, 0x72, 0x73, 0x69, 0x20, 0x61, 0x6C, 0x6C, 0x61,
    0x20, 0x63, 0x61, 0x72, 0x6F, 0x76, 0x61, 0x6E, 0x61, 0x20, 0x69, 0x6E, 0x20, 0x63, 0x61, 0x6D,
    0x62, 0x69, 0x6F, 0x20, 0x64, 0x65, 0x69, 0x20, 0x73, 0x75, 0x6F, 0x69, 0x20, 0x73, 0x65, 0x72,
    0x76, 0x69, 0x67, 0x69, 0x20, 0x6D, 0x65, 0x64, 0x69, 0x63, 0x69, 0x2E, 0x00, 0x41, 0x63, 0x63,
    0x6F, 0x67, 0x6C, 0x69, 0x65, 0x72, 0x65, 0x20, 0x59, 0x75, 0x73, 0x75, 0x66, 0x20, 0x6E, 0x65,
    0x6C, 0x20, 0x67, 0x72, 0x75, 0x70, 0x70, 0x6F, 0x00, 0x52, 0x69, 0x66, 0x69, 0x75, 0x74, 0x61,
    0x72, 0x65, 0x20, 0x65, 0x20, 0x70, 0x72, 0x6F, 0x73, 0x65, 0x67, 0x75, 0x69, 0x72, 0x65, 0x20,
    0x64, 0x61, 0x20, 0x73, 0x6F, 0x6C, 0x69, 0x00, 0x49, 0x6C, 0x20, 0x50, 0x61, 0x73, 0x73, 0x6F,
    0x20, 0x64, 0x69, 0x20, 0x5A, 0x69, 0x67, 0x61, 0x6E, 0x61, 0x00, 0x4C, 0x61, 0x20, 0x73, 0x61,
    0x6C, 0x69, 0x74, 0x61, 0x20, 0x76, 0x65, 0x72, 0x73, 0x6F, 0x20, 0x69, 0x6C, 0x20, 0x70, 0x61,
    0x73, 0x73, 0x6F, 0x20, 0x6D, 0x6F, 0x6E, 0x74, 0x61, 0x6E, 0x6F, 0x20, 0x61, 0x20, 0x32, 0x30,
    0x30, 0x30, 0x20, 0x6D, 0x65, 0x74, 0x72, 0x69, 0x20, 0x65, 0x20, 0x69, 0x6D, 0x70, 0x65, 0x72,
    0x76, 0x69, 0x61, 0x2E, 0x20, 0x4E, 0x65, 0x76, 0x65, 0x20, 0x70, 0x72, 0x65, 0x63, 0x6F, 0x63,
    0x65, 0x20, 0x63, 0x6F, 0x70, 0x72, 0x65, 0x20, 0x69, 0x20, 0x73, 0x65, 0x6E, 0x74, 0x69, 0x65,
    0x72, 0x69, 0x2E, 0x20, 0x55, 0x6E, 0x20, 0x6D, 0x75, 0x6C, 0x6F, 0x20, 0x73, 0x63, 0x69, 0x76,
    0x6F, 0x6C, 0x61, 0x20, 0x73, 0x75, 0x20, 0x75, 0x6E, 0x61, 0x20, 0x6C, 0x61, 0x73, 0x74, 0x72,
    0x61, 0x20, 0x64, 0x69, 0x20, 0x67, 0x68, 0x69, 0x61, 0x63, 0x63, 0x69, 0x6F, 0x2E, 0x00, 0x46,
    0x65, 0x72, 0x6D, 0x61, 0x72, 0x73, 0x69, 0x20, 0x70, 0x65, 0x72, 0x20, 0x6D, 0x65, 0x74, 0x74,
    0x65, 0x72, 0x65, 0x20, 0x69, 0x6E, 0x20, 0x73, 0x69, 0x63, 0x75, 0x72, 0x65, 0x7A, 0x7A, 0x61,
    0x20, 0x69, 0x6C, 0x20, 0x63, 0x61, 0x72, 0x69, 0x63, 0x6F, 0x00, 0x46, 0x6F, 0x72, 0x7A, 0x61,
    0x72, 0x65, 0x20, 0x6C, 0x61, 0x20, 0x6D, 0x61, 0x72, 0x63, 0x69, 0x61, 0x20, 0x70, 0x72, 0x69,
    0x6D, 0x61, 0x20, 0x64, 0x65, 0x6C, 0x6C, 0x61, 0x20, 0x62, 0x75, 0x66, 0x65, 0x72, 0x61, 0x00,
    0x56, 0x65, 0x72, 0x73, 0x6F, 0x20, 0x6C, 0x61, 0x20, 0x50, 0x65, 0x72, 0x73, 0x69, 0x61, 0x00,
    0x53, 0x63, 0x65, 0x6E, 0x64, 0x65, 0x6E, 0x64, 0x6F, 0x20, 0x64, 0x61, 0x6C, 0x6C, 0x65, 0x20,
    0x6D, 0x6F, 0x6E, 0x74, 0x61, 0x67, 0x6E, 0x65, 0x20, 0x61, 0x72, 0x6D, 0x65, 0x6E, 0x65, 0x2C,
    0x20, 0x6C, 0x61, 0x20, 0x74, 0x65, 0x72, 0x72, 0x61, 0x20, 0x73, 0x69, 0x20, 0x61, 0x70, 0x72,
    0x65, 0x20, 0x69, 0x6E, 0x20, 0x67, 0x72, 0x61, 0x6E, 0x64, 0x69, 0x20, 0x70, 0x69, 0x61, 0x6E,
    0x75, 0x72, 0x65, 0x2E, 0x20, 0x49, 0x6E, 0x20, 0x6C, 0x6F, 0x6E, 0x74, 0x61, 0x6E, 0x61, 0x6E,
    0x7A, 0x61, 0x20, 0x62, 0x72, 0x69, 0x6C, 0x6C, 0x61, 0x6E, 0x6F, 0x20, 0x6C, 0x65, 0x20, 0x63,
    0x75, 0x70, 0x6F, 0x6C, 0x65, 0x20, 0x74, 0x75, 0x72, 0x63, 0x68, 0x65, 0x73, 0x69, 0x20, 0x65,
    0x20, 0x69, 0x20, 0x6D, 0x69, 0x6E, 0x61, 0x72, 0x65, 0x74, 0x69, 0x20, 0x64, 0x69, 0x20, 0x54,
    0x61, 0x62, 0x72, 0x69, 0x7A, 0x2C, 0x20, 0x63, 0x61, 0x70, 0x69, 0x74, 0x61, 0x6C, 0x65, 0x20,
    0x64, 0x65, 0x6C, 0x6C, 0x27, 0x49, 0x6C, 0x6B, 0x68, 0x61, 0x6E, 0x61, 0x74, 0x6F, 0x20, 0x6D,
    0x6F, 0x6E, 0x67, 0x6F, 0x6C, 0x6F, 0x2E, 0x00, 0x45, 0x6E, 0x74, 0x72, 0x61, 0x72, 0x65, 0x20,
    0x61, 0x20, 0x54, 0x61, 0x62, 0x72, 0x69, 0x7A, 0x00, 0x41, 0x72, 0x72, 0x69, 0x76, 0x6F, 0x20,
    0x61, 0x20, 0x54, 0x61, 0x62, 0x72, 0x69, 0x7A, 0x00, 0x54, 0x61, 0x62, 0x72, 0x69, 0x7A, 0x20,
    0x65, 0x20, 0x75, 0x6E, 0x20, 0x63, 0x72, 0x6F, 0x63, 0x65, 0x76, 0x69, 0x61, 0x20, 0x63, 0x6F,
    0x6C, 0x6F, 0x73, 0x73, 0x61, 0x6C, 0x65, 0x20, 0x64, 0x69, 0x20, 0x6D, 0x65, 0x72, 0x63, 0x61,
    0x6E, 0x7A, 0x69, 0x65, 0x20, 0x64, 0x61, 0x20, 0x6F, 0x67, 0x6E, 0x69, 0x20, 0x61, 0x6E, 0x67,
    0x6F, 0x6C, 0x6F, 0x20, 0x64, 0x65, 0x6C, 0x20, 0x6D, 0x6F, 0x6E, 0x64, 0x6F, 0x20, 0x6E, 0x6F,
    0x74, 0x6F, 0x2E, 0x20, 0x51, 0x75, 0x69, 0x20, 0x73, 0x69, 0x20, 0x69, 0x6E, 0x63, 0x6F, 0x6E,
    0x74, 0x72, 0x61, 0x6E, 0x6F, 0x20, 0x6C, 0x65, 0x20, 0x63, 0x61, 0x72, 0x6F, 0x76, 0x61, 0x6E,
    0x65, 0x20, 0x64, 0x65, 0x6C, 0x6C, 0x27, 0x49, 0x6E, 0x64, 0x69, 0x61, 0x2C, 0x20, 0x64, 0x65,
    0x6C, 0x6C, 0x61, 0x20, 0x43, 0x69, 0x6E, 0x61, 0x20, 0x65, 0x20, 0x64, 0x65, 0x6C, 0x20, 0x4D,
    0x65, 0x64, 0x69, 0x74, 0x65, 0x72, 0x72, 0x61, 0x6E, 0x65, 0x6F, 0x2E, 0x00, 0x03, 0x00, 0x00,
    0x00, 0x93, 0x02, 0x00, 0x00, 0x1C, 0x00, 0x00, 0x00, 0xE2, 0x03, 0x00, 0x00, 0xE2, 0x03, 0x00,
    0x00, 0x75, 0x06, 0x00, 0x00, 0x75, 0x06, 0x00, 0x00, 0x00, 0xFF, 0x00, 0x00, 0x12, 0x00, 0x13,
    0x00, 0xE4, 0x00, 0x00, 0x00, 0x00, 0x00, 0x00, 0x00, 0xFF, 0x00, 0x00, 0x00, 0x00, 0x00, 0x02,
    0x00, 0x00, 0x00, 0xF8, 0x00, 0x29, 0x00, 0x01, 0x00, 0x00, 0x00, 0x01, 0x00, 0xFF, 0x00, 0x03,
    0x00, 0x00, 0x00, 0x00, 0x00, 0x00, 0x00, 0x00, 0x00, 0x00, 0x00, 0x00, 0x00, 0x00, 0x00, 0x00,
    0x00, 0x00, 0x02, 0x96, 0x00, 0x00, 0x03, 0x0A, 0x00, 0x00, 0x04, 0x08, 0x00, 0x00, 0x00, 0x00,
    0x00, 0x00, 0x00, 0x00, 0x00, 0x00, 0x00, 0x00, 0x00, 0x00, 0x00, 0x00, 0x00, 0x00, 0x00, 0x00,
    0x00, 0x22, 0x01, 0x39, 0x00, 0x01, 0x00, 0x00, 0x00, 0x01, 0x00, 0xFF, 0x01, 0x02, 0x00, 0x00,
    0x02, 0x78, 0x00, 0x00, 0x00, 0x00, 0x00, 0x00, 0x00, 0x00, 0x00, 0x00, 0x00, 0x00, 0x00, 0x00,
    0x02, 0x88, 0xFF, 0x00, 0x00, 0x01, 0x00, 0x00, 0x00, 0x00, 0x00, 0x00, 0x00, 0x00, 0x00, 0x00,
    0x00, 0x00, 0x00, 0x00, 0x00, 0x00, 0x00, 0x00, 0x00, 0x00, 0x00, 0x00, 0x00, 0x00, 0x00, 0x00,
    0x00, 0x00, 0x00, 0x00, 0x00, 0x00, 0x00, 0x00, 0x00, 0x00, 0x00, 0x00, 0x00, 0x00, 0x00, 0x00,
    0x00, 0x00, 0x00, 0x00, 0x00, 0x00, 0x00, 0x00, 0x00, 0x00, 0x00, 0x00, 0x00, 0x00, 0x00, 0x00,
    0x00, 0x00, 0x00, 0x00, 0x00, 0x00, 0x00, 0x00, 0x00, 0x00, 0x00, 0x00, 0x00, 0x00, 0x00, 0x00,
    0x00, 0x00, 0x00, 0x00, 0x00, 0x00, 0x00, 0x00, 0x00, 0x00, 0x00, 0x00, 0x00, 0x00, 0x00, 0x00,
    0x00, 0x00, 0x00, 0x00, 0x00, 0x00, 0x00, 0x00, 0x00, 0x00, 0x00, 0x00, 0x00, 0x00, 0x00, 0x00,
    0x00, 0x00, 0x00, 0x00, 0x00, 0x00, 0x00, 0x00, 0x00, 0x00, 0x00, 0x00, 0x00, 0x00, 0x00, 0x00,
    0x00, 0x00, 0x00, 0x00, 0x00, 0x00, 0x00, 0x00, 0x00, 0x00, 0x00, 0x00, 0x00, 0x00, 0x00, 0x00,
    0x00, 0x00, 0x00, 0x00, 0x00, 0x00, 0x00, 0x00, 0x00, 0x00, 0x00, 0x00, 0x00, 0x00, 0x00, 0x00,
    0x00, 0x00, 0x00, 0x00, 0x00, 0x00, 0x00, 0x00, 0x00, 0x00, 0x00, 0x00, 0x00, 0x00, 0x00, 0x00,
    0x00, 0x00, 0x00, 0x00, 0x00, 0x00, 0x00, 0x00, 0x00, 0x00, 0x00, 0x00, 0x00, 0x00, 0x00, 0x00,
    0x00, 0x00, 0x00, 0x00, 0x00, 0x00, 0x00, 0x00, 0x00, 0x00, 0x00, 0x00, 0xFF, 0x5C, 0x01, 0x12,
    0x00, 0x6F, 0x01, 0x77, 0x00, 0x00, 0x00, 0x00, 0x00, 0x00, 0x00, 0xFF, 0x00, 0x00, 0x00, 0x00,
    0x00, 0x01, 0x00, 0x00, 0x00, 0xE7, 0x01, 0x21, 0x00, 0x02, 0x00, 0x00, 0x00, 0x02, 0x00, 0xFF,
    0x00, 0x01, 0x00, 0x00, 0x00, 0x00, 0x00, 0x00, 0x00, 0x00, 0x00, 0x00, 0x00, 0x00, 0x00, 0x00,
    0x00, 0x00, 0x00, 0x00, 0x00, 0xF1, 0xFF, 0x00, 0x00, 0x00, 0x00, 0x00, 0x00, 0x00, 0x00, 0x00,
    0x00, 0x00, 0x00, 0x00, 0x00, 0x00, 0x00, 0x00, 0x00, 0x00, 0x00, 0x00, 0x00, 0x00, 0x00, 0x00,
    0x00, 0x00, 0x00, 0x00, 0x00, 0x00, 0x00, 0x00, 0x00, 0x00, 0x00, 0x00, 0x00, 0x00, 0x00, 0x00,
    0x00, 0x00, 0x00, 0x00, 0x00, 0x00, 0x00, 0x00, 0x00, 0x00, 0x00, 0x00, 0x00, 0x00, 0x00, 0x00,
    0x00, 0x00, 0x00, 0x00, 0x00, 0x00, 0x00, 0x00, 0x00, 0x00, 0x00, 0x00, 0x00, 0x00, 0x00, 0x00,
    0x00, 0x00, 0x00, 0x00, 0x00, 0x00, 0x00, 0x00, 0x00, 0x00, 0x00, 0x00, 0x00, 0x00, 0x00, 0x00,
    0x00, 0x00, 0x00, 0x00, 0x00, 0x00, 0x00, 0x00, 0x00, 0x00, 0x00, 0x00, 0x00, 0x00, 0x00, 0x00,
    0x00, 0x00, 0x00, 0x00, 0x00, 0x00, 0x00, 0x00, 0x00, 0x00, 0x00, 0x00, 0x00, 0x00, 0x00, 0x00,
    0x00, 0x00, 0x00, 0x00, 0x00, 0x00, 0x00, 0x00, 0x00, 0x00, 0x00, 0x00, 0x00, 0x00, 0x00, 0x00,
    0x00, 0x00, 0x00, 0x00, 0x00, 0x00, 0x00, 0x00, 0x00, 0x00, 0x00, 0x00, 0x00, 0x00, 0x00, 0x00,
    0x00, 0x00, 0x00, 0x00, 0x00, 0x00, 0x00, 0x00, 0x00, 0x00, 0x00, 0x00, 0x00, 0x00, 0x00, 0x00,
    0x00, 0x00, 0x00, 0x00, 0x00, 0x00, 0x00, 0x00, 0x00, 0x00, 0x00, 0x00, 0x00, 0x00, 0x00, 0x00,
    0x00, 0x00, 0x00, 0x00, 0x00, 0x00, 0x00, 0x00, 0x00, 0x00, 0x00, 0x00, 0x00, 0x00, 0x00, 0x00,
    0x00, 0x00, 0x00, 0x00, 0x00, 0x00, 0x00, 0x00, 0x00, 0x00, 0x00, 0x00, 0x00, 0x00, 0x00, 0x00,
    0x00, 0x00, 0x00, 0x00, 0x00, 0x00, 0x00, 0x00, 0x00, 0x00, 0x00, 0x00, 0x00, 0x00, 0x00, 0x00,
    0x00, 0x00, 0x00, 0x00, 0x00, 0x00, 0x00, 0x00, 0x00, 0x00, 0x00, 0x00, 0x00, 0x00, 0x00, 0x00,
    0x00, 0x00, 0x00, 0x00, 0x00, 0x00, 0x00, 0x00, 0x00, 0x00, 0x00, 0x00, 0x00, 0x05, 0xFF, 0x09,
    0x02, 0x10, 0x00, 0x1A, 0x02, 0x78, 0x00, 0x00, 0x00, 0x00, 0x00, 0x00, 0x00, 0xFF, 0x00, 0x00,
    0x00, 0x00, 0x00, 0x00, 0x00, 0x00, 0x00, 0x00, 0x00, 0x00, 0x00, 0x00, 0x00, 0x00, 0x00, 0x00,
    0x00, 0x00, 0x00, 0x00, 0x00, 0x00, 0x00, 0x00, 0x00, 0x00, 0x00, 0x00, 0x00, 0x00, 0x00, 0x00,
    0x00, 0x00, 0x00, 0x00, 0x00, 0x00, 0x00, 0x00, 0x00, 0x00, 0x00, 0x00, 0x00, 0x00, 0x00, 0x00,
    0x00, 0x00, 0x00, 0x00, 0x00, 0x00, 0x00, 0x00, 0x00, 0x00, 0x00, 0x00, 0x00, 0x00, 0x00, 0x00,
    0x00, 0x00, 0x00, 0x00, 0x00, 0x00, 0x00, 0x00, 0x00, 0x00, 0x00, 0x00, 0x00, 0x00, 0x00, 0x00,
    0x00, 0x00, 0x00, 0x00, 0x00, 0x00, 0x00, 0x00, 0x00, 0x00, 0x00, 0x00, 0x00, 0x00, 0x00, 0x00,
    0x00, 0x00, 0x00, 0x00, 0x00, 0x00, 0x00, 0x00, 0x00, 0x00, 0x00, 0x00, 0x00, 0x00, 0x00, 0x00,
    0x00, 0x00, 0x00, 0x00, 0x00, 0x00, 0x00, 0x00, 0x00, 0x00, 0x00, 0x00, 0x00, 0x00, 0x00, 0x00,
    0x00, 0x00, 0x00, 0x00, 0x00, 0x00, 0x00, 0x00, 0x00, 0x00, 0x00, 0x00, 0x00, 0x00, 0x00, 0x00,
    0x00, 0x00, 0x00, 0x00, 0x00, 0x00, 0x00, 0x00, 0x00, 0x00, 0x00, 0x00, 0x00, 0x00, 0x00, 0x00,
    0x00, 0x00, 0x00, 0x00, 0x00, 0x00, 0x00, 0x00, 0x00, 0x00, 0x00, 0x00, 0x00, 0x00, 0x00, 0x00,
    0x00, 0x00, 0x00, 0x00, 0x00, 0x00, 0x00, 0x00, 0x00, 0x00, 0x00, 0x00, 0x00, 0x00, 0x00, 0x00,
    0x00, 0x00, 0x00, 0x00, 0x00, 0x00, 0x00, 0x00, 0x00, 0x00, 0x00, 0x00, 0x00, 0x00, 0x00, 0x00,
    0x00, 0x00, 0x00, 0x00, 0x00, 0x00, 0x00, 0x00, 0x00, 0x00, 0x00, 0x00, 0x00, 0x00, 0x00, 0x00,
    0x00, 0x00, 0x00, 0x00, 0x00, 0x00, 0x00, 0x00, 0x00, 0x00, 0x00, 0x00, 0x00, 0x00, 0x00, 0x00,
    0x00, 0x00, 0x00, 0x00, 0x00, 0x00, 0x00, 0x00, 0x00, 0x00, 0x00, 0x00, 0x00, 0x00, 0x00, 0x00,
    0x00, 0x00, 0x00, 0x00, 0x00, 0x00, 0x00, 0x00, 0x00, 0x00, 0x00, 0x00, 0x00, 0x00, 0x00, 0x00,
    0x00, 0x00, 0x00, 0x00, 0x00, 0x00, 0x00, 0x00, 0x00, 0x00, 0x00, 0x00, 0x00, 0x00, 0x00, 0x00,
    0x00, 0x00, 0x00, 0x00, 0x00, 0x00, 0x00, 0x00, 0x00, 0x00, 0x00, 0x00, 0x00, 0x00, 0x00, 0x49,
    0x6C, 0x20, 0x4D, 0x65, 0x72, 0x63, 0x61, 0x74, 0x6F, 0x20, 0x43, 0x6F, 0x70, 0x65, 0x72, 0x74,
    0x6F, 0x00, 0x49, 0x6C, 0x20, 0x6C, 0x61, 0x62, 0x69, 0x72, 0x69, 0x6E, 0x74, 0x6F, 0x20, 0x64,
    0x65, 0x6C, 0x20, 0x62, 0x61, 0x7A, 0x61, 0x72, 0x20, 0x63, 0x6F, 0x70, 0x65, 0x72, 0x74, 0x6F,
    0x20, 0x64, 0x69, 0x20, 0x54, 0x61, 0x62, 0x72, 0x69, 0x7A, 0x20, 0x65, 0x20, 0x6C, 0x75, 0x6E,
    0x67, 0x6F, 0x20, 0x63, 0x68, 0x69, 0x6C, 0x6F, 0x6D, 0x65, 0x74, 0x72, 0x69, 0x2E, 0x20, 0x49,
    0x20, 0x62, 0x61, 0x6E, 0x63, 0x68, 0x69, 0x20, 0x73, 0x6F, 0x6E, 0x6F, 0x20, 0x63, 0x6F, 0x6C,
    0x6D, 0x69, 0x20, 0x64, 0x69, 0x20, 0x74, 0x61, 0x70, 0x70, 0x65, 0x74, 0x69, 0x20, 0x70, 0x72,
    0x65, 0x7A, 0x69, 0x6F, 0x73, 0x69, 0x2C, 0x20, 0x6C, 0x61, 0x70, 0x69, 0x73, 0x6C, 0x61, 0x7A,
    0x7A, 0x75, 0x6C, 0x69, 0x2C, 0x20, 0x73, 0x70, 0x65, 0x7A, 0x69, 0x65, 0x20, 0x69, 0x6E, 0x64,
    0x69, 0x61, 0x6E, 0x65, 0x20, 0x65, 0x20, 0x73, 0x65, 0x74, 0x65, 0x20, 0x63, 0x69, 0x6E, 0x65,
    0x73, 0x69, 0x2E, 0x20, 0x46, 0x61, 0x74, 0x69, 0x6D, 0x61, 0x20, 0x65, 0x20, 0x6E, 0x65, 0x6C,
    0x20, 0x73, 0x75, 0x6F, 0x20, 0x65, 0x6C, 0x65, 0x6D, 0x65, 0x6E, 0x74, 0x6F, 0x3A, 0x20, 0x27,
    0x51, 0x75, 0x69, 0x20, 0x70, 0x6F, 0x73, 0x73, 0x69, 0x61, 0x6D, 0x6F, 0x20, 0x72, 0x61, 0x64,
    0x64, 0x6F, 0x70, 0x70, 0x69, 0x61, 0x72, 0x65, 0x20, 0x69, 0x6C, 0x20, 0x76, 0x61, 0x6C, 0x6F,
    0x72, 0x65, 0x20, 0x64, 0x65, 0x6C, 0x20, 0x6E, 0x6F, 0x73, 0x74, 0x72, 0x6F, 0x20, 0x63, 0x61,
    0x72, 0x69, 0x63, 0x6F, 0x2E, 0x27, 0x00, 0x56, 0x65, 0x6E, 0x64, 0x65, 0x72, 0x65, 0x20, 0x69,
    0x6C, 0x20, 0x70, 0x61, 0x6E, 0x6E, 0x6F, 0x20, 0x65, 0x20, 0x63, 0x6F, 0x6D, 0x70, 0x72, 0x61,
    0x72, 0x65, 0x20, 0x73, 0x70, 0x65, 0x7A, 0x69, 0x65, 0x20, 0x65, 0x20, 0x73, 0x65, 0x74, 0x61,
    0x00, 0x43, 0x6F, 0x6D, 0x70, 0x72, 0x61, 0x72, 0x65, 0x20, 0x63, 0x61, 0x6D, 0x6D, 0x65, 0x6C,
    0x6C, 0x69, 0x20, 0x62, 0x61, 0x74, 0x74, 0x72, 0x69, 0x61, 0x6E, 0x69, 0x20, 0x70, 0x65, 0x72,
    0x20, 0x69, 0x6C, 0x20, 0x64, 0x65, 0x73, 0x65, 0x72, 0x74, 0x6F, 0x20, 0x28, 0x2D, 0x31, 0x32,
    0x30, 0x20, 0x66, 0x69, 0x6F, 0x72, 0x69, 0x6E, 0x69, 0x29, 0x00, 0x4C, 0x65, 0x20, 0x50, 0x6F,
    0x72, 0x74, 0x65, 0x20, 0x64, 0x69, 0x20, 0x54, 0x61, 0x62, 0x72, 0x69, 0x7A, 0x00, 0x4C, 0x61,
    0x20, 0x70, 0x72, 0x6F, 0x73, 0x73, 0x69, 0x6D, 0x61, 0x20, 0x74, 0x61, 0x70, 0x70, 0x61, 0x20,
    0x65, 0x20, 0x69, 0x6C, 0x20, 0x64, 0x65, 0x73, 0x65, 0x72, 0x74, 0x6F, 0x20, 0x64, 0x65, 0x6C,
    0x20, 0x44, 0x61, 0x73, 0x68, 0x74, 0x2D, 0x65, 0x20, 0x4B, 0x61, 0x76, 0x69, 0x72, 0x3A, 0x20,
    0x74, 0x72, 0x65, 0x63, 0x65, 0x6E, 0x74, 0x6F, 0x20, 0x63, 0x68, 0x69, 0x6C, 0x6F, 0x6D, 0x65,
    0x74, 0x72, 0x69, 0x20, 0x64, 0x69, 0x20, 0x73, 0x61, 0x62, 0x62, 0x69, 0x61, 0x2C, 0x20, 0x73,
    0x61, 0x6C, 0x65, 0x20, 0x65, 0x20, 0x6F, 0x61, 0x73, 0x69, 0x20, 0x72, 0x65, 0x6D, 0x6F, 0x74,
    0x65, 0x2E, 0x20, 0x4C, 0x27, 0x61, 0x63, 0x71, 0x75, 0x61, 0x20, 0x65, 0x20, 0x6C, 0x61, 0x20,
    0x76, 0x69, 0x74, 0x61, 0x2E, 0x00, 0x52, 0x69, 0x65, 0x6D, 0x70, 0x69, 0x72, 0x65, 0x20, 0x74,
    0x75, 0x74, 0x74, 0x69, 0x20, 0x67, 0x6C, 0x69, 0x20, 0x6F, 0x74, 0x72, 0x69, 0x20, 0x65, 0x20,
    0x70, 0x61, 0x72, 0x74, 0x69, 0x72, 0x65, 0x00, 0x56, 0x65, 0x72, 0x73, 0x6F, 0x20, 0x69, 0x6C,
    0x20, 0x44, 0x65, 0x73, 0x65, 0x72, 0x74, 0x6F, 0x00, 0x4C, 0x61, 0x20, 0x63, 0x61, 0x72, 0x6F,
    0x76, 0x61, 0x6E, 0x61, 0x20, 0x73, 0x69, 0x20, 0x61, 0x6C, 0x6C, 0x69, 0x6E, 0x65, 0x61, 0x20,
    0x76, 0x65, 0x72, 0x73, 0x6F, 0x20, 0x6F, 0x72, 0x69, 0x65, 0x6E, 0x74, 0x65, 0x2E, 0x20, 0x49,
    0x6C, 0x20, 0x73, 0x6F, 0x6C, 0x65, 0x20, 0x64, 0x65, 0x6C, 0x6C, 0x27, 0x61, 0x6C, 0x74, 0x6F,
    0x70, 0x69, 0x61, 0x6E, 0x6F, 0x20, 0x69, 0x72, 0x61, 0x6E, 0x69, 0x63, 0x6F, 0x20, 0x73, 0x63,
    0x61, 0x6C, 0x64, 0x61, 0x20, 0x6C, 0x61, 0x20, 0x73, 0x61, 0x62, 0x62, 0x69, 0x61, 0x2E, 0x20,
    0x43, 0x6F, 0x6D, 0x69, 0x6E, 0x63, 0x69, 0x61, 0x20, 0x6C, 0x61, 0x20, 0x74, 0x72, 0x61, 0x76,
    0x65, 0x72, 0x73, 0x61, 0x74, 0x61, 0x20, 0x64, 0x65, 0x6C, 0x20, 0x4B, 0x61, 0x76, 0x69, 0x72,
    0x2E, 0x00, 0x04, 0x00, 0x01, 0x00, 0x7E, 0x03, 0x00, 0x00, 0x1C, 0x00, 0x00, 0x00, 0x24, 0x05,
    0x00, 0x00, 0xB1, 0x05, 0x00, 0x00, 0x2F, 0x09, 0x00, 0x00, 0x2F, 0x09, 0x00, 0x00, 0x00, 0xFF,
    0x3B, 0x00, 0x0F, 0x00, 0x4B, 0x00, 0xA4, 0x00, 0x00, 0x00, 0x00, 0x00, 0x00, 0x00, 0xFF, 0x00,
    0x00, 0x00, 0x00, 0x00, 0x02, 0x00, 0x00, 0x00, 0xF0, 0x00, 0x28, 0x00, 0x01, 0x00, 0x00, 0x00,
    0x01, 0x00, 0x00, 0x00, 0x00, 0x00, 0x00, 0x00, 0x00, 0x00, 0x00, 0x00, 0x00, 0x00, 0x00, 0x00,
    0x00, 0x00, 0x00, 0x00, 0x00, 0x00, 0x00, 0x00, 0x00, 0x00, 0x00, 0x00, 0x00, 0x00, 0x00, 0x00,
    0x00, 0x00, 0x00, 0x00, 0x00, 0x00, 0x00, 0x00, 0x00, 0x00, 0x00, 0x00, 0x00, 0x00, 0x00, 0x00,
    0x00, 0x00, 0x00, 0x00, 0x00, 0x00, 0x19, 0x01, 0x28, 0x00, 0x01, 0x00, 0x00, 0x00, 0x01, 0x00,
    0xFF, 0x00, 0x03, 0x00, 0x00, 0x00, 0x00, 0x00, 0x00, 0x00, 0x00, 0x00, 0x00, 0x00, 0x00, 0x00,
    0x00, 0x00, 0x00, 0x00, 0x00, 0x00, 0xEC, 0xFF, 0x00, 0x01, 0xF6, 0xFF, 0x00, 0x05, 0xF6, 0xFF,
    0x00, 0x00, 0x00, 0x00, 0x00, 0x00, 0x00, 0x00, 0x00, 0x00, 0x00, 0x00, 0x00, 0x00, 0x00, 0x00,
    0x00, 0x00, 0x00, 0x00, 0x00, 0x00, 0x00, 0x00, 0x00, 0x00, 0x00, 0x00, 0x00, 0x00, 0x00, 0x00,
    0x00, 0x00, 0x00, 0x00, 0x00, 0x00, 0x00, 0x00, 0x00, 0x00, 0x00, 0x00, 0x00, 0x00, 0x00, 0x00,
    0x00, 0x00, 0x00, 0x00, 0x00, 0x00, 0x00, 0x00, 0x00, 0x00, 0x00, 0x00, 0x00, 0x00, 0x00, 0x00,
    0x00, 0x00, 0x00, 0x00, 0x00, 0x00, 0x00, 0x00, 0x00, 0x00, 0x00, 0x00, 0x00, 0x00, 0x00, 0x00,
    0x00, 0x00, 0x00, 0x00, 0x00, 0x00, 0x00, 0x00, 0x00, 0x00, 0x00, 0x00, 0x00, 0x00, 0x00, 0x00,
    0x00, 0x00, 0x00, 0x00, 0x00, 0x00, 0x00, 0x00, 0x00, 0x00, 0x00, 0x00, 0x00, 0x00, 0x00, 0x00,
    0x00, 0x00, 0x00, 0x00, 0x00, 0x00, 0x00, 0x00, 0x00, 0x00, 0x00, 0x00, 0x00, 0x00, 0x00, 0x00,
    0x00, 0x00, 0x00, 0x00, 0x00, 0x00, 0x00, 0x00, 0x00, 0x00, 0x00, 0x00, 0x00, 0x00, 0x00, 0x00,
    0x00, 0x00, 0x00, 0x00, 0x00, 0x00, 0x00, 0x00, 0x00, 0x00, 0x00, 0x00, 0x00, 0x00, 0x00, 0x00,
    0x00, 0x00, 0x00, 0x00, 0x00, 0x00, 0x00, 0x00, 0x00, 0x00, 0x00, 0x00, 0x00, 0x00, 0x00, 0x00,
    0x00, 0x00, 0x00, 0x00, 0x00, 0x00, 0x00, 0x00, 0x00, 0x00, 0x00, 0x00, 0x00, 0x00, 0x00, 0x00,
    0x00, 0xFF, 0x42, 0x01, 0x0F, 0x00, 0x52, 0x01, 0xB2, 0x00, 0x00, 0x00, 0x00, 0x00, 0x00, 0x00,
    0xFF, 0x00, 0x00, 0x00, 0x00, 0x00, 0x01, 0x00, 0x00, 0x00, 0x05, 0x02, 0x1C, 0x00, 0x02, 0x00,
    0x00, 0x00, 0x02, 0x00, 0xFF, 0x00, 0x03, 0x00, 0x00, 0x00, 0x00, 0x00, 0x00, 0x00, 0x00, 0x00,
    0x00, 0x00, 0x00, 0x00, 0x00, 0x00, 0x00, 0x00, 0x00, 0x01, 0x19, 0x00, 0x00, 0x05, 0x0F, 0x00,
    0x00, 0x00, 0xF6, 0xFF, 0x00, 0x00, 0x00, 0x00, 0x00, 0x00, 0x00, 0x00, 0x00, 0x00, 0x00, 0x00,
    0x00, 0x00, 0x00, 0x00, 0x00, 0x00, 0x00, 0x00, 0x00, 0x00, 0x00, 0x00, 0x00, 0x00, 0x00, 0x00,
    0x00, 0x00, 0x00, 0x00, 0x00, 0x00, 0x00, 0x00, 0x00, 0x00, 0x00, 0x00, 0x00, 0x00, 0x00, 0x00,
    0x00, 0x00, 0x00, 0x00, 0x00, 0x00, 0x00, 0x00, 0x00, 0x00, 0x00, 0x00, 0x00, 0x00, 0x00, 0x00,
    0x00, 0x00, 0x00, 0x00, 0x00, 0x00, 0x00, 0x00, 0x00, 0x00, 0x00, 0x00, 0x00, 0x00, 0x00, 0x00,
    0x00, 0x00, 0x00, 0x00, 0x00, 0x00, 0x00, 0x00, 0x00, 0x00, 0x00, 0x00, 0x00, 0x00, 0x00, 0x00,
    0x00, 0x00, 0x00, 0x00, 0x00, 0x00, 0x00, 0x00, 0x00, 0x00, 0x00, 0x00, 0x00, 0x00, 0x00, 0x00,
    0x00, 0x00, 0x00, 0x00, 0x00, 0x00, 0x00, 0x00, 0x00, 0x00, 0x00, 0x00, 0x00, 0x00, 0x00, 0x00,
    0x00, 0x00, 0x00, 0x00, 0x00, 0x00, 0x00, 0x00, 0x00, 0x00, 0x00, 0x00, 0x00, 0x00, 0x00, 0x00,
    0x00, 0x00, 0x00, 0x00, 0x00, 0x00, 0x00, 0x00, 0x00, 0x00, 0x00, 0x00, 0x00, 0x00, 0x00, 0x00,
    0x00, 0x00, 0x00, 0x00, 0x00, 0x00, 0x00, 0x00, 0x00, 0x00, 0x00, 0x00, 0x00, 0x00, 0x00, 0x00,
    0x00, 0x00, 0x00, 0x00, 0x00, 0x00, 0x00, 0x00, 0x00, 0x00, 0x00, 0x00, 0x00, 0x00, 0x00, 0x00,
    0x00, 0x00, 0x00, 0x00, 0x00, 0x00, 0x00, 0x00, 0x00, 0x00, 0x00, 0x00, 0x00, 0x00, 0x00, 0x00,
    0x00, 0x00, 0x00, 0x00, 0x00, 0x00, 0x00, 0x00, 0x00, 0x00, 0x00, 0x00, 0x00, 0x00, 0x00, 0x00,
    0x00, 0x00, 0x00, 0x00, 0x00, 0x00, 0x00, 0x00, 0x00, 0x00, 0x00, 0x00, 0x00, 0x00, 0x00, 0x00,
    0x00, 0x00, 0x00, 0x00, 0x00, 0x00, 0x00, 0x00, 0x00, 0x00, 0x00, 0x00, 0x00, 0x00, 0x00, 0x00,
    0x00, 0x00, 0x00, 0xFF, 0x22, 0x02, 0x0B, 0x00, 0x2E, 0x02, 0xA8, 0x00, 0x00, 0x00, 0x00, 0x00,
    0x00, 0x00, 0xFF, 0x00, 0x00, 0x00, 0x00, 0x00, 0x01, 0x00, 0x00, 0x00, 0xD7, 0x02, 0x21, 0x00,
    0x03, 0x00, 0x00, 0x00, 0x03, 0x00, 0xFF, 0x00, 0x00, 0x00, 0x00, 0x00, 0x00, 0x00, 0x00, 0x00,
    0x00, 0x00, 0x00, 0x00, 0x00, 0x00, 0x00, 0x00, 0x00, 0x00, 0x00, 0x00, 0x00, 0x00, 0x00, 0x00,
    0x00, 0x00, 0x00, 0x00, 0x00, 0x00, 0x00, 0x00, 0x00, 0x00, 0x00, 0x00, 0x00, 0x00, 0x00, 0x00,
    0x00, 0x00, 0x00, 0x00, 0x00, 0x00, 0x00, 0x00, 0x00, 0x00, 0x00, 0x00, 0x00, 0x00, 0x00, 0x00,
    0x00, 0x00, 0x00, 0x00, 0x00, 0x00, 0x00, 0x00, 0x00, 0x00, 0x00, 0x00, 0x00, 0x00, 0x00, 0x00,
    0x00, 0x00, 0x00, 0x00, 0x00, 0x00, 0x00, 0x00, 0x00, 0x00, 0x00, 0x00, 0x00, 0x00, 0x00, 0x00,
    0x00, 0x00, 0x00, 0x00, 0x00, 0x00, 0x00, 0x00, 0x00, 0x00, 0x00, 0x00, 0x00, 0x00, 0x00, 0x00,
    0x00, 0x00, 0x00, 0x00, 0x00, 0x00, 0x00, 0x00, 0x00, 0x00, 0x00, 0x00, 0x00, 0x00, 0x00, 0x00,
    0x00, 0x00, 0x00, 0x00, 0x00, 0x00, 0x00, 0x00, 0x00, 0x00, 0x00, 0x00, 0x00, 0x00, 0x00, 0x00,
    0x00, 0x00, 0x00, 0x00, 0x00, 0x00, 0x00, 0x00, 0x00, 0x00, 0x00, 0x00, 0x00, 0x00, 0x00, 0x00,
    0x00, 0x00, 0x00, 0x00, 0x00, 0x00, 0x00, 0x00, 0x00, 0x00, 0x00, 0x00, 0x00, 0x00, 0x00, 0x00,
    0x00, 0x00, 0x00, 0x00, 0x00, 0x00, 0x00, 0x00, 0x00, 0x00, 0x00, 0x00, 0x00, 0x00, 0x00, 0x00,
    0x00, 0x00, 0x00, 0x00, 0x00, 0x00, 0x00, 0x00, 0x00, 0x00, 0x00, 0x00, 0x00, 0x00, 0x00, 0x00,
    0x00, 0x00, 0x00, 0x00, 0x00, 0x00, 0x00, 0x00, 0x00, 0x00, 0x00, 0x00, 0x00, 0x00, 0x00, 0x00,
    0x00, 0x00, 0x00, 0x00, 0x00, 0x00, 0x00, 0x00, 0x00, 0x00, 0x00, 0x00, 0x00, 0x00, 0x00, 0x00,
    0x00, 0x00, 0x00, 0x00, 0x00, 0x00, 0x00, 0x00, 0x00, 0x00, 0x00, 0x00, 0x00, 0x00, 0x00, 0x00,
    0x00, 0x00, 0x00, 0x00, 0x00, 0x00, 0x00, 0x00, 0x00, 0x00, 0x00, 0x00, 0x00, 0x00, 0x00, 0x00,
    0x00, 0x00, 0x00, 0x00, 0x00, 0x00, 0x00, 0x00, 0x00, 0x00, 0x00, 0x00, 0x00, 0x00, 0x00, 0x00,
    0x00, 0x00, 0x00, 0x00, 0x05, 0xFF, 0xF9, 0x02, 0x12, 0x00, 0x0C, 0x03, 0x71, 0x00, 0x00, 0x00,
    0x00, 0x00, 0x00, 0x00, 0xFF, 0x00, 0x00, 0x00, 0x00, 0x00, 0x00, 0x00, 0x00, 0x00, 0x00, 0x00,
    0x00, 0x00, 0x00, 0x00, 0x00, 0x00, 0x00, 0x00, 0x00, 0x00, 0x00, 0x00, 0x00, 0x00, 0x00, 0x00,
    0x00, 0x00, 0x00, 0x00, 0x00, 0x00, 0x00, 0x00, 0x00, 0x00, 0x00, 0x00, 0x00, 0x00, 0x00, 0x00,
    0x00, 0x00, 0x00, 0x00, 0x00, 0x00, 0x00, 0x00, 0x00, 0x00, 0x00, 0x00, 0x00, 0x00, 0x00, 0x00,
    0x00, 0x00, 0x00, 0x00, 0x00, 0x00, 0x00, 0x00, 0x00, 0x00, 0x00, 0x00, 0x00, 0x00, 0x00, 0x00,
    0x00, 0x00, 0x00, 0x00, 0x00, 0x00, 0x00, 0x00, 0x00, 0x00, 0x00, 0x00, 0x00, 0x00, 0x00, 0x00,
    0x00, 0x00, 0x00, 0x00, 0x00, 0x00, 0x00, 0x00, 0x00, 0x00, 0x00, 0x00, 0x00, 0x00, 0x00, 0x00,
    0x00, 0x00, 0x00, 0x00, 0x00, 0x00, 0x00, 0x00, 0x00, 0x00, 0x00, 0x00, 0x00, 0x00, 0x00, 0x00,
    0x00, 0x00, 0x00, 0x00, 0x00, 0x00, 0x00, 0x00, 0x00, 0x00, 0x00, 0x00, 0x00, 0x00, 0x00, 0x00,
    0x00, 0x00, 0x00, 0x00, 0x00, 0x00, 0x00, 0x00, 0x00, 0x00, 0x00, 0x00, 0x00, 0x00, 0x00, 0x00,
    0x00, 0x00, 0x00, 0x00, 0x00, 0x00, 0x00, 0x00, 0x00, 0x00, 0x00, 0x00, 0x00, 0x00, 0x00, 0x00,
    0x00, 0x00, 0x00, 0x00, 0x00, 0x00, 0x00, 0x00, 0x00, 0x00, 0x00, 0x00, 0x00, 0x00, 0x00, 0x00,
    0x00, 0x00, 0x00, 0x00, 0x00, 0x00, 0x00, 0x00, 0x00, 0x00, 0x00, 0x00, 0x00, 0x00, 0x00, 0x00,
    0x00, 0x00, 0x00, 0x00, 0x00, 0x00, 0x00, 0x00, 0x00, 0x00, 0x00, 0x00, 0x00, 0x00, 0x00, 0x00,
    0x00, 0x00, 0x00, 0x00, 0x00, 0x00, 0x00, 0x00, 0x00, 0x00, 0x00, 0x00, 0x00, 0x00, 0x00, 0x00,
    0x00, 0x00, 0x00, 0x00, 0x00, 0x00, 0x00, 0x00, 0x00, 0x00, 0x00, 0x00, 0x00, 0x00, 0x00, 0x00,
    0x00, 0x00, 0x00, 0x00, 0x00, 0x00, 0x00, 0x00, 0x00, 0x00, 0x00, 0x00, 0x00, 0x00, 0x00, 0x00,
    0x00, 0x00, 0x00, 0x00, 0x00, 0x00, 0x00, 0x00, 0x00, 0x00, 0x00, 0x00, 0x00, 0x00, 0x00, 0x00,
    0x00, 0x00, 0x00, 0x00, 0x00, 0x00, 0x00, 0x00, 0x00, 0x00, 0x00, 0x00, 0x00, 0x00, 0x00, 0x00,
    0x00, 0x00, 0x00, 0x00, 0x00, 0x00, 0x08, 0x06, 0x03, 0x00, 0x2E, 0x7E, 0x5E, 0x00, 0x00, 0x00,
    0x00, 0x00, 0x00, 0x00, 0x00, 0x00, 0x00, 0x00, 0x00, 0x00, 0x00, 0x01, 0x02, 0x00, 0x00, 0x00,
    0x00, 0x00, 0x00, 0x00, 0x00, 0x00, 0x00, 0x00, 0x00, 0x00, 0x00, 0x00, 0x13, 0x00, 0x29, 0x00,
    0x00, 0x00, 0x00, 0x00, 0x00, 0x00, 0x00, 0x00, 0x00, 0x00, 0x00, 0x00, 0x00, 0x00, 0x00, 0x00,
    0x00, 0x00, 0x00, 0x00, 0x00, 0x00, 0x00, 0x00, 0x00, 0x00, 0x15, 0x00, 0x01, 0x00, 0x01, 0x00,
    0x01, 0x00, 0x01, 0x00, 0x21, 0x00, 0x01, 0x00, 0x50, 0x08, 0x06, 0x01, 0x07, 0x00, 0x01, 0x05,
    0x00, 0x01, 0x02, 0x00, 0x51, 0x01, 0x0F, 0x00, 0x41, 0x00, 0x73, 0x02, 0x35, 0x61, 0x61, 0x60,
    0x60, 0x60, 0x01, 0x07, 0x00, 0x20, 0x61, 0x01, 0x05, 0x00, 0x20, 0x28, 0x31, 0x06, 0x00, 0x72,
    0x00, 0x01, 0x64, 0x00, 0x80, 0x43, 0x00, 0x40, 0x00, 0x01, 0x00, 0x00, 0x24, 0x31, 0x01, 0x00,
    0x81, 0x35, 0x81, 0x52, 0x69, 0x66, 0x75, 0x67, 0x69, 0x6F, 0x20, 0x72, 0x61, 0x67, 0x67, 0x69,
    0x75, 0x6E, 0x74, 0x6F, 0x21, 0x00, 0x50, 0x65, 0x72, 0x73, 0x6F, 0x20, 0x6E, 0x65, 0x6C, 0x6C,
    0x61, 0x20, 0x62, 0x75, 0x66, 0x65, 0x72, 0x61, 0x2E, 0x2E, 0x2E, 0x00, 0x47, 0x75, 0x69, 0x64,
    0x61, 0x20, 0x6C, 0x61, 0x20, 0x63, 0x61, 0x72, 0x6F, 0x76, 0x61, 0x6E, 0x61, 0x00, 0x4C, 0x65,
    0x20, 0x44, 0x75, 0x6E, 0x65, 0x20, 0x64, 0x69, 0x20, 0x53, 0x61, 0x6C, 0x65, 0x00, 0x49, 0x6C,
    0x20, 0x63, 0x61, 0x6C, 0x64, 0x6F, 0x20, 0x65, 0x20, 0x6F, 0x70, 0x70, 0x72, 0x69, 0x6D, 0x65,
    0x6E, 0x74, 0x65, 0x20, 0x64, 0x69, 0x20, 0x67, 0x69, 0x6F, 0x72, 0x6E, 0x6F, 0x2C, 0x20, 0x69,
    0x6C, 0x20, 0x67, 0x65, 0x6C, 0x6F, 0x20, 0x70, 0x75, 0x6E, 0x67, 0x65, 0x20, 0x64, 0x69, 0x20,
    0x6E, 0x6F, 0x74, 0x74, 0x65, 0x2E, 0x20, 0x41, 0x6C, 0x6C, 0x27, 0x6F, 0x72, 0x69, 0x7A, 0x7A,
    0x6F, 0x6E, 0x74, 0x65, 0x20, 0x73, 0x69, 0x20, 0x61, 0x6C, 0x7A, 0x61, 0x20, 0x75, 0x6E, 0x20,
    0x6D, 0x75, 0x72, 0x6F, 0x20, 0x73, 0x63, 0x75, 0x72, 0x6F, 0x20, 0x64, 0x69, 0x20, 0x70, 0x6F,
    0x6C, 0x76, 0x65, 0x72, 0x65, 0x3A, 0x20, 0x69, 0x6C, 0x20, 0x73, 0x69, 0x6D, 0x75, 0x6E, 0x2C,
    0x20, 0x6C, 0x61, 0x20, 0x74, 0x65, 0x6D, 0x70, 0x65, 0x73, 0x74, 0x61, 0x20, 0x64, 0x69, 0x20,
    0x73, 0x61, 0x62, 0x62, 0x69, 0x61, 0x20, 0x64, 0x65, 0x6C, 0x20, 0x64, 0x65, 0x73, 0x65, 0x72,
    0x74, 0x6F, 0x2C, 0x20, 0x73, 0x74, 0x61, 0x20, 0x61, 0x72, 0x72, 0x69, 0x76, 0x61, 0x6E, 0x64,
    0x6F, 0x2E, 0x00, 0x41, 0x66, 0x66, 0x72, 0x6F, 0x6E, 0x74, 0x61, 0x72, 0x65, 0x20, 0x6C, 0x61,
    0x20, 0x74, 0x65, 0x6D, 0x70, 0x65, 0x73, 0x74, 0x61, 0x20, 0x65, 0x20, 0x74, 0x72, 0x6F, 0x76,
    0x61, 0x72, 0x65, 0x20, 0x72, 0x69, 0x66, 0x75, 0x67, 0x69, 0x6F, 0x00, 0x41, 0x63, 0x63, 0x61,
    0x6D, 0x70, 0x61, 0x72, 0x73, 0x69, 0x20, 0x64, 0x69, 0x65, 0x74, 0x72, 0x6F, 0x20, 0x69, 0x20,
    0x63, 0x61, 0x6D, 0x6D, 0x65, 0x6C, 0x6C, 0x69, 0x20, 0x65, 0x20, 0x61, 0x74, 0x74, 0x65, 0x6E,
    0x64, 0x65, 0x72, 0x65, 0x00, 0x4C, 0x27, 0x4F, 0x61, 0x73, 0x69, 0x20, 0x64, 0x69, 0x20, 0x54,
    0x61, 0x62, 0x61, 0x73, 0x00, 0x49, 0x20, 0x70, 0x61, 0x6C, 0x6D, 0x69, 0x7A, 0x69, 0x20, 0x64,
    0x65, 0x6C, 0x6C, 0x27, 0x6F, 0x61, 0x73, 0x69, 0x20, 0x64, 0x69, 0x20, 0x54, 0x61, 0x62, 0x61,
    0x73, 0x20, 0x61, 0x70, 0x70, 0x61, 0x69, 0x6F, 0x6E, 0x6F, 0x20, 0x63, 0x6F, 0x6D, 0x65, 0x20,
    0x75, 0x6E, 0x20, 0x6D, 0x69, 0x72, 0x61, 0x67, 0x67, 0x69, 0x6F, 0x20, 0x62, 0x65, 0x6E, 0x65,
    0x64, 0x65, 0x74, 0x74, 0x6F, 0x2E, 0x20, 0x41, 0x63, 0x71, 0x75, 0x61, 0x20, 0x66, 0x72, 0x65,
    0x73, 0x63, 0x61, 0x20, 0x73, 0x67, 0x6F, 0x72, 0x67, 0x61, 0x20, 0x64, 0x61, 0x69, 0x20, 0x71,
    0x61, 0x6E, 0x61, 0x74, 0x20, 0x73, 0x6F, 0x74, 0x74, 0x65, 0x72, 0x72, 0x61, 0x6E, 0x65, 0x69,
    0x2E, 0x20, 0x49, 0x20, 0x63, 0x61, 0x6D, 0x6D, 0x65, 0x6C, 0x6C, 0x69, 0x20, 0x73, 0x69, 0x20,
    0x61, 0x62, 0x62, 0x65, 0x76, 0x65, 0x72, 0x61, 0x6E, 0x6F, 0x20, 0x65, 0x20, 0x67, 0x6C, 0x69,
    0x20, 0x75, 0x6F, 0x6D, 0x69, 0x6E, 0x69, 0x20, 0x72, 0x69, 0x70, 0x6F, 0x73, 0x61, 0x6E, 0x6F,
    0x20, 0x61, 0x6C, 0x6C, 0x27, 0x6F, 0x6D, 0x62, 0x72, 0x61, 0x20, 0x64, 0x65, 0x6C, 0x6C, 0x65,
    0x20, 0x70, 0x61, 0x6C, 0x6D, 0x65, 0x2E, 0x00, 0x52, 0x69, 0x70, 0x6F, 0x73, 0x61, 0x72, 0x65,
    0x20, 0x64, 0x75, 0x65, 0x20, 0x67, 0x69, 0x6F, 0x72, 0x6E, 0x69, 0x20, 0x61, 0x6C, 0x6C, 0x27,
    0x6F, 0x61, 0x73, 0x69, 0x00, 0x4C, 0x27, 0x41, 0x6D, 0x75, 0x20, 0x44, 0x61, 0x72, 0x79, 0x61,
    0x00, 0x41, 0x74, 0x74, 0x72, 0x61, 0x76, 0x65, 0x72, 0x73, 0x61, 0x74, 0x6F, 0x20, 0x69, 0x6C,
    0x20, 0x64, 0x65, 0x73, 0x65, 0x72, 0x74, 0x6F, 0x2C, 0x20, 0x69, 0x6C, 0x20, 0x67, 0x72, 0x61,
    0x6E, 0x64, 0x65, 0x20, 0x66, 0x69, 0x75, 0x6D, 0x65, 0x20, 0x4F, 0x78, 0x75, 0x73, 0x20, 0x28,
    0x41, 0x6D, 0x75, 0x20, 0x44, 0x61, 0x72, 0x79, 0x61, 0x29, 0x20, 0x73, 0x65, 0x67, 0x6E, 0x61,
    0x20, 0x6C, 0x27, 0x69, 0x6E, 0x67, 0x72, 0x65, 0x73, 0x73, 0x6F, 0x20, 0x6E, 0x65, 0x6C, 0x6C,
    0x61, 0x20, 0x54, 0x72, 0x61, 0x6E, 0x73, 0x6F, 0x78, 0x69, 0x61, 0x6E, 0x61, 0x2E, 0x20, 0x43,
    0x61, 0x6D, 0x70, 0x69, 0x20, 0x64, 0x69, 0x20, 0x63, 0x6F, 0x74, 0x6F, 0x6E, 0x65, 0x20, 0x65,
    0x20, 0x66, 0x72, 0x75, 0x74, 0x74, 0x65, 0x74, 0x69, 0x20, 0x69, 0x72, 0x72, 0x69, 0x67, 0x61,
    0x74, 0x69, 0x20, 0x61, 0x6E, 0x6E, 0x75, 0x6E, 0x63, 0x69, 0x61, 0x6E, 0x6F, 0x20, 0x6C, 0x61,
    0x20, 0x76, 0x69, 0x63, 0x69, 0x6E, 0x61, 0x6E, 0x7A, 0x61, 0x20, 0x64, 0x69, 0x20, 0x53, 0x61,
    0x6D, 0x61, 0x72, 0x63, 0x61, 0x6E, 0x64, 0x61, 0x2E, 0x00, 0x52, 0x61, 0x67, 0x67, 0x69, 0x75,
    0x6E, 0x67, 0x65, 0x72, 0x65, 0x20, 0x6C, 0x65, 0x20, 0x6D, 0x75, 0x72, 0x61, 0x20, 0x64, 0x69,
    0x20, 0x53, 0x61, 0x6D, 0x61, 0x72, 0x63, 0x61, 0x6E, 0x64, 0x61, 0x00, 0x4C, 0x61, 0x20, 0x50,
    0x65, 0x72, 0x6C, 0x61, 0x20, 0x64, 0x27, 0x4F, 0x72, 0x69, 0x65, 0x6E, 0x74, 0x65, 0x00, 0x53,
    0x61, 0x6D, 0x61, 0x72, 0x63, 0x61, 0x6E, 0x64, 0x61, 0x2C, 0x20, 0x63, 0x72, 0x6F, 0x63, 0x65,
    0x76, 0x69, 0x61, 0x20, 0x74, 0x72, 0x61, 0x20, 0x49, 0x6E, 0x64, 0x69, 0x61, 0x2C, 0x20, 0x50,
    0x65, 0x72, 0x73, 0x69, 0x61, 0x20, 0x65, 0x20, 0x43, 0x69, 0x6E, 0x61, 0x2E, 0x20, 0x49, 0x20,
    0x6D, 0x65, 0x72, 0x63, 0x61, 0x6E, 0x74, 0x69, 0x20, 0x64, 0x69, 0x20, 0x74, 0x75, 0x74, 0x74,
    0x6F, 0x20, 0x69, 0x6C, 0x20, 0x63, 0x6F, 0x6E, 0x74, 0x69, 0x6E, 0x65, 0x6E, 0x74, 0x65, 0x20,
    0x73, 0x69, 0x20, 0x73, 0x63, 0x61, 0x6D, 0x62, 0x69, 0x61, 0x6E, 0x6F, 0x20, 0x73, 0x74, 0x6F,
    0x72, 0x69, 0x65, 0x20, 0x65, 0x20, 0x72, 0x69, 0x63, 0x63, 0x68, 0x65, 0x7A, 0x7A, 0x65, 0x2E,
    0x00, 0x03, 0x00, 0x01, 0x00, 0xE0, 0x02, 0x00, 0x00, 0x1C, 0x00, 0x00, 0x00, 0xE2, 0x03, 0x00,
    0x00, 0x6B, 0x04, 0x00, 0x00, 0x4B, 0x07, 0x00, 0x00, 0x4B, 0x07, 0x00, 0x00, 0x00, 0xFF, 0x36,
    0x00, 0x16, 0x00, 0x4D, 0x00, 0xD0, 0x00, 0x00, 0x00, 0x00, 0x00, 0x00, 0x00, 0xFF, 0x00, 0x00,
    0x00, 0x00, 0x00, 0x02, 0x00, 0x00, 0x00, 0x1E, 0x01, 0x24, 0x00, 0x01, 0x00, 0x00, 0x00, 0x01,
    0x00, 0x00, 0x00, 0x00, 0x00, 0x00, 0x00, 0x00, 0x00, 0x00, 0x00, 0x00, 0x00, 0x00, 0x00, 0x00,
    0x00, 0x00, 0x00, 0x00, 0x00, 0x00, 0x00, 0x00, 0x00, 0x00, 0x00, 0x00, 0x00, 0x00, 0x00, 0x00,
    0x00, 0x00, 0x00, 0x00, 0x00, 0x00, 0x00, 0x00, 0x00, 0x00, 0x00, 0x00, 0x00, 0x00, 0x00, 0x00,
    0x00, 0x00, 0x00, 0x00, 0x00, 0x43, 0x01, 0x28, 0x00, 0x01, 0x00, 0x00, 0x00, 0x01, 0x00, 0xFF,
    0x00, 0x02, 0x00, 0x00, 0x00, 0x00, 0x00, 0x00, 0x00, 0x00, 0x00, 0x00, 0x00, 0x00, 0x00, 0x00,
    0x00, 0x00, 0x00, 0x00, 0x02, 0xC8, 0x00, 0x00, 0x04, 0xFC, 0xFF, 0x00, 0x00, 0x00, 0x00, 0x00,
    0x00, 0x00, 0x00, 0x00, 0x00, 0x00, 0x00, 0x00, 0x00, 0x00, 0x00, 0x00, 0x00, 0x00, 0x00, 0x00,
    0x00, 0x00, 0x00, 0x00, 0x00, 0x00, 0x00, 0x00, 0x00, 0x00, 0x00, 0x00, 0x00, 0x00, 0x00, 0x00,
    0x00, 0x00, 0x00, 0x00, 0x00, 0x00, 0x00, 0x00, 0x00, 0x00, 0x00, 0x00, 0x00, 0x00, 0x00, 0x00,
    0x00, 0x00, 0x00, 0x00, 0x00, 0x00, 0x00, 0x00, 0x00, 0x00, 0x00, 0x00, 0x00, 0x00, 0x00, 0x00,
    0x00, 0x00, 0x00, 0x00, 0x00, 0x00, 0x00, 0x00, 0x00, 0x00, 0x00, 0x00, 0x00, 0x00, 0x00, 0x00,
    0x00, 0x00, 0x00, 0x00, 0x00, 0x00, 0x00, 0x00, 0x00, 0x00, 0x00, 0x00, 0x00, 0x00, 0x00, 0x00,
    0x00, 0x00, 0x00, 0x00, 0x00, 0x00, 0x00, 0x00, 0x00, 0x00, 0x00, 0x00, 0x00, 0x00, 0x00, 0x00,
    0x00, 0x00, 0x00, 0x00, 0x00, 0x00, 0x00, 0x00, 0x00, 0x00, 0x00, 0x00, 0x00, 0x00, 0x00, 0x00,
    0x00, 0x00, 0x00, 0x00, 0x00, 0x00, 0x00, 0x00, 0x00, 0x00, 0x00, 0x00, 0x00, 0x00, 0x00, 0x00,
    0x00, 0x00, 0x00, 0x00, 0x00, 0x00, 0x00, 0x00, 0x00, 0x00, 0x00, 0x00, 0x00, 0x00, 0x00, 0x00,
    0x00, 0x00, 0x00, 0x00, 0x00, 0x00, 0x00, 0x00, 0x00, 0x00, 0x00, 0x00, 0x00, 0x00, 0x00, 0x00,
    0x00, 0x00, 0x00, 0x00, 0x00, 0x00, 0x00, 0x00, 0x00, 0x00, 0x00, 0x00, 0x00, 0x00, 0x00, 0x00,
    0xFF, 0x6C, 0x01, 0x11, 0x00, 0x7E, 0x01, 0x89, 0x00, 0x00, 0x00, 0x00, 0x00, 0x00, 0x00, 0xFF,
    0x00, 0x00, 0x00, 0x00, 0x00, 0x02, 0x00, 0x00, 0x00, 0x08, 0x02, 0x28, 0x00, 0x02, 0x00, 0x00,
    0x00, 0x02, 0x00, 0xFF, 0x01, 0x02, 0x00, 0x00, 0x02, 0x3C, 0x00, 0x00, 0x00, 0x00, 0x00, 0x00,
    0x00, 0x00, 0x00, 0x00, 0x00, 0x00, 0x00, 0x00, 0x02, 0xC4, 0xFF, 0x00, 0x00, 0x01, 0x00, 0x00,
    0x00, 0x00, 0x00, 0x00, 0x00, 0x00, 0x00, 0x00, 0x00, 0x00, 0x00, 0x00, 0x00, 0x00, 0x00, 0x00,
    0x00, 0x00, 0x00, 0x00, 0x00, 0x00, 0x00, 0x31, 0x02, 0x26, 0x00, 0x02, 0x00, 0x00, 0x00, 0x02,
    0x00, 0xFF, 0x00, 0x00, 0x00, 0x00, 0x00, 0x00, 0x00, 0x00, 0x00, 0x00, 0x00, 0x00, 0x00, 0x00,
    0x00, 0x00, 0x00, 0x00, 0x00, 0x00, 0x00, 0x00, 0x00, 0x00, 0x00, 0x00, 0x00, 0x00, 0x00, 0x00,
    0x00, 0x00, 0x00, 0x00, 0x00, 0x00, 0x00, 0x00, 0x00, 0x00, 0x00, 0x00, 0x00, 0x00, 0x00, 0x00,
    0x00, 0x00, 0x00, 0x00, 0x00, 0x00, 0x00, 0x00, 0x00, 0x00, 0x00, 0x00, 0x00, 0x00, 0x00, 0x00,
    0x00, 0x00, 0x00, 0x00, 0x00, 0x00, 0x00, 0x00, 0x00, 0x00, 0x00, 0x00, 0x00, 0x00, 0x00, 0x00,
    0x00, 0x00, 0x00, 0x00, 0x00, 0x00, 0x00, 0x00, 0x00, 0x00, 0x00, 0x00, 0x00, 0x00, 0x00, 0x00,
    0x00, 0x00, 0x00, 0x00, 0x00, 0x00, 0x00, 0x00, 0x00, 0x00, 0x00, 0x00, 0x00, 0x00, 0x00, 0x00,
    0x00, 0x00, 0x00, 0x00, 0x00, 0x00, 0x00, 0x00, 0x00, 0x00, 0x00, 0x00, 0x00, 0x00, 0x00, 0x00,
    0x00, 0x00, 0x00, 0x00, 0x00, 0x00, 0x00, 0x00, 0x00, 0x00, 0x00, 0x00, 0x00, 0x00, 0x00, 0x00,
    0x00, 0x00, 0x00, 0x00, 0x00, 0x00, 0x00, 0x00, 0x00, 0x00, 0x00, 0x00, 0x00, 0x00, 0x00, 0x00,
    0x00, 0x00, 0x00, 0x00, 0x00, 0x00, 0x00, 0x00, 0x00, 0x00, 0x00, 0x00, 0x00, 0x00, 0x00, 0x00,
    0x00, 0x00, 0x00, 0x00, 0x00, 0x00, 0x00, 0x00, 0x00, 0x00, 0x00, 0x00, 0x00, 0x00, 0x00, 0x00,
    0x00, 0x00, 0x00, 0x00, 0x00, 0x00, 0x00, 0x00, 0x00, 0x00, 0x00, 0x00, 0x00, 0x00, 0x00, 0x00,
    0x00, 0x00, 0x00, 0x00, 0x00, 0x00, 0x00, 0x00, 0x00, 0x00, 0x00, 0x00, 0x00, 0x00, 0x00, 0x00,
    0x00, 0x05, 0xFF, 0x58, 0x02, 0x18, 0x00, 0x71, 0x02, 0x6E, 0x00, 0x00, 0x00, 0x00, 0x00, 0x00,
    0x00, 0xFF, 0x00, 0x00, 0x00, 0x00, 0x00, 0x00, 0x00, 0x00, 0x00, 0x00, 0x00, 0x00, 0x00, 0x00,
    0x00, 0x00, 0x00, 0x00, 0x00, 0x00, 0x00, 0x00, 0x00, 0x00, 0x00, 0x00, 0x00, 0x00, 0x00, 0x00,
    0x00, 0x00, 0x00, 0x00, 0x00, 0x00, 0x00, 0x00, 0x00, 0x00, 0x00, 0x00, 0x00, 0x00, 0x00, 0x00,
    0x00, 0x00, 0x00, 0x00, 0x00, 0x00, 0x00, 0x00, 0x00, 0x00, 0x00, 0x00, 0x00, 0x00, 0x00, 0x00,
    0x00, 0x00, 0x00, 0x00, 0x00, 0x00, 0x00, 0x00, 0x00, 0x00, 0x00, 0x00, 0x00, 0x00, 0x00, 0x00,
    0x00, 0x00, 0x00, 0x00, 0x00, 0x00, 0x00, 0x00, 0x00, 0x00, 0x00, 0x00, 0x00, 0x00, 0x00, 0x00,
    0x00, 0x00, 0x00, 0x00, 0x00, 0x00, 0x00, 0x00, 0x00, 0x00, 0x00, 0x00, 0x00, 0x00, 0x00, 0x00,
    0x00, 0x00, 0x00, 0x00, 0x00, 0x00, 0x00, 0x00, 0x00, 0x00, 0x00, 0x00, 0x00, 0x00, 0x00, 0x00,
    0x00, 0x00, 0x00, 0x00, 0x00, 0x00, 0x00, 0x00, 0x00, 0x00, 0x00, 0x00, 0x00, 0x00, 0x00, 0x00,
    0x00, 0x00, 0x00, 0x00, 0x00, 0x00, 0x00, 0x00, 0x00, 0x00, 0x00, 0x00, 0x00, 0x00, 0x00, 0x00,
    0x00, 0x00, 0x00, 0x00, 0x00, 0x00, 0x00, 0x00, 0x00, 0x00, 0x00, 0x00, 0x00, 0x00, 0x00, 0x00,
    0x00, 0x00, 0x00, 0x00, 0x00, 0x00, 0x00, 0x00, 0x00, 0x00, 0x00, 0x00, 0x00, 0x00, 0x00, 0x00,
    0x00, 0x00, 0x00, 0x00, 0x00, 0x00, 0x00, 0x00, 0x00, 0x00, 0x00, 0x00, 0x00, 0x00, 0x00, 0x00,
    0x00, 0x00, 0x00, 0x00, 0x00, 0x00, 0x00, 0x00, 0x00, 0x00, 0x00, 0x00, 0x00, 0x00, 0x00, 0x00,
    0x00, 0x00, 0x00, 0x00, 0x00, 0x00, 0x00, 0x00, 0x00, 0x00, 0x00, 0x00, 0x00, 0x00, 0x00, 0x00,
    0x00, 0x00, 0x00, 0x00, 0x00, 0x00, 0x00, 0x00, 0x00, 0x00, 0x00, 0x00, 0x00, 0x00, 0x00, 0x00,
    0x00, 0x00, 0x00, 0x00, 0x00, 0x00, 0x00, 0x00, 0x00, 0x00, 0x00, 0x00, 0x00, 0x00, 0x00, 0x00,
    0x00, 0x00, 0x00, 0x00, 0x00, 0x00, 0x00, 0x00, 0x00, 0x00, 0x00, 0x00, 0x00, 0x00, 0x00, 0x00,
    0x00, 0x00, 0x00, 0x00, 0x00, 0x00, 0x00, 0x00, 0x00, 0x00, 0x00, 0x00, 0x00, 0x00, 0x00, 0x00,
    0x00, 0x00, 0x00, 0x06, 0x04, 0x03, 0x00, 0x2E, 0x40, 0x23, 0x00, 0x00, 0x00, 0x00, 0x00, 0x00,
    0x00, 0x00, 0x00, 0x00, 0x00, 0x00, 0x00, 0x00, 0x01, 0x02, 0x00, 0x00, 0x00, 0x00, 0x00, 0x00,
    0x00, 0x00, 0x00, 0x00, 0x00, 0x00, 0x00, 0x00, 0x00, 0x14, 0x00, 0x23, 0x00, 0x00, 0x00, 0x00,
    0x00, 0x00, 0x00, 0x00, 0x00, 0x00, 0x00, 0x00, 0x00, 0x00, 0x00, 0x00, 0x00, 0x00, 0x00, 0x00,
    0x00, 0x00, 0x00, 0x00, 0x00, 0x00, 0x00, 0x0B, 0x00, 0x01, 0x00, 0x01, 0x00, 0x01, 0x00, 0x01,
    0x00, 0x27, 0x00, 0x01, 0x00, 0x50, 0x06, 0x04, 0x01, 0x00, 0x00, 0x41, 0x00, 0x73, 0x02, 0x35,
    0x61, 0x61, 0x60, 0x60, 0x60, 0x61, 0x52, 0x31, 0x09, 0x00, 0x60, 0x61, 0x01, 0x00, 0x00, 0x51,
    0x43, 0x00, 0x35, 0x60, 0x61, 0x01, 0x01, 0x00, 0x51, 0x42, 0x00, 0x40, 0x00, 0x01, 0x08, 0x00,
    0x25, 0x31, 0x06, 0x00, 0x72, 0x00, 0x01, 0x64, 0x00, 0x80, 0x35, 0x81, 0x43, 0x61, 0x72, 0x69,
    0x63, 0x6F, 0x20, 0x6F, 0x74, 0x74, 0x69, 0x6D, 0x69, 0x7A, 0x7A, 0x61, 0x74, 0x6F, 0x21, 0x00,
    0x54, 0x72, 0x6F, 0x70, 0x70, 0x6F, 0x20, 0x70, 0x65, 0x73, 0x61, 0x6E, 0x74, 0x65, 0x00, 0x53,
    0x74, 0x69, 0x76, 0x61, 0x20, 0x64, 0x65, 0x6C, 0x20, 0x63, 0x61, 0x6D, 0x6D, 0x65, 0x6C, 0x6C,
    0x6F, 0x00, 0x4C, 0x61, 0x20, 0x50, 0x69, 0x61, 0x7A, 0x7A, 0x61, 0x20, 0x64, 0x65, 0x6C, 0x20,
    0x52, 0x65, 0x67, 0x69, 0x73, 0x74, 0x61, 0x6E, 0x00, 0x4D, 0x61, 0x64, 0x72, 0x61, 0x73, 0x73,
    0x65, 0x20, 0x69, 0x6D, 0x70, 0x6F, 0x6E, 0x65, 0x6E, 0x74, 0x69, 0x20, 0x63, 0x6F, 0x6E, 0x20,
    0x6D, 0x6F, 0x73, 0x61, 0x69, 0x63, 0x69, 0x20, 0x61, 0x7A, 0x7A, 0x75, 0x72, 0x72, 0x69, 0x20,
    0x64, 0x6F, 0x6D, 0x69, 0x6E, 0x61, 0x6E, 0x6F, 0x20, 0x6C, 0x61, 0x20, 0x70, 0x69, 0x61, 0x7A,
    0x7A, 0x61, 0x2E, 0x20, 0x46, 0x61, 0x74, 0x69, 0x6D, 0x61, 0x20, 0x69, 0x6E, 0x63, 0x6F, 0x6E,
    0x74, 0x72, 0x61, 0x20, 0x6D, 0x65, 0x72, 0x63, 0x61, 0x6E, 0x74, 0x69, 0x20, 0x73, 0x6F, 0x67,
    0x64, 0x69, 0x61, 0x6E, 0x69, 0x20, 0x63, 0x68, 0x65, 0x20, 0x61, 0x72, 0x72, 0x69, 0x76, 0x61,
    0x6E, 0x6F, 0x20, 0x64, 0x61, 0x6C, 0x20, 0x62, 0x61, 0x63, 0x69, 0x6E, 0x6F, 0x20, 0x64, 0x65,
    0x6C, 0x20, 0x54, 0x61, 0x72, 0x69, 0x6D, 0x2E, 0x20, 0x27, 0x4C, 0x65, 0x20, 0x6D, 0x65, 0x72,
    0x63, 0x69, 0x20, 0x70, 0x69, 0x75, 0x20, 0x72, 0x69, 0x63, 0x68, 0x69, 0x65, 0x73, 0x74, 0x65,
    0x20, 0x61, 0x20, 0x50, 0x65, 0x63, 0x68, 0x69, 0x6E, 0x6F, 0x20, 0x73, 0x6F, 0x6E, 0x6F, 0x20,
    0x69, 0x6C, 0x20, 0x76, 0x65, 0x74, 0x72, 0x6F, 0x20, 0x76, 0x65, 0x6E, 0x65, 0x7A, 0x69, 0x61,
    0x6E, 0x6F, 0x20, 0x65, 0x20, 0x6C, 0x65, 0x20, 0x73, 0x70, 0x65, 0x7A, 0x69, 0x65, 0x20, 0x70,
    0x65, 0x72, 0x73, 0x69, 0x61, 0x6E, 0x65, 0x2E, 0x27, 0x00, 0x52, 0x69, 0x6F, 0x72, 0x67, 0x61,
    0x6E, 0x69, 0x7A, 0x7A, 0x61, 0x72, 0x65, 0x20, 0x69, 0x6C, 0x20, 0x63, 0x61, 0x72, 0x69, 0x63,
    0x6F, 0x20, 0x73, 0x75, 0x69, 0x20, 0x63, 0x61, 0x6D, 0x6D, 0x65, 0x6C, 0x6C, 0x69, 0x00, 0x56,
    0x65, 0x6E, 0x64, 0x65, 0x72, 0x65, 0x20, 0x6D, 0x65, 0x74, 0x61, 0x20, 0x64, 0x65, 0x6C, 0x6C,
    0x65, 0x20, 0x73, 0x70, 0x65, 0x7A, 0x69, 0x65, 0x20, 0x28, 0x2B, 0x32, 0x30, 0x30, 0x20, 0x66,
    0x69, 0x6F, 0x72, 0x69, 0x6E, 0x69, 0x29, 0x00, 0x49, 0x20, 0x50, 0x69, 0x65, 0x64, 0x69, 0x20,
    0x64, 0x65, 0x6C, 0x20, 0x50, 0x61, 0x6D, 0x69, 0x72, 0x00, 0x49, 0x20, 0x6D, 0x65, 0x72, 0x63,
    0x61, 0x6E, 0x74, 0x69, 0x20, 0x6C, 0x6F, 0x63, 0x61, 0x6C, 0x69, 0x20, 0x61, 0x76, 0x76, 0x65,
    0x72, 0x74, 0x6F, 0x6E, 0x6F, 0x3A, 0x20, 0x27, 0x49, 0x6C, 0x20, 0x54, 0x65, 0x74, 0x74, 0x6F,
    0x20, 0x64, 0x65, 0x6C, 0x20, 0x4D, 0x6F, 0x6E, 0x64, 0x6F, 0x20, 0x6E, 0x6F, 0x6E, 0x20, 0x70,
    0x65, 0x72, 0x64, 0x6F, 0x6E, 0x61, 0x2E, 0x20, 0x49, 0x6C, 0x20, 0x70, 0x61, 0x73, 0x73, 0x6F,
    0x20, 0x64, 0x65, 0x6C, 0x20, 0x50, 0x61, 0x6D, 0x69, 0x72, 0x20, 0x73, 0x75, 0x70, 0x65, 0x72,
    0x61, 0x20, 0x69, 0x20, 0x71, 0x75, 0x61, 0x74, 0x74, 0x72, 0x6F, 0x6D, 0x69, 0x6C, 0x61, 0x20,
    0x6D, 0x65, 0x74, 0x72, 0x69, 0x2E, 0x20, 0x50, 0x6F, 0x72, 0x74, 0x61, 0x74, 0x65, 0x20, 0x6C,
    0x65, 0x67, 0x6E, 0x61, 0x20, 0x65, 0x20, 0x6C, 0x61, 0x6E, 0x61, 0x20, 0x63, 0x6F, 0x74, 0x74,
    0x61, 0x2E, 0x27, 0x00, 0x43, 0x6F, 0x6D, 0x70, 0x72, 0x61, 0x72, 0x65, 0x20, 0x69, 0x6E, 0x64,
    0x75, 0x6D, 0x65, 0x6E, 0x74, 0x69, 0x20, 0x70, 0x65, 0x73, 0x61, 0x6E, 0x74, 0x69, 0x20, 0x28,
    0x2D, 0x36, 0x30, 0x20, 0x66, 0x69, 0x6F, 0x72, 0x69, 0x6E, 0x69, 0x29, 0x00, 0x41, 0x66, 0x66,
    0x69, 0x64, 0x61, 0x72, 0x73, 0x69, 0x20, 0x61, 0x6C, 0x6C, 0x61, 0x20, 0x72, 0x65, 0x73, 0x69,
    0x73, 0x74, 0x65, 0x6E, 0x7A, 0x61, 0x20, 0x64, 0x65, 0x67, 0x6C, 0x69, 0x20, 0x75, 0x6F, 0x6D,
    0x69, 0x6E, 0x69, 0x00, 0x56, 0x65, 0x72, 0x73, 0x6F, 0x20, 0x69, 0x6C, 0x20, 0x54, 0x65, 0x74,
    0x74, 0x6F, 0x20, 0x64, 0x65, 0x6C, 0x20, 0x4D, 0x6F, 0x6E, 0x64, 0x6F, 0x00, 0x4C, 0x61, 0x20,
    0x63, 0x61, 0x72, 0x6F, 0x76, 0x61, 0x6E, 0x61, 0x20, 0x69, 0x6D, 0x62, 0x6F, 0x63, 0x63, 0x61,
    0x20, 0x6C, 0x61, 0x20, 0x67, 0x6F, 0x6C, 0x61, 0x20, 0x6D, 0x6F, 0x6E, 0x74, 0x75, 0x6F, 0x73,
    0x61, 0x2E, 0x20, 0x4C, 0x65, 0x20, 0x76, 0x65, 0x74, 0x74, 0x65, 0x20, 0x69, 0x6E, 0x6E, 0x65,
    0x76, 0x61, 0x74, 0x65, 0x20, 0x64, 0x65, 0x6C, 0x20, 0x50, 0x61, 0x6D, 0x69, 0x72, 0x20, 0x73,
    0x69, 0x20, 0x65, 0x72, 0x67, 0x6F, 0x6E, 0x6F, 0x20, 0x74, 0x69, 0x74, 0x61, 0x6E, 0x69, 0x63,
    0x68, 0x65, 0x20, 0x63, 0x6F, 0x6E, 0x74, 0x72, 0x6F, 0x20, 0x69, 0x6C, 0x20, 0x63, 0x69, 0x65,
    0x6C, 0x6F, 0x20, 0x63, 0x6F, 0x62, 0x61, 0x6C, 0x74, 0x6F, 0x2E, 0x00, 0x04, 0x00, 0x01, 0x00,
    0xC6, 0x03, 0x00, 0x00, 0x1C, 0x00, 0x00, 0x00, 0x24, 0x05, 0x00, 0x00, 0x98, 0x05, 0x00, 0x00,
    0x5E, 0x09, 0x00, 0x00, 0x5E, 0x09, 0x00, 0x00, 0x00, 0xFF, 0x2D, 0x00, 0x12, 0x00, 0x40, 0x00,
    0xD4, 0x00, 0x00, 0x00, 0x00, 0x00, 0x00, 0x00, 0xFF, 0x00, 0x00, 0x00, 0x00, 0x00, 0x02, 0x00,
    0x00, 0x00, 0x15, 0x01, 0x24, 0x00, 0x01, 0x00, 0x00, 0x00, 0x01, 0x00, 0x00, 0x00, 0x00, 0x00,
    0x00, 0x00, 0x00, 0x00, 0x00, 0x00, 0x00, 0x00, 0x00, 0x00, 0x00, 0x00, 0x00, 0x00, 0x00, 0x00,
    0x00, 0x00, 0x00, 0x00, 0x00, 0x00, 0x00, 0x00, 0x00, 0x00, 0x00, 0x00, 0x00, 0x00, 0x00, 0x00,
    0x00, 0x00, 0x00, 0x00, 0x00, 0x00, 0x00, 0x00, 0x00, 0x00, 0x00, 0x00, 0x00, 0x00, 0x00, 0x00,
    0x3A, 0x01, 0x18, 0x00, 0x01, 0x00, 0x00, 0x00, 0x01, 0x00, 0xFF, 0x00, 0x02, 0x00, 0x00, 0x00,
    0x00, 0x00, 0x00, 0x00, 0x00, 0x00, 0x00, 0x00, 0x00, 0x00, 0x00, 0x00, 0x00, 0x00, 0x00, 0x01,
    0xEC, 0xFF, 0x00, 0x00, 0xF6, 0xFF, 0x00, 0x00, 0x00, 0x00, 0x00, 0x00, 0x00, 0x00, 0x00, 0x00,
    0x00, 0x00, 0x00, 0x00, 0x00, 0x00, 0x00, 0x00, 0x00, 0x00, 0x00, 0x00, 0x00, 0x00, 0x00, 0x00,
    0x00, 0x00, 0x00, 0x00, 0x00, 0x00, 0x00, 0x00, 0x00, 0x00, 0x00, 0x00, 0x00, 0x00, 0x00, 0x00,
    0x00, 0x00, 0x00, 0x00, 0x00, 0x00, 0x00, 0x00, 0x00, 0x00, 0x00, 0x00, 0x00, 0x00, 0x00, 0x00,
    0x00, 0x00, 0x00, 0x00, 0x00, 0x00, 0x00, 0x00, 0x00, 0x00, 0x00, 0x00, 0x00, 0x00, 0x00, 0x00,
    0x00, 0x00, 0x00, 0x00, 0x00, 0x00, 0x00, 0x00, 0x00, 0x00, 0x00, 0x00, 0x00, 0x00, 0x00, 0x00,
    0x00, 0x00, 0x00, 0x00, 0x00, 0x00, 0x00, 0x00, 0x00, 0x00, 0x00, 0x00, 0x00, 0x00, 0x00, 0x00,
    0x00, 0x00, 0x00, 0x00, 0x00, 0x00, 0x00, 0x00, 0x00, 0x00, 0x00, 0x00, 0x00, 0x00, 0x00, 0x00,
    0x00, 0x00, 0x00, 0x00, 0x00, 0x00, 0x00, 0x00, 0x00, 0x00, 0x00, 0x00, 0x00, 0x00, 0x00, 0x00,
    0x00, 0x00, 0x00, 0x00, 0x00, 0x00, 0x00, 0x00, 0x00, 0x00, 0x00, 0x00, 0x00, 0x00, 0x00, 0x00,
    0x00, 0x00, 0x00, 0x00, 0x00, 0x00, 0x00, 0x00, 0x00, 0x00, 0x00, 0x00, 0x00, 0x00, 0x00, 0x00,
    0x00, 0x00, 0x00, 0x00, 0x00, 0x00, 0x00, 0x00, 0x00, 0x00, 0x00, 0x00, 0x00, 0x00, 0x00, 0x00,
    0x00, 0x00, 0x00, 0x00, 0x00, 0x00, 0x00, 0x00, 0x00, 0x00, 0x00, 0xFF, 0x53, 0x01, 0x14, 0x00,
    0x68, 0x01, 0x9E, 0x00, 0x00, 0x00, 0x00, 0x00, 0x00, 0x00, 0xFF, 0x00, 0x00, 0x00, 0x00, 0x00,
    0x01, 0x00, 0x00, 0x00, 0x07, 0x02, 0x2B, 0x00, 0x02, 0x00, 0x00, 0x00, 0x02, 0x00, 0xFF, 0x00,
    0x01, 0x00, 0x00, 0x00, 0x00, 0x00, 0x00, 0x00, 0x00, 0x00, 0x00, 0x00, 0x00, 0x00, 0x00, 0x00,
    0x00, 0x00, 0x00, 0x00, 0xF1, 0xFF, 0x00, 0x00, 0x00, 0x00, 0x00, 0x00, 0x00, 0x00, 0x00, 0x00,
    0x00, 0x00, 0x00, 0x00, 0x00, 0x00, 0x00, 0x00, 0x00, 0x00, 0x00, 0x00, 0x00, 0x00, 0x00, 0x00,
    0x00, 0x00, 0x00, 0x00, 0x00, 0x00, 0x00, 0x00, 0x00, 0x00, 0x00, 0x00, 0x00, 0x00, 0x00, 0x00,
    0x00, 0x00, 0x00, 0x00, 0x00, 0x00, 0x00, 0x00, 0x00, 0x00, 0x00, 0x00, 0x00, 0x00, 0x00, 0x00,
    0x00, 0x00, 0x00, 0x00, 0x00, 0x00, 0x00, 0x00, 0x00, 0x00, 0x00, 0x00, 0x00, 0x00, 0x00, 0x00,
    0x00, 0x00, 0x00, 0x00, 0x00, 0x00, 0x00, 0x00, 0x00, 0x00, 0x00, 0x00, 0x00, 0x00, 0x00, 0x00,
    0x00, 0x00, 0x00, 0x00, 0x00, 0x00, 0x00, 0x00, 0x00, 0x00, 0x00, 0x00, 0x00, 0x00, 0x00, 0x00,
    0x00, 0x00, 0x00, 0x00, 0x00, 0x00, 0x00, 0x00, 0x00, 0x00, 0x00, 0x00, 0x00, 0x00, 0x00, 0x00,
    0x00, 0x00, 0x00, 0x00, 0x00, 0x00, 0x00, 0x00, 0x00, 0x00, 0x00, 0x00, 0x00, 0x00, 0x00, 0x00,
    0x00, 0x00, 0x00, 0x00, 0x00, 0x00, 0x00, 0x00, 0x00, 0x00, 0x00, 0x00, 0x00, 0x00, 0x00, 0x00,
    0x00, 0x00, 0x00, 0x00, 0x00, 0x00, 0x00, 0x00, 0x00, 0x00, 0x00, 0x00, 0x00, 0x00, 0x00, 0x00,
    0x00, 0x00, 0x00, 0x00, 0x00, 0x00, 0x00, 0x00, 0x00, 0x00, 0x00, 0x00, 0x00, 0x00, 0x00, 0x00,
    0x00, 0x00, 0x00, 0x00, 0x00, 0x00, 0x00, 0x00, 0x00, 0x00, 0x00, 0x00, 0x00, 0x00, 0x00, 0x00,
    0x00, 0x00, 0x00, 0x00, 0x00, 0x00, 0x00, 0x00, 0x00, 0x00, 0x00, 0x00, 0x00, 0x00, 0x00, 0x00,
    0x00, 0x00, 0x00, 0x00, 0x00, 0x00, 0x00, 0x00, 0x00, 0x00, 0x00, 0x00, 0x00, 0x00, 0x00, 0x00,
    0x00, 0x00, 0x00, 0x00, 0x00, 0x00, 0x00, 0x00, 0x00, 0x00, 0x00, 0x00, 0x00, 0x00, 0x00, 0x00,
    0x00, 0x00, 0x00, 0x00, 0x00, 0x00, 0x00, 0x00, 0x00, 0x00, 0x00, 0x00, 0x00, 0xFF, 0x33, 0x02,
    0x12, 0x00, 0x46, 0x02, 0xC4, 0x00, 0x00, 0x00, 0x00, 0x00, 0x00, 0x00, 0xFF, 0x00, 0x00, 0x00,
    0x00, 0x00, 0x01, 0x00, 0x00, 0x00, 0x0B, 0x03, 0x1D, 0x00, 0x03, 0x00, 0x00, 0x00, 0x03, 0x00,
    0xFF, 0x00, 0x01, 0x00, 0x00, 0x00, 0x00, 0x00, 0x00, 0x00, 0x00, 0x00, 0x00, 0x00, 0x00, 0x00,
    0x00, 0x00, 0x00, 0x00, 0x00, 0x05, 0x14, 0x00, 0x00, 0x00, 0x00, 0x00, 0x00, 0x00, 0x00, 0x00,
    0x00, 0x00, 0x00, 0x00, 0x00, 0x00, 0x00, 0x00, 0x00, 0x00, 0x00, 0x00, 0x00, 0x00, 0x00, 0x00,
    0x00, 0x00, 0x00, 0x00, 0x00, 0x00, 0x00, 0x00, 0x00, 0x00, 0x00, 0x00, 0x00, 0x00, 0x00, 0x00,
    0x00, 0x00, 0x00, 0x00, 0x00, 0x00, 0x00, 0x00, 0x00, 0x00, 0x00, 0x00, 0x00, 0x00, 0x00, 0x00,
    0x00, 0x00, 0x00, 0x00, 0x00, 0x00, 0x00, 0x00, 0x00, 0x00, 0x00, 0x00, 0x00, 0x00, 0x00, 0x00,
    0x00, 0x00, 0x00, 0x00, 0x00, 0x00, 0x00, 0x00, 0x00, 0x00, 0x00, 0x00, 0x00, 0x00, 0x00, 0x00,
    0x00, 0x00, 0x00, 0x00, 0x00, 0x00, 0x00, 0x00, 0x00, 0x00, 0x00, 0x00, 0x00, 0x00, 0x00, 0x00,
    0x00, 0x00, 0x00, 0x00, 0x00, 0x00, 0x00, 0x00, 0x00, 0x00, 0x00, 0x00, 0x00, 0x00, 0x00, 0x00,
    0x00, 0x00, 0x00, 0x00, 0x00, 0x00, 0x00, 0x00, 0x00, 0x00, 0x00, 0x00, 0x00, 0x00, 0x00, 0x00,
    0x00, 0x00, 0x00, 0x00, 0x00, 0x00, 0x00, 0x00, 0x00, 0x00, 0x00, 0x00, 0x00, 0x00, 0x00, 0x00,
    0x00, 0x00, 0x00, 0x00, 0x00, 0x00, 0x00, 0x00, 0x00, 0x00, 0x00, 0x00, 0x00, 0x00, 0x00, 0x00,
    0x00, 0x00, 0x00, 0x00, 0x00, 0x00, 0x00, 0x00, 0x00, 0x00, 0x00, 0x00, 0x00, 0x00, 0x00, 0x00,
    0x00, 0x00, 0x00, 0x00, 0x00, 0x00, 0x00, 0x00, 0x00, 0x00, 0x00, 0x00, 0x00, 0x00, 0x00, 0x00,
    0x00, 0x00, 0x00, 0x00, 0x00, 0x00, 0x00, 0x00, 0x00, 0x00, 0x00, 0x00, 0x00, 0x00, 0x00, 0x00,
    0x00, 0x00, 0x00, 0x00, 0x00, 0x00, 0x00, 0x00, 0x00, 0x00, 0x00, 0x00, 0x00, 0x00, 0x00, 0x00,
    0x00, 0x00, 0x00, 0x00, 0x00, 0x00, 0x00, 0x00, 0x00, 0x00, 0x00, 0x00, 0x00, 0x00, 0x00, 0x00,
    0x00, 0x00, 0x00, 0x00, 0x00, 0x00, 0x00, 0x00, 0x00, 0x00, 0x00, 0x00, 0x00, 0x00, 0x05, 0xFF,
    0x29, 0x03, 0x12, 0x00, 0x3C, 0x03, 0x89, 0x00, 0x00, 0x00, 0x00, 0x00, 0x00, 0x00, 0xFF, 0x00,
    0x00, 0x00, 0x00, 0x00, 0x00, 0x00, 0x00, 0x00, 0x00, 0x00, 0x00, 0x00, 0x00, 0x00, 0x00, 0x00,
    0x00, 0x00, 0x00, 0x00, 0x00, 0x00, 0x00, 0x00, 0x00, 0x00, 0x00, 0x00, 0x00, 0x00, 0x00, 0x00,
    0x00, 0x00, 0x00, 0x00, 0x00, 0x00, 0x00, 0x00, 0x00, 0x00, 0x00, 0x00, 0x00, 0x00, 0x00, 0x00,
    0x00, 0x00, 0x00, 0x00, 0x00, 0x00, 0x00, 0x00, 0x00, 0x00, 0x00, 0x00, 0x00, 0x00, 0x00, 0x00,
    0x00, 0x00, 0x00, 0x00, 0x00, 0x00, 0x00, 0x00, 0x00, 0x00, 0x00, 0x00, 0x00, 0x00, 0x00, 0x00,
    0x00, 0x00, 0x00, 0x00, 0x00, 0x00, 0x00, 0x00, 0x00, 0x00, 0x00, 0x00, 0x00, 0x00, 0x00, 0x00,
    0x00, 0x00, 0x00, 0x00, 0x00, 0x00, 0x00, 0x00, 0x00, 0x00, 0x00, 0x00, 0x00, 0x00, 0x00, 0x00,
    0x00, 0x00, 0x00, 0x00, 0x00, 0x00, 0x00, 0x00, 0x00, 0x00, 0x00, 0x00, 0x00, 0x00, 0x00, 0x00,
    0x00, 0x00, 0x00, 0x00, 0x00, 0x00, 0x00, 0x00, 0x00, 0x00, 0x00, 0x00, 0x00, 0x00, 0x00, 0x00,
    0x00, 0x00, 0x00, 0x00, 0x00, 0x00, 0x00, 0x00, 0x00, 0x00, 0x00, 0x00, 0x00, 0x00, 0x00, 0x00,
    0x00, 0x00, 0x00, 0x00, 0x00, 0x00, 0x00, 0x00, 0x00, 0x00, 0x00, 0x00, 0x00, 0x00, 0x00, 0x00,
    0x00, 0x00, 0x00, 0x00, 0x00, 0x00, 0x00, 0x00, 0x00, 0x00, 0x00, 0x00, 0x00, 0x00, 0x00, 0x00,
    0x00, 0x00, 0x00, 0x00, 0x00, 0x00, 0x00, 0x00, 0x00, 0x00, 0x00, 0x00, 0x00, 0x00, 0x00, 0x00,
    0x00, 0x00, 0x00, 0x00, 0x00, 0x00, 0x00, 0x00, 0x00, 0x00, 0x00, 0x00, 0x00, 0x00, 0x00, 0x00,
    0x00, 0x00, 0x00, 0x00, 0x00, 0x00, 0x00, 0x00, 0x00, 0x00, 0x00, 0x00, 0x00, 0x00, 0x00, 0x00,
    0x00, 0x00, 0x00, 0x00, 0x00, 0x00, 0x00, 0x00, 0x00, 0x00, 0x00, 0x00, 0x00, 0x00, 0x00, 0x00,
    0x00, 0x00, 0x00, 0x00, 0x00, 0x00, 0x00, 0x00, 0x00, 0x00, 0x00, 0x00, 0x00, 0x00, 0x00, 0x00,
    0x00, 0x00, 0x00, 0x00, 0x00, 0x00, 0x00, 0x00, 0x00, 0x00, 0x00, 0x00, 0x00, 0x00, 0x00, 0x00,
    0x00, 0x00, 0x00, 0x00, 0x00, 0x00, 0x00, 0x00, 0x00, 0x00, 0x00, 0x00, 0x00, 0x00, 0x00, 0x00,
    0x06, 0x04, 0x03, 0x00, 0x2E, 0x4F, 0x2A, 0x00, 0x00, 0x00, 0x00, 0x00, 0x00, 0x00, 0x00, 0x00,
    0x00, 0x00, 0x00, 0x00, 0x00, 0x01, 0x02, 0x00, 0x00, 0x00, 0x00, 0x00, 0x00, 0x00, 0x00, 0x00,
    0x00, 0x00, 0x00, 0x00, 0x00, 0x00, 0x11, 0x00, 0x1A, 0x00, 0x00, 0x00, 0x00, 0x00, 0x00, 0x00,
    0x00, 0x00, 0x00, 0x00, 0x00, 0x00, 0x00, 0x00, 0x00, 0x00, 0x00, 0x00, 0x00, 0x00, 0x00, 0x00,
    0x00, 0x00, 0x00, 0x00, 0x0B, 0x00, 0x01, 0x00, 0x01, 0x00, 0x01, 0x00, 0x01, 0x00, 0x12, 0x00,
    0x01, 0x00, 0x50, 0x06, 0x04, 0x01, 0x00, 0x00, 0x41, 0x00, 0x73, 0x02, 0x35, 0x61, 0x61, 0x60,
    0x60, 0x42, 0x00, 0x40, 0x00, 0x01, 0x04, 0x00, 0x25, 0x31, 0x06, 0x00, 0x72, 0x00, 0x01, 0x64,
    0x00, 0x80, 0x35, 0x81, 0x4E, 0x6F, 0x74, 0x74, 0x65, 0x20, 0x74, 0x72, 0x61, 0x6E, 0x71, 0x75,
    0x69, 0x6C, 0x6C, 0x61, 0x00, 0x41, 0x6C, 0x6C, 0x61, 0x72, 0x6D, 0x65, 0x21, 0x00, 0x53, 0x6F,
    0x72, 0x76, 0x65, 0x67, 0x6C, 0x69, 0x61, 0x6E, 0x7A, 0x61, 0x20, 0x63, 0x61, 0x6D, 0x70, 0x6F,
    0x00, 0x49, 0x6C, 0x20, 0x54, 0x65, 0x74, 0x74, 0x6F, 0x20, 0x64, 0x65, 0x6C, 0x20, 0x4D, 0x6F,
    0x6E, 0x64, 0x6F, 0x00, 0x41, 0x20, 0x34, 0x30, 0x30, 0x30, 0x20, 0x6D, 0x65, 0x74, 0x72, 0x69,
    0x20, 0x6C, 0x27, 0x61, 0x72, 0x69, 0x61, 0x20, 0x65, 0x20, 0x72, 0x61, 0x72, 0x65, 0x66, 0x61,
    0x74, 0x74, 0x61, 0x2E, 0x20, 0x49, 0x6C, 0x20, 0x72, 0x65, 0x73, 0x70, 0x69, 0x72, 0x6F, 0x20,
    0x73, 0x69, 0x20, 0x66, 0x61, 0x20, 0x63, 0x6F, 0x72, 0x74, 0x6F, 0x20, 0x65, 0x20, 0x69, 0x6C,
    0x20, 0x66, 0x75, 0x6F, 0x63, 0x6F, 0x20, 0x73, 0x74, 0x65, 0x6E, 0x74, 0x61, 0x20, 0x61, 0x64,
    0x20, 0x61, 0x63, 0x63, 0x65, 0x6E, 0x64, 0x65, 0x72, 0x73, 0x69, 0x2E, 0x20, 0x4D, 0x61, 0x72,
    0x63, 0x6F, 0x20, 0x6F, 0x73, 0x73, 0x65, 0x72, 0x76, 0x61, 0x20, 0x69, 0x6C, 0x20, 0x63, 0x6F,
    0x6D, 0x70, 0x6F, 0x72, 0x74, 0x61, 0x6D, 0x65, 0x6E, 0x74, 0x6F, 0x20, 0x64, 0x65, 0x6C, 0x6C,
    0x65, 0x20, 0x70, 0x65, 0x63, 0x6F, 0x72, 0x65, 0x20, 0x67, 0x69, 0x67, 0x61, 0x6E, 0x74, 0x69,
    0x20, 0x64, 0x61, 0x6C, 0x6C, 0x65, 0x20, 0x63, 0x6F, 0x72, 0x6E, 0x61, 0x20, 0x72, 0x69, 0x63,
    0x75, 0x72, 0x76, 0x65, 0x20, 0x28, 0x63, 0x68, 0x65, 0x20, 0x70, 0x69, 0x75, 0x20, 0x74, 0x61,
    0x72, 0x64, 0x69, 0x20, 0x70, 0x72, 0x65, 0x6E, 0x64, 0x65, 0x72, 0x61, 0x6E, 0x6E, 0x6F, 0x20,
    0x69, 0x6C, 0x20, 0x73, 0x75, 0x6F, 0x20, 0x6E, 0x6F, 0x6D, 0x65, 0x3A, 0x20, 0x4F, 0x76, 0x69,
    0x73, 0x20, 0x50, 0x6F, 0x6C, 0x69, 0x29, 0x2E, 0x00, 0x4D, 0x61, 0x6E, 0x74, 0x65, 0x6E, 0x65,
    0x72, 0x65, 0x20, 0x6C, 0x61, 0x20, 0x67, 0x75, 0x61, 0x72, 0x64, 0x69, 0x61, 0x20, 0x6E, 0x6F,
    0x74, 0x74, 0x75, 0x72, 0x6E, 0x61, 0x20, 0x61, 0x74, 0x74, 0x69, 0x76, 0x61, 0x00, 0x41, 0x76,
    0x61, 0x6E, 0x7A, 0x61, 0x72, 0x65, 0x20, 0x61, 0x20, 0x74, 0x61, 0x70, 0x70, 0x65, 0x20, 0x66,
    0x6F, 0x72, 0x7A, 0x61, 0x74, 0x65, 0x00, 0x4C, 0x61, 0x20, 0x44, 0x69, 0x73, 0x63, 0x65, 0x73,
    0x61, 0x20, 0x61, 0x20, 0x4B, 0x61, 0x73, 0x68, 0x67, 0x61, 0x72, 0x00, 0x53, 0x75, 0x70, 0x65,
    0x72, 0x61, 0x74, 0x6F, 0x20, 0x69, 0x6C, 0x20, 0x70, 0x61, 0x73, 0x73, 0x6F, 0x2C, 0x20, 0x6C,
    0x61, 0x20, 0x64, 0x69, 0x73, 0x63, 0x65, 0x73, 0x61, 0x20, 0x70, 0x6F, 0x72, 0x74, 0x61, 0x20,
    0x61, 0x6C, 0x6C, 0x27, 0x6F, 0x61, 0x73, 0x69, 0x20, 0x64, 0x69, 0x20, 0x4B, 0x61, 0x73, 0x68,
    0x67, 0x61, 0x72, 0x2C, 0x20, 0x64, 0x6F, 0x76, 0x65, 0x20, 0x6C, 0x61, 0x20, 0x56, 0x69, 0x61,
    0x20, 0x64, 0x65, 0x6C, 0x6C, 0x61, 0x20, 0x53, 0x65, 0x74, 0x61, 0x20, 0x73, 0x69, 0x20, 0x64,
    0x69, 0x76, 0x69, 0x64, 0x65, 0x20, 0x74, 0x72, 0x61, 0x20, 0x69, 0x6C, 0x20, 0x72, 0x61, 0x6D,
    0x6F, 0x20, 0x6E, 0x6F, 0x72, 0x64, 0x20, 0x65, 0x20, 0x69, 0x6C, 0x20, 0x72, 0x61, 0x6D, 0x6F,
    0x20, 0x73, 0x75, 0x64, 0x20, 0x64, 0x65, 0x6C, 0x20, 0x6D, 0x69, 0x63, 0x69, 0x64, 0x69, 0x61,
    0x6C, 0x65, 0x20, 0x64, 0x65, 0x73, 0x65, 0x72, 0x74, 0x6F, 0x20, 0x64, 0x65, 0x6C, 0x20, 0x54,
    0x61, 0x6B, 0x6C, 0x61, 0x6D, 0x61, 0x6B, 0x61, 0x6E, 0x2E, 0x00, 0x50, 0x72, 0x65, 0x6E, 0x64,
    0x65, 0x72, 0x65, 0x20, 0x6C, 0x61, 0x20, 0x76, 0x69, 0x61, 0x20, 0x73, 0x65, 0x74, 0x74, 0x65,
    0x6E, 0x74, 0x72, 0x69, 0x6F, 0x6E, 0x61, 0x6C, 0x65, 0x20, 0x70, 0x65, 0x72, 0x20, 0x44, 0x75,
    0x6E, 0x68, 0x75, 0x61, 0x6E, 0x67, 0x00, 0x4C, 0x65, 0x20, 0x47, 0x72, 0x6F, 0x74, 0x74, 0x65,
    0x20, 0x64, 0x69, 0x20, 0x4D, 0x6F, 0x67, 0x61, 0x6F, 0x00, 0x41, 0x20, 0x44, 0x75, 0x6E, 0x68,
    0x75, 0x61, 0x6E, 0x67, 0x2C, 0x20, 0x63, 0x65, 0x6E, 0x74, 0x69, 0x6E, 0x61, 0x69, 0x61, 0x20,
    0x64, 0x69, 0x20, 0x74, 0x65, 0x6D, 0x70, 0x6C, 0x69, 0x20, 0x73, 0x63, 0x61, 0x76, 0x61, 0x74,
    0x69, 0x20, 0x6E, 0x65, 0x6C, 0x6C, 0x61, 0x20, 0x72, 0x6F, 0x63, 0x63, 0x69, 0x61, 0x20, 0x63,
    0x75, 0x73, 0x74, 0x6F, 0x64, 0x69, 0x73, 0x63, 0x6F, 0x6E, 0x6F, 0x20, 0x6D, 0x69, 0x67, 0x6C,
    0x69, 0x61, 0x69, 0x61, 0x20, 0x64, 0x69, 0x20, 0x73, 0x74, 0x61, 0x74, 0x75, 0x65, 0x20, 0x62,
    0x75, 0x64, 0x64, 0x68, 0x69, 0x73, 0x74, 0x65, 0x20, 0x65, 0x20, 0x6D, 0x61, 0x6E, 0x6F, 0x73,
    0x63, 0x72, 0x69, 0x74, 0x74, 0x69, 0x20, 0x69, 0x6E, 0x20, 0x64, 0x65, 0x63, 0x69, 0x6E, 0x65,
    0x20, 0x64, 0x69, 0x20, 0x6C, 0x69, 0x6E, 0x67, 0x75, 0x65, 0x2E, 0x20, 0x49, 0x20, 0x6D, 0x6F,
    0x6E, 0x61, 0x63, 0x69, 0x20, 0x6F, 0x66, 0x66, 0x72, 0x6F, 0x6E, 0x6F, 0x20, 0x74, 0x65, 0x20,
    0x65, 0x20, 0x70, 0x72, 0x65, 0x67, 0x68, 0x69, 0x65, 0x72, 0x65, 0x20, 0x64, 0x69, 0x20, 0x70,
    0x72, 0x6F, 0x74, 0x65, 0x7A, 0x69, 0x6F, 0x6E, 0x65, 0x20, 0x70, 0x65, 0x72, 0x20, 0x6C, 0x27,
    0x75, 0x6C, 0x74, 0x69, 0x6D, 0x6F, 0x20, 0x74, 0x72, 0x61, 0x74, 0x74, 0x6F, 0x2E, 0x00, 0x45,
    0x6E, 0x74, 0x72, 0x61, 0x72, 0x65, 0x20, 0x6E, 0x65, 0x6C, 0x6C, 0x61, 0x20, 0x43, 0x69, 0x6E,
    0x61, 0x20, 0x64, 0x65, 0x67, 0x6C, 0x69, 0x20, 0x59, 0x75, 0x61, 0x6E, 0x00, 0x4C, 0x61, 0x20,
    0x47, 0x72, 0x61, 0x6E, 0x64, 0x65, 0x20, 0x4D, 0x75, 0x72, 0x61, 0x67, 0x6C, 0x69, 0x61, 0x00,
    0x49, 0x20, 0x70, 0x72, 0x69, 0x6D, 0x69, 0x20, 0x62, 0x61, 0x73, 0x74, 0x69, 0x6F, 0x6E, 0x69,
    0x20, 0x64, 0x65, 0x6C, 0x6C, 0x61, 0x20, 0x47, 0x72, 0x61, 0x6E, 0x64, 0x65, 0x20, 0x4D, 0x75,
    0x72, 0x61, 0x67, 0x6C, 0x69, 0x61, 0x20, 0x73, 0x69, 0x20, 0x70, 0x72, 0x6F, 0x66, 0x69, 0x6C,
    0x61, 0x6E, 0x6F, 0x20, 0x61, 0x6C, 0x6C, 0x27, 0x6F, 0x72, 0x69, 0x7A, 0x7A, 0x6F, 0x6E, 0x74,
    0x65, 0x2E, 0x20, 0x49, 0x6C, 0x20, 0x47, 0x72, 0x61, 0x6E, 0x20, 0x43, 0x61, 0x6E, 0x61, 0x6C,
    0x65, 0x20, 0x65, 0x20, 0x6C, 0x61, 0x20, 0x70, 0x69, 0x61, 0x6E, 0x75, 0x72, 0x61, 0x20, 0x64,
    0x69, 0x20, 0x50, 0x65, 0x63, 0x68, 0x69, 0x6E, 0x6F, 0x20, 0x73, 0x6F, 0x6E, 0x6F, 0x20, 0x61,
    0x20, 0x70, 0x6F, 0x63, 0x68, 0x69, 0x20, 0x67, 0x69, 0x6F, 0x72, 0x6E, 0x69, 0x20, 0x64, 0x69,
    0x20, 0x63, 0x61, 0x6D, 0x6D, 0x69, 0x6E, 0x6F, 0x2E, 0x00, 0x04, 0x00, 0x00, 0x00, 0xE1, 0x03,
    0x00, 0x00, 0x1C, 0x00, 0x00, 0x00, 0x24, 0x05, 0x00, 0x00, 0x24, 0x05, 0x00, 0x00, 0x05, 0x09,
    0x00, 0x00, 0x05, 0x09, 0x00, 0x00, 0x00, 0xFF, 0x00, 0x00, 0x15, 0x00, 0x16, 0x00, 0xF0, 0x00,
    0x00, 0x00, 0x00, 0x00, 0x00, 0x00, 0xFF, 0x00, 0x00, 0x00, 0x00, 0x00, 0x01, 0x00, 0x00, 0x00,
    0x07, 0x01, 0x2F, 0x00, 0x01, 0x00, 0x00, 0x00, 0x01, 0x00, 0xFF, 0x00, 0x00, 0x00, 0x00, 0x00,
    0x00, 0x00, 0x00, 0x00, 0x00, 0x00, 0x00, 0x00, 0x00, 0x00, 0x00, 0x00, 0x00, 0x00, 0x00, 0x00,
    0x00, 0x00, 0x00, 0x00, 0x00, 0x00, 0x00, 0x00, 0x00, 0x00, 0x00, 0x00, 0x00, 0x00, 0x00, 0x00,
    0x00, 0x00, 0x00, 0x00, 0x00, 0x00, 0x00, 0x00, 0x00, 0x00, 0x00, 0x00, 0x00, 0x00, 0x00, 0x00,
    0x00, 0x00, 0x00, 0x00, 0x00, 0x00, 0x00, 0x00, 0x00, 0x00, 0x00, 0x00, 0x00, 0x00, 0x00, 0x00,
    0x00, 0x00, 0x00, 0x00, 0x00, 0x00, 0x00, 0x00, 0x00, 0x00, 0x00, 0x00, 0x00, 0x00, 0x00, 0x00,
    0x00, 0x00, 0x00, 0x00, 0x00, 0x00, 0x00, 0x00, 0x00, 0x00, 0x00, 0x00, 0x00, 0x00, 0x00, 0x00,
    0x00, 0x00, 0x00, 0x00, 0x00, 0x00, 0x00, 0x00, 0x00, 0x00, 0x00, 0x00, 0x00, 0x00, 0x00, 0x00,
    0x00, 0x00, 0x00, 0x00, 0x00, 0x00, 0x00, 0x00, 0x00, 0x00, 0x00, 0x00, 0x00, 0x00, 0x00, 0x00,
    0x00, 0x00, 0x00, 0x00, 0x00, 0x00, 0x00, 0x00, 0x00, 0x00, 0x00, 0x00, 0x00, 0x00, 0x00, 0x00,
    0x00, 0x00, 0x00, 0x00, 0x00, 0x00, 0x00, 0x00, 0x00, 0x00, 0x00, 0x00, 0x00, 0x00, 0x00, 0x00,
    0x00, 0x00, 0x00, 0x00, 0x00, 0x00, 0x00, 0x00, 0x00, 0x00, 0x00, 0x00, 0x00, 0x00, 0x00, 0x00,
    0x00, 0x00, 0x00, 0x00, 0x00, 0x00, 0x00, 0x00, 0x00, 0x00, 0x00, 0x00, 0x00, 0x00, 0x00, 0x00,
    0x00, 0x00, 0x00, 0x00, 0x00, 0x00, 0x00, 0x00, 0x00, 0x00, 0x00, 0x00, 0x00, 0x00, 0x00, 0x00,
    0x00, 0x00, 0x00, 0x00, 0x00, 0x00, 0x00, 0x00, 0x00, 0x00, 0x00, 0x00, 0x00, 0x00, 0x00, 0x00,
    0x00, 0x00, 0x00, 0x00, 0x00, 0x00, 0x00, 0x00, 0x00, 0x00, 0x00, 0x00, 0x00, 0x00, 0x00, 0x00,
    0x00, 0x00, 0x00, 0x00, 0x00, 0x00, 0x00, 0x00, 0x00, 0x00, 0x00, 0x00, 0x00, 0x00, 0x00, 0x00,
    0x00, 0x00, 0x00, 0x00, 0x00, 0x00, 0x00, 0x00, 0x00, 0x00, 0x00, 0x00, 0x00, 0x00, 0x00, 0x00,
    0x00, 0x00, 0x00, 0x00, 0x00, 0x00, 0x00, 0x00, 0x00, 0xFF, 0x37, 0x01, 0x13, 0x00, 0x4B, 0x01,
    0xD4, 0x00, 0x00, 0x00, 0x00, 0x00, 0x00, 0x00, 0xFF, 0x00, 0x00, 0x00, 0x00, 0x00, 0x01, 0x00,
    0x00, 0x00, 0x20, 0x02, 0x2E, 0x00, 0x02, 0x00, 0x00, 0x00, 0x02, 0x00, 0xFF, 0x00, 0x02, 0x00,
    0x00, 0x00, 0x00, 0x00, 0x00, 0x00, 0x00, 0x00, 0x00, 0x00, 0x00, 0x00, 0x00, 0x00, 0x00, 0x00,
    0x00, 0x02, 0xE8, 0x03, 0x00, 0x05, 0x1E, 0x00, 0x00, 0x00, 0x00, 0x00, 0x00, 0x00, 0x00, 0x00,
    0x00, 0x00, 0x00, 0x00, 0x00, 0x00, 0x00, 0x00, 0x00, 0x00, 0x00, 0x00, 0x00, 0x00, 0x00, 0x00,
    0x00, 0x00, 0x00, 0x00, 0x00, 0x00, 0x00, 0x00, 0x00, 0x00, 0x00, 0x00, 0x00, 0x00, 0x00, 0x00,
    0x00, 0x00, 0x00, 0x00, 0x00, 0x00, 0x00, 0x00, 0x00, 0x00, 0x00, 0x00, 0x00, 0x00, 0x00, 0x00,
    0x00, 0x00, 0x00, 0x00, 0x00, 0x00, 0x00, 0x00, 0x00, 0x00, 0x00, 0x00, 0x00, 0x00, 0x00, 0x00,
    0x00, 0x00, 0x00, 0x00, 0x00, 0x00, 0x00, 0x00, 0x00, 0x00, 0x00, 0x00, 0x00, 0x00, 0x00, 0x00,
    0x00, 0x00, 0x00, 0x00, 0x00, 0x00, 0x00, 0x00, 0x00, 0x00, 0x00, 0x00, 0x00, 0x00, 0x00, 0x00,
    0x00, 0x00, 0x00, 0x00, 0x00, 0x00, 0x00, 0x00, 0x00, 0x00, 0x00, 0x00, 0x00, 0x00, 0x00, 0x00,
    0x00, 0x00, 0x00, 0x00, 0x00, 0x00, 0x00, 0x00, 0x00, 0x00, 0x00, 0x00, 0x00, 0x00, 0x00, 0x00,
    0x00, 0x00, 0x00, 0x00, 0x00, 0x00, 0x00, 0x00, 0x00, 0x00, 0x00, 0x00, 0x00, 0x00, 0x00, 0x00,
    0x00, 0x00, 0x00, 0x00, 0x00, 0x00, 0x00, 0x00, 0x00, 0x00, 0x00, 0x00, 0x00, 0x00, 0x00, 0x00,
    0x00, 0x00, 0x00, 0x00, 0x00, 0x00, 0x00, 0x00, 0x00, 0x00, 0x00, 0x00, 0x00, 0x00, 0x00, 0x00,
    0x00, 0x00, 0x00, 0x00, 0x00, 0x00, 0x00, 0x00, 0x00, 0x00, 0x00, 0x00, 0x00, 0x00, 0x00, 0x00,
    0x00, 0x00, 0x00, 0x00, 0x00, 0x00, 0x00, 0x00, 0x00, 0x00, 0x00, 0x00, 0x00, 0x00, 0x00, 0x00,
    0x00, 0x00, 0x00, 0x00, 0x00, 0x00, 0x00, 0x00, 0x00, 0x00, 0x00, 0x00, 0x00, 0x00, 0x00, 0x00,
    0x00, 0x00, 0x00, 0x00, 0x00, 0x00, 0x00, 0x00, 0x00, 0x00, 0x00, 0x00, 0x00, 0x00, 0x00, 0x00,
    0x00, 0x00, 0x00, 0x00, 0x00, 0x00, 0x00, 0x00, 0x00, 0x00, 0x00, 0xFF, 0x4F, 0x02, 0x0F, 0x00,
    0x5F, 0x02, 0xC3, 0x00, 0x00, 0x00, 0x00, 0x00, 0x00, 0x00, 0xFF, 0x00, 0x00, 0x00, 0x00, 0x00,
    0x01, 0x00, 0x00, 0x00, 0x23, 0x03, 0x22, 0x00, 0x03, 0x00, 0x00, 0x00, 0x03, 0x00, 0xFF, 0x00,
    0x00, 0x00, 0x00, 0x00, 0x00, 0x00, 0x00, 0x00, 0x00, 0x00, 0x00, 0x00, 0x00, 0x00, 0x00, 0x00,
    0x00, 0x00, 0x00, 0x00, 0x00, 0x00, 0x00, 0x00, 0x00, 0x00, 0x00, 0x00, 0x00, 0x00, 0x00, 0x00,
    0x00, 0x00, 0x00, 0x00, 0x00, 0x00, 0x00, 0x00, 0x00, 0x00, 0x00, 0x00, 0x00, 0x00, 0x00, 0x00,
    0x00, 0x00, 0x00, 0x00, 0x00, 0x00, 0x00, 0x00, 0x00, 0x00, 0x00, 0x00, 0x00, 0x00, 0x00, 0x00,
    0x00, 0x00, 0x00, 0x00, 0x00, 0x00, 0x00, 0x00, 0x00, 0x00, 0x00, 0x00, 0x00, 0x00, 0x00, 0x00,
    0x00, 0x00, 0x00, 0x00, 0x00, 0x00, 0x00, 0x00, 0x00, 0x00, 0x00, 0x00, 0x00, 0x00, 0x00, 0x00,
    0x00, 0x00, 0x00, 0x00, 0x00, 0x00, 0x00, 0x00, 0x00, 0x00, 0x00, 0x00, 0x00, 0x00, 0x00, 0x00,
    0x00, 0x00, 0x00, 0x00, 0x00, 0x00, 0x00, 0x00, 0x00, 0x00, 0x00, 0x00, 0x00, 0x00, 0x00, 0x00,
    0x00, 0x00, 0x00, 0x00, 0x00, 0x00, 0x00, 0x00, 0x00, 0x00, 0x00, 0x00, 0x00, 0x00, 0x00, 0x00,
    0x00, 0x00, 0x00, 0x00, 0x00, 0x00, 0x00, 0x00, 0x00, 0x00, 0x00, 0x00, 0x00, 0x00, 0x00, 0x00,
    0x00, 0x00, 0x00, 0x00, 0x00, 0x00, 0x00, 0x00, 0x00, 0x00, 0x00, 0x00, 0x00, 0x00, 0x00, 0x00,
    0x00, 0x00, 0x00, 0x00, 0x00, 0x00, 0x00, 0x00, 0x00, 0x00, 0x00, 0x00, 0x00, 0x00, 0x00, 0x00,
    0x00, 0x00, 0x00, 0x00, 0x00, 0x00, 0x00, 0x00, 0x00, 0x00, 0x00, 0x00, 0x00, 0x00, 0x00, 0x00,
    0x00, 0x00, 0x00, 0x00, 0x00, 0x00, 0x00, 0x00, 0x00, 0x00, 0x00, 0x00, 0x00, 0x00, 0x00, 0x00,
    0x00, 0x00, 0x00, 0x00, 0x00, 0x00, 0x00, 0x00, 0x00, 0x00, 0x00, 0x00, 0x00, 0x00, 0x00, 0x00,
    0x00, 0x00, 0x00, 0x00, 0x00, 0x00, 0x00, 0x00, 0x00, 0x00, 0x00, 0x00, 0x00, 0x00, 0x00, 0x00,
    0x00, 0x00, 0x00, 0x00, 0x00, 0x00, 0x00, 0x00, 0x00, 0x00, 0x00, 0x00, 0x00, 0x00, 0x00, 0x00,
    0x00, 0x00, 0x00, 0x00, 0x00, 0x00, 0x00, 0x00, 0x00, 0x00, 0x00, 0x00, 0x05, 0xFF, 0x46, 0x03,
    0x11, 0x00, 0x58, 0x03, 0x88, 0x00, 0x00, 0x00, 0x00, 0x00, 0x00, 0x00, 0xFF, 0x00, 0x00, 0x00,
    0x00, 0x00, 0x00, 0x00, 0x00, 0x00, 0x00, 0x00, 0x00, 0x00, 0x00, 0x00, 0x00, 0x00, 0x00, 0x00,
    0x00, 0x00, 0x00, 0x00, 0x00, 0x00, 0x00, 0x00, 0x00, 0x00, 0x00, 0x00, 0x00, 0x00, 0x00, 0x00,
    0x00, 0x00, 0x00, 0x00, 0x00, 0x00, 0x00, 0x00, 0x00, 0x00, 0x00, 0x00, 0x00, 0x00, 0x00, 0x00,
    0x00, 0x00, 0x00, 0x00, 0x00, 0x00, 0x00, 0x00, 0x00, 0x00, 0x00, 0x00, 0x00, 0x00, 0x00, 0x00,
    0x00, 0x00, 0x00, 0x00, 0x00, 0x00, 0x00, 0x00, 0x00, 0x00, 0x00, 0x00, 0x00, 0x00, 0x00, 0x00,
    0x00, 0x00, 0x00, 0x00, 0x00, 0x00, 0x00, 0x00, 0x00, 0x00, 0x00, 0x00, 0x00, 0x00, 0x00, 0x00,
    0x00, 0x00, 0x00, 0x00, 0x00, 0x00, 0x00, 0x00, 0x00, 0x00, 0x00, 0x00, 0x00, 0x00, 0x00, 0x00,
    0x00, 0x00, 0x00, 0x00, 0x00, 0x00, 0x00, 0x00, 0x00, 0x00, 0x00, 0x00, 0x00, 0x00, 0x00, 0x00,
    0x00, 0x00, 0x00, 0x00, 0x00, 0x00, 0x00, 0x00, 0x00, 0x00, 0x00, 0x00, 0x00, 0x00, 0x00, 0x00,
    0x00, 0x00, 0x00, 0x00, 0x00, 0x00, 0x00, 0x00, 0x00, 0x00, 0x00, 0x00, 0x00, 0x00, 0x00, 0x00,
    0x00, 0x00, 0x00, 0x00, 0x00, 0x00, 0x00, 0x00, 0x00, 0x00, 0x00, 0x00, 0x00, 0x00, 0x00, 0x00,
    0x00, 0x00, 0x00, 0x00, 0x00, 0x00, 0x00, 0x00, 0x00, 0x00, 0x00, 0x00, 0x00, 0x00, 0x00, 0x00,
    0x00, 0x00, 0x00, 0x00, 0x00, 0x00, 0x00, 0x00, 0x00, 0x00, 0x00, 0x00, 0x00, 0x00, 0x00, 0x00,
    0x00, 0x00, 0x00, 0x00, 0x00, 0x00, 0x00, 0x00, 0x00, 0x00, 0x00, 0x00, 0x00, 0x00, 0x00, 0x00,
    0x00, 0x00, 0x00, 0x00, 0x00, 0x00, 0x00, 0x00, 0x00, 0x00, 0x00, 0x00, 0x00, 0x00, 0x00, 0x00,
    0x00, 0x00, 0x00, 0x00, 0x00, 0x00, 0x00, 0x00, 0x00, 0x00, 0x00, 0x00, 0x00, 0x00, 0x00, 0x00,
    0x00, 0x00, 0x00, 0x00, 0x00, 0x00, 0x00, 0x00, 0x00, 0x00, 0x00, 0x00, 0x00, 0x00, 0x00, 0x00,
    0x00, 0x00, 0x00, 0x00, 0x00, 0x00, 0x00, 0x00, 0x00, 0x00, 0x00, 0x00, 0x00, 0x00, 0x00, 0x00,
    0x00, 0x00, 0x00, 0x00, 0x00, 0x00, 0x00, 0x00, 0x00, 0x00, 0x00, 0x00, 0x00, 0x00, 0x4C, 0x65,
    0x20, 0x50, 0x6F, 0x72, 0x74, 0x65, 0x20, 0x64, 0x69, 0x20, 0x4B, 0x68, 0x61, 0x6E, 0x62, 0x61,
    0x6C, 0x69, 0x71, 0x00, 0x4C, 0x65, 0x20, 0x6D, 0x75, 0x72, 0x61, 0x20, 0x67, 0x69, 0x67, 0x61,
    0x6E, 0x74, 0x65, 0x73, 0x63, 0x68, 0x65, 0x20, 0x64, 0x69, 0x20, 0x4B, 0x68, 0x61, 0x6E, 0x62,
    0x61, 0x6C, 0x69, 0x71, 0x20, 0x28, 0x50, 0x65, 0x63, 0x68, 0x69, 0x6E, 0x6F, 0x29, 0x20, 0x73,
    0x69, 0x20, 0x69, 0x6E, 0x6E, 0x61, 0x6C, 0x7A, 0x61, 0x6E, 0x6F, 0x20, 0x73, 0x6F, 0x70, 0x72,
    0x61, 0x20, 0x6C, 0x61, 0x20, 0x70, 0x69, 0x61, 0x6E, 0x75, 0x72, 0x61, 0x2E, 0x20, 0x55, 0x66,
    0x66, 0x69, 0x63, 0x69, 0x61, 0x6C, 0x69, 0x20, 0x6D, 0x6F, 0x6E, 0x67, 0x6F, 0x6C, 0x69, 0x20,
    0x63, 0x6F, 0x6E, 0x20, 0x61, 0x72, 0x6D, 0x61, 0x74, 0x75, 0x72, 0x65, 0x20, 0x73, 0x63, 0x69,
    0x6E, 0x74, 0x69, 0x6C, 0x6C, 0x61, 0x6E, 0x74, 0x69, 0x20, 0x65, 0x20, 0x76, 0x65, 0x73, 0x74,
    0x69, 0x20, 0x64, 0x69, 0x20, 0x73, 0x65, 0x74, 0x61, 0x20, 0x63, 0x6F, 0x6E, 0x74, 0x72, 0x6F,
    0x6C, 0x6C, 0x61, 0x6E, 0x6F, 0x20, 0x69, 0x20, 0x70, 0x61, 0x73, 0x73, 0x61, 0x70, 0x6F, 0x72,
    0x74, 0x69, 0x20, 0x64, 0x27, 0x6F, 0x72, 0x6F, 0x20, 0x28, 0x50, 0x61, 0x69, 0x7A, 0x61, 0x29,
    0x20, 0x65, 0x20, 0x73, 0x63, 0x6F, 0x72, 0x74, 0x61, 0x6E, 0x6F, 0x20, 0x6C, 0x61, 0x20, 0x63,
    0x61, 0x72, 0x6F, 0x76, 0x61, 0x6E, 0x61, 0x20, 0x61, 0x74, 0x74, 0x72, 0x61, 0x76, 0x65, 0x72,
    0x73, 0x6F, 0x20, 0x6C, 0x65, 0x20, 0x76, 0x69, 0x65, 0x20, 0x70, 0x65, 0x72, 0x66, 0x65, 0x74,
    0x74, 0x61, 0x6D, 0x65, 0x6E, 0x74, 0x65, 0x20, 0x67, 0x65, 0x6F, 0x6D, 0x65, 0x74, 0x72, 0x69,
    0x63, 0x68, 0x65, 0x2E, 0x00, 0x50, 0x72, 0x65, 0x73, 0x65, 0x6E, 0x74, 0x61, 0x72, 0x73, 0x69,
    0x20, 0x61, 0x6C, 0x20, 0x50, 0x61, 0x6C, 0x61, 0x7A, 0x7A, 0x6F, 0x20, 0x64, 0x27, 0x49, 0x6E,
    0x76, 0x65, 0x72, 0x6E, 0x6F, 0x20, 0x64, 0x69, 0x20, 0x4B, 0x75, 0x62, 0x6C, 0x61, 0x69, 0x20,
    0x4B, 0x68, 0x61, 0x6E, 0x00, 0x49, 0x6C, 0x20, 0x50, 0x61, 0x6C, 0x61, 0x7A, 0x7A, 0x6F, 0x20,
    0x64, 0x69, 0x20, 0x47, 0x69, 0x61, 0x64, 0x61, 0x00, 0x4C, 0x61, 0x20, 0x73, 0x61, 0x6C, 0x61,
    0x20, 0x64, 0x65, 0x6C, 0x20, 0x74, 0x72, 0x6F, 0x6E, 0x6F, 0x20, 0x65, 0x20, 0x73, 0x74, 0x65,
    0x72, 0x6D, 0x69, 0x6E, 0x61, 0x74, 0x61, 0x3A, 0x20, 0x63, 0x6F, 0x6C, 0x6F, 0x6E, 0x6E, 0x65,
    0x20, 0x64, 0x6F, 0x72, 0x61, 0x74, 0x65, 0x20, 0x69, 0x6E, 0x74, 0x61, 0x67, 0x6C, 0x69, 0x61,
    0x74, 0x65, 0x20, 0x63, 0x6F, 0x6E, 0x20, 0x64, 0x72, 0x61, 0x67, 0x68, 0x69, 0x2C, 0x20, 0x6D,
    0x69, 0x6C, 0x6C, 0x65, 0x20, 0x64, 0x69, 0x67, 0x6E, 0x69, 0x74, 0x61, 0x72, 0x69, 0x20, 0x76,
    0x65, 0x73, 0x74, 0x69, 0x74, 0x69, 0x20, 0x64, 0x69, 0x20, 0x62, 0x72, 0x6F, 0x63, 0x63, 0x61,
    0x74, 0x6F, 0x20, 0x65, 0x20, 0x69, 0x6C, 0x20, 0x47, 0x72, 0x61, 0x6E, 0x20, 0x4B, 0x68, 0x61,
    0x6E, 0x20, 0x4B, 0x75, 0x62, 0x6C, 0x61, 0x69, 0x20, 0x61, 0x73, 0x73, 0x69, 0x73, 0x6F, 0x20,
    0x73, 0x75, 0x6C, 0x20, 0x74, 0x72, 0x6F, 0x6E, 0x6F, 0x20, 0x64, 0x69, 0x20, 0x67, 0x69, 0x61,
    0x64, 0x61, 0x2E, 0x20, 0x4D, 0x61, 0x72, 0x63, 0x6F, 0x20, 0x50, 0x6F, 0x6C, 0x6F, 0x20, 0x70,
    0x72, 0x65, 0x73, 0x65, 0x6E, 0x74, 0x61, 0x20, 0x6C, 0x65, 0x20, 0x6C, 0x65, 0x74, 0x74, 0x65,
    0x72, 0x65, 0x20, 0x70, 0x61, 0x70, 0x61, 0x6C, 0x69, 0x20, 0x65, 0x20, 0x69, 0x20, 0x64, 0x6F,
    0x6E, 0x69, 0x20, 0x76, 0x65, 0x6E, 0x65, 0x7A, 0x69, 0x61, 0x6E, 0x69, 0x2E, 0x00, 0x4F, 0x66,
    0x66, 0x72, 0x69, 0x72, 0x65, 0x20, 0x6C, 0x61, 0x20, 0x73, 0x65, 0x74, 0x61, 0x2C, 0x20, 0x6C,
    0x65, 0x20, 0x73, 0x70, 0x65, 0x7A, 0x69, 0x65, 0x20, 0x65, 0x20, 0x69, 0x20, 0x70, 0x61, 0x6E,
    0x6E, 0x69, 0x20, 0x76, 0x65, 0x6E, 0x65, 0x7A, 0x69, 0x61, 0x6E, 0x69, 0x00, 0x4F, 0x6E, 0x6F,
    0x72, 0x69, 0x20, 0x49, 0x6D, 0x70, 0x65, 0x72, 0x69, 0x61, 0x6C, 0x69, 0x00, 0x4B, 0x75, 0x62,
    0x6C, 0x61, 0x69, 0x20, 0x4B, 0x68, 0x61, 0x6E, 0x20, 0x73, 0x6F, 0x72, 0x72, 0x69, 0x64, 0x65,
    0x20, 0x63, 0x6F, 0x6E, 0x20, 0x62, 0x65, 0x6E, 0x65, 0x76, 0x6F, 0x6C, 0x65, 0x6E, 0x7A, 0x61,
    0x2E, 0x20, 0x27, 0x55, 0x6F, 0x6D, 0x69, 0x6E, 0x69, 0x20, 0x63, 0x6F, 0x72, 0x61, 0x67, 0x67,
    0x69, 0x6F, 0x73, 0x69, 0x20, 0x64, 0x61, 0x6C, 0x6C, 0x27, 0x65, 0x73, 0x74, 0x72, 0x65, 0x6D,
    0x6F, 0x20, 0x70, 0x6F, 0x6E, 0x65, 0x6E, 0x74, 0x65, 0x21, 0x20, 0x4C, 0x61, 0x20, 0x76, 0x6F,
    0x73, 0x74, 0x72, 0x61, 0x20, 0x63, 0x61, 0x72, 0x6F, 0x76, 0x61, 0x6E, 0x61, 0x20, 0x68, 0x61,
    0x20, 0x61, 0x74, 0x74, 0x72, 0x61, 0x76, 0x65, 0x72, 0x73, 0x61, 0x74, 0x6F, 0x20, 0x64, 0x65,
    0x73, 0x65, 0x72, 0x74, 0x69, 0x20, 0x65, 0x20, 0x6D, 0x6F, 0x6E, 0x74, 0x61, 0x67, 0x6E, 0x65,
    0x20, 0x73, 0x65, 0x6E, 0x7A, 0x61, 0x20, 0x6D, 0x61, 0x69, 0x20, 0x70, 0x69, 0x65, 0x67, 0x61,
    0x72, 0x73, 0x69, 0x2E, 0x20, 0x53, 0x61, 0x72, 0x65, 0x74, 0x65, 0x20, 0x61, 0x63, 0x63, 0x6F,
    0x6C, 0x74, 0x69, 0x20, 0x63, 0x6F, 0x6D, 0x65, 0x20, 0x63, 0x6F, 0x6E, 0x73, 0x69, 0x67, 0x6C,
    0x69, 0x65, 0x72, 0x69, 0x20, 0x69, 0x6D, 0x70, 0x65, 0x72, 0x69, 0x61, 0x6C, 0x69, 0x2E, 0x27,
    0x00, 0x41, 0x63, 0x63, 0x65, 0x74, 0x74, 0x61, 0x72, 0x65, 0x20, 0x6C, 0x27, 0x69, 0x6E, 0x63,
    0x61, 0x72, 0x69, 0x63, 0x6F, 0x20, 0x64, 0x65, 0x6C, 0x20, 0x47, 0x72, 0x61, 0x6E, 0x20, 0x4B,
    0x68, 0x61, 0x6E, 0x00, 0x56, 0x69, 0x61, 0x67, 0x67, 0x69, 0x6F, 0x20, 0x54, 0x72, 0x69, 0x6F,
    0x6E, 0x66, 0x61, 0x6C, 0x65, 0x00, 0x4C, 0x61, 0x20, 0x56, 0x69, 0x61, 0x20, 0x64, 0x65, 0x6C,
    0x6C, 0x61, 0x20, 0x53, 0x65, 0x74, 0x61, 0x20, 0x65, 0x20, 0x73, 0x74, 0x61, 0x74, 0x61, 0x20,
    0x63, 0x6F, 0x6E, 0x71, 0x75, 0x69, 0x73, 0x74, 0x61, 0x74, 0x61, 0x2E, 0x20, 0x44, 0x61, 0x6C,
    0x6C, 0x65, 0x20, 0x6C, 0x61, 0x67, 0x75, 0x6E, 0x65, 0x20, 0x64, 0x69, 0x20, 0x56, 0x65, 0x6E,
    0x65, 0x7A, 0x69, 0x61, 0x20, 0x66, 0x69, 0x6E, 0x6F, 0x20, 0x61, 0x6C, 0x20, 0x63, 0x75, 0x6F,
    0x72, 0x65, 0x20, 0x64, 0x65, 0x6C, 0x6C, 0x61, 0x20, 0x43, 0x69, 0x6E, 0x61, 0x20, 0x69, 0x6D,
    0x70, 0x65, 0x72, 0x69, 0x61, 0x6C, 0x65, 0x2C, 0x20, 0x6C, 0x61, 0x20, 0x74, 0x75, 0x61, 0x20,
    0x63, 0x61, 0x72, 0x6F, 0x76, 0x61, 0x6E, 0x61, 0x20, 0x65, 0x6E, 0x74, 0x72, 0x61, 0x20, 0x6E,
    0x65, 0x6C, 0x6C, 0x61, 0x20, 0x6C, 0x65, 0x67, 0x67, 0x65, 0x6E, 0x64, 0x61, 0x2E, 0x00
};

}  // namespace trail_bundled
